<?xml version = '1.0' encoding = 'UTF-8'?>
<Diagram class="oracle.dbtools.crest.swingui.multidimensional.DPVMultidimensional" name="SH_MD" id="7ACA0B60-236C-2F0C-4698-3634433551E9">
<createdBy>smharper</createdBy>
<modifiedBy>User</modifiedBy>
<createdTime>2011-01-07 09:09:44 UTC</createdTime>
<autoRoute>false</autoRoute>
<boxInbox>true</boxInbox>
<showLegend>false</showLegend>
<showLabels>false</showLabels>
<showRelAttributes>false</showRelAttributes>
<gridEnabled>false</gridEnabled>
<showGrid>false</showGrid>
<diagramColor>-1</diagramColor>
<display>false</display>
<notation>0</notation>
<compactDiagram class="oracle.dbtools.crest.swingui.multidimensional.DPVCompactMultidimentional" name="SH_MD - Compact Diagram" id="9A40C95D-72D2-3A27-1402-A68BD049C0ED">
<createdBy>smharper</createdBy>
<modifiedBy>User</modifiedBy>
<createdTime>2011-01-07 09:09:35 UTC</createdTime>
<autoRoute>false</autoRoute>
<boxInbox>true</boxInbox>
<showLegend>false</showLegend>
<showLabels>false</showLabels>
<showRelAttributes>false</showRelAttributes>
<gridEnabled>false</gridEnabled>
<showGrid>false</showGrid>
<diagramColor>-1</diagramColor>
<display>false</display>
<notation>0</notation>
<objectViews>
<OView class="oracle.dbtools.crest.swingui.multidimensional.TVLevel" oid="04637583-01DD-657A-CF84-F089DA898633" otype="Level" vid="57A98354-B6BE-853E-17A1-ECE2396F42B6">
<hideElementsInCurrentOnly>false</hideElementsInCurrentOnly>
<bounds x="808" y="220" width="89" height="30"/>
</OView>
<OView class="oracle.dbtools.crest.swingui.multidimensional.TVLevel" oid="0526F347-519B-BFC9-7577-C37E62401A3F" otype="Level" vid="03C32370-AE42-A0D2-876B-89C2EAC57AC3">
<hideElementsInCurrentOnly>false</hideElementsInCurrentOnly>
<bounds x="974" y="430" width="89" height="30"/>
</OView>
<OView class="oracle.dbtools.crest.swingui.multidimensional.TVLevel" oid="0B09A13C-469E-FD88-2AD2-9A0136F02E71" otype="Level" vid="00AF592B-8790-7B1E-FB2B-418578FC09B8">
<hideElementsInCurrentOnly>false</hideElementsInCurrentOnly>
<bounds x="674" y="360" width="80" height="30"/>
</OView>
<OView class="oracle.dbtools.crest.swingui.multidimensional.TVLevel" oid="1745AB27-E6B8-4F5F-D79C-046399814AD0" otype="Level" vid="55BBA0D8-494A-FC64-5CDE-2DA656E29BFE">
<hideElementsInCurrentOnly>false</hideElementsInCurrentOnly>
<bounds x="854" y="80" width="96" height="30"/>
</OView>
<OView class="oracle.dbtools.crest.swingui.multidimensional.TVLevel" oid="1DF56A2F-5FEB-27C8-8C82-90E55615986B" otype="Level" vid="EF675CE9-6156-CCF7-974F-6ED2A827B6EC">
<hideElementsInCurrentOnly>false</hideElementsInCurrentOnly>
<bounds x="997" y="290" width="117" height="30"/>
</OView>
<OView class="oracle.dbtools.crest.swingui.multidimensional.TVDimension" oid="2468E911-FD81-6349-B6DE-5F038F25B8F4" otype="Dimension" vid="7CCA6D99-3ADE-B6B0-C4C1-842E1BA3603B">
<hideElementsInCurrentOnly>false</hideElementsInCurrentOnly>
<bounds x="230" y="150" width="138" height="30"/>
</OView>
<OView class="oracle.dbtools.crest.swingui.multidimensional.TVLevel" oid="3C3377A0-2083-5999-DBFA-0BF1A6989455" otype="Level" vid="27947704-E314-A882-4755-04910958B15A">
<hideElementsInCurrentOnly>false</hideElementsInCurrentOnly>
<bounds x="1458" y="430" width="110" height="30"/>
</OView>
<OView class="oracle.dbtools.crest.swingui.multidimensional.TVDimension" oid="40733FCB-618C-61DB-5093-91B110AD008B" otype="Dimension" vid="76D517DA-8190-A8DD-8F53-AE48077D00A7">
<hideElementsInCurrentOnly>false</hideElementsInCurrentOnly>
<bounds x="230" y="395" width="131" height="30"/>
</OView>
<OView class="oracle.dbtools.crest.swingui.multidimensional.TVLevel" oid="42CA8DC0-2A8B-D819-1403-8C991BBAC87C" otype="Level" vid="90A3ADBF-2998-9A5D-0B46-E08E5BABA751">
<hideElementsInCurrentOnly>false</hideElementsInCurrentOnly>
<bounds x="824" y="290" width="103" height="30"/>
</OView>
<OView class="oracle.dbtools.crest.swingui.multidimensional.TVLevel" oid="4367EBFC-5AFF-0D29-D038-797BE5FD62AD" otype="Level" vid="5EAA2562-0C0D-6C77-C7CE-8363E129792E">
<hideElementsInCurrentOnly>false</hideElementsInCurrentOnly>
<bounds x="667" y="10" width="131" height="30"/>
</OView>
<OView class="oracle.dbtools.crest.swingui.multidimensional.TVLevel" oid="534A5CB4-C3E6-E70F-CC97-ED382BD5EDE2" otype="Level" vid="B30A2F96-DD13-6C8D-C192-8142D0F73050">
<hideElementsInCurrentOnly>false</hideElementsInCurrentOnly>
<bounds x="1306" y="430" width="82" height="30"/>
</OView>
<OView class="oracle.dbtools.crest.swingui.multidimensional.TVLevel" oid="5D389105-AB52-19C5-22D2-EFB0FF030D1E" otype="Level" vid="645EB501-E682-9122-9869-EA2D986C30A6">
<hideElementsInCurrentOnly>false</hideElementsInCurrentOnly>
<bounds x="658" y="290" width="96" height="30"/>
</OView>
<OView class="oracle.dbtools.crest.swingui.multidimensional.TVLevel" oid="626D2171-38DA-357B-BD61-0FAFBD55EED9" otype="Level" vid="C699BC93-EBFD-06F2-D2BA-70B4F7795D44">
<hideElementsInCurrentOnly>false</hideElementsInCurrentOnly>
<bounds x="845" y="150" width="96" height="30"/>
</OView>
<OView class="oracle.dbtools.crest.swingui.multidimensional.TVDimension" oid="65135D97-5344-791F-85AE-2D1F5C0EEA3B" otype="Dimension" vid="7CA68D20-13F9-B46C-0430-BA08F29AACCA">
<hideElementsInCurrentOnly>false</hideElementsInCurrentOnly>
<bounds x="230" y="255" width="103" height="30"/>
</OView>
<OView class="oracle.dbtools.crest.swingui.multidimensional.TVLevel" oid="6BEA9087-31E9-3091-28D5-A4D3D0A410E2" otype="Level" vid="EC899B2D-AD02-7CF4-06AA-154783A00806">
<hideElementsInCurrentOnly>false</hideElementsInCurrentOnly>
<bounds x="824" y="360" width="80" height="30"/>
</OView>
<OView class="oracle.dbtools.crest.swingui.multidimensional.TVDimension" oid="7697C54D-79B4-6F14-B226-E50EC7590AA6" otype="Dimension" vid="2FBAD308-0E3D-EF2E-8108-4AC1BD1EAC6D">
<hideElementsInCurrentOnly>false</hideElementsInCurrentOnly>
<bounds x="230" y="10" width="124" height="30"/>
</OView>
<OView class="oracle.dbtools.crest.swingui.multidimensional.TVDimension" oid="780C6672-16A6-2124-3FE7-21F6C5014035" otype="Dimension" vid="F75044B5-B62D-1F7F-2B68-F6098D1AB396">
<hideElementsInCurrentOnly>false</hideElementsInCurrentOnly>
<bounds x="230" y="80" width="124" height="30"/>
</OView>
<OView class="oracle.dbtools.crest.swingui.multidimensional.TVLevel" oid="7C310965-DB5F-4381-B4FE-4A7C21093055" otype="Level" vid="834E9484-2F13-71AB-5AA1-8E7738C21F6E">
<hideElementsInCurrentOnly>false</hideElementsInCurrentOnly>
<bounds x="658" y="220" width="80" height="30"/>
</OView>
<OView class="oracle.dbtools.crest.swingui.multidimensional.TVLevel" oid="83C2E0DB-3797-C38D-174F-6263816FE65C" otype="Level" vid="A3C088A9-8E9C-B1B6-234C-70A4F9D233E8">
<hideElementsInCurrentOnly>false</hideElementsInCurrentOnly>
<bounds x="667" y="80" width="117" height="30"/>
</OView>
<OView class="oracle.dbtools.crest.swingui.multidimensional.TVLevel" oid="85E28C5C-D5C5-5826-97F3-73CF4F1C9920" otype="Level" vid="5223486E-3CB7-8CA2-32F9-8343E3FD26C4">
<hideElementsInCurrentOnly>false</hideElementsInCurrentOnly>
<bounds x="508" y="220" width="80" height="30"/>
</OView>
<OView class="oracle.dbtools.crest.swingui.multidimensional.TVLevel" oid="88F09BD9-29D5-B89D-16DD-6090B802988B" otype="Level" vid="EC260E9B-D12E-F8EF-7371-0BAF3EC1ACD7">
<hideElementsInCurrentOnly>false</hideElementsInCurrentOnly>
<bounds x="508" y="150" width="80" height="30"/>
</OView>
<OView class="oracle.dbtools.crest.swingui.multidimensional.TVLevel" oid="89C2E9B9-A47B-A6DD-21F3-2DF3F436BC8E" otype="Level" vid="EB249C4B-2B74-3C34-8AB4-D0189F6AA6B7">
<hideElementsInCurrentOnly>false</hideElementsInCurrentOnly>
<bounds x="508" y="360" width="96" height="30"/>
</OView>
<OView class="oracle.dbtools.crest.swingui.multidimensional.TVLevel" oid="89CA2761-D193-5F58-1D43-2AF1692604A3" otype="Level" vid="E11893D1-AEDB-8022-F6F3-ACFCFCF18966">
<hideElementsInCurrentOnly>false</hideElementsInCurrentOnly>
<bounds x="508" y="80" width="89" height="30"/>
</OView>
<OView class="oracle.dbtools.crest.swingui.multidimensional.TVLevel" oid="8CA0E9BB-27B9-726C-D139-47A27E647754" otype="Level" vid="2A7E8B9A-071B-CE98-49CE-3B81A76A7945">
<hideElementsInCurrentOnly>false</hideElementsInCurrentOnly>
<bounds x="1133" y="430" width="103" height="30"/>
</OView>
<OView class="oracle.dbtools.crest.swingui.multidimensional.TVLevel" oid="9B41BA28-4F86-8010-01D8-722E7B4547C6" otype="Level" vid="36718BB9-3BBE-8B5C-AEB0-5DF5D40F64C9">
<hideElementsInCurrentOnly>false</hideElementsInCurrentOnly>
<bounds x="1020" y="80" width="110" height="30"/>
</OView>
<OView class="oracle.dbtools.crest.swingui.multidimensional.TVLevel" oid="9E2C9ECE-8500-B808-D6A7-B45796F44B4F" otype="Level" vid="158C2A77-8F33-4707-A823-5314DB943676">
<hideElementsInCurrentOnly>false</hideElementsInCurrentOnly>
<bounds x="1011" y="150" width="117" height="30"/>
</OView>
<OView class="oracle.dbtools.crest.swingui.multidimensional.TVLevel" oid="B0452568-6836-9E89-75EE-DA30408BDB1D" otype="Level" vid="ADB1AE19-47FE-7077-E051-B8AD22A3C327">
<hideElementsInCurrentOnly>false</hideElementsInCurrentOnly>
<bounds x="658" y="150" width="117" height="30"/>
</OView>
<OView class="oracle.dbtools.crest.swingui.multidimensional.TVLevel" oid="C240EDFC-619A-3C19-257D-C8FDB5F20711" otype="Level" vid="47E308DA-FAE4-F10C-B09D-83A81ADA3295">
<hideElementsInCurrentOnly>false</hideElementsInCurrentOnly>
<bounds x="967" y="220" width="80" height="30"/>
</OView>
<OView class="oracle.dbtools.crest.swingui.multidimensional.TVLevel" oid="DC5EE8C3-49B0-D5FD-F213-2A7266B79999" otype="Level" vid="62C19A2B-ABCF-A300-FECE-F22C0EFD735F">
<hideElementsInCurrentOnly>false</hideElementsInCurrentOnly>
<bounds x="868" y="10" width="131" height="30"/>
</OView>
<OView class="oracle.dbtools.crest.swingui.multidimensional.TVLevel" oid="DC816819-8909-DFB0-63DD-E6C6A5BBC52D" otype="Level" vid="6977AD28-BF6B-3CCB-A918-2C4388A26E0D">
<hideElementsInCurrentOnly>false</hideElementsInCurrentOnly>
<bounds x="1184" y="290" width="96" height="30"/>
</OView>
<OView class="oracle.dbtools.crest.swingui.multidimensional.TVLevel" oid="E021941E-36BE-D41E-6D11-A5A5E3110432" otype="Level" vid="196010FD-27AB-DD74-627F-3A41221F5C3E">
<hideElementsInCurrentOnly>false</hideElementsInCurrentOnly>
<bounds x="508" y="10" width="89" height="30"/>
</OView>
<OView class="oracle.dbtools.crest.swingui.multidimensional.TVCube" oid="E2B3A296-6366-90AD-FC3C-2C5E63569238" otype="Cube" vid="49C05927-10A8-EAF5-7CFE-5B7A31A492CC">
<hideElementsInCurrentOnly>false</hideElementsInCurrentOnly>
<bounds x="10" y="125" width="80" height="80"/>
</OView>
<OView class="oracle.dbtools.crest.swingui.multidimensional.TVCube" oid="EC7AD005-6D61-D368-52B9-84128E6C52C2" otype="Cube" vid="C1956BEE-45C9-F3B4-E95E-5854E40154BB">
<hideElementsInCurrentOnly>false</hideElementsInCurrentOnly>
<bounds x="10" y="370" width="80" height="80"/>
</OView>
<OView class="oracle.dbtools.crest.swingui.multidimensional.TVLevel" oid="F3D46DC6-A313-8508-816D-9DF66977DF7D" otype="Level" vid="20135FDD-FB29-B218-ABC5-9251E27E5A81">
<hideElementsInCurrentOnly>false</hideElementsInCurrentOnly>
<bounds x="974" y="360" width="110" height="30"/>
</OView>
</objectViews>
<connectors>
<Connector class="oracle.dbtools.crest.swingui.multidimensional.TVLink" oid="074CCCD2-9BD0-DD41-5364-EB9B569758BD" otype="Link" vid_source="55BBA0D8-494A-FC64-5CDE-2DA656E29BFE" vid_target="36718BB9-3BBE-8B5C-AEB0-5DF5D40F64C9">
<hideElementsInCurrentOnly>false</hideElementsInCurrentOnly>
<backgroundColor>-16776961</backgroundColor>
<lineWidth>1</lineWidth>
<points>
<point x="950" y="110"/>
<point x="1020" y="110"/>
</points>
</Connector>
<Connector class="oracle.dbtools.crest.swingui.multidimensional.TVLink" oid="18F03195-D9E5-8987-52D5-01E9A5F6D1FB" otype="Link" vid_source="C1956BEE-45C9-F3B4-E95E-5854E40154BB" vid_target="F75044B5-B62D-1F7F-2B68-F6098D1AB396">
<hideElementsInCurrentOnly>false</hideElementsInCurrentOnly>
<backgroundColor>-16776961</backgroundColor>
<lineWidth>1</lineWidth>
<points>
<point x="90" y="370"/>
<point x="292" y="110"/>
</points>
</Connector>
<Connector class="oracle.dbtools.crest.swingui.multidimensional.TVLink" oid="18FA3149-4A92-EC40-EF00-A7C5C28C1AA0" otype="Link" vid_source="7CCA6D99-3ADE-B6B0-C4C1-842E1BA3603B" vid_target="EC260E9B-D12E-F8EF-7371-0BAF3EC1ACD7">
<hideElementsInCurrentOnly>false</hideElementsInCurrentOnly>
<backgroundColor>-16776961</backgroundColor>
<lineWidth>1</lineWidth>
<points>
<point x="368" y="165"/>
<point x="508" y="180"/>
</points>
</Connector>
<Connector class="oracle.dbtools.crest.swingui.multidimensional.TVLink" oid="1B76D631-D309-9F99-2C65-8A6C1CB52542" otype="Link" vid_source="49C05927-10A8-EAF5-7CFE-5B7A31A492CC" vid_target="7CA68D20-13F9-B46C-0430-BA08F29AACCA">
<hideElementsInCurrentOnly>false</hideElementsInCurrentOnly>
<backgroundColor>-16776961</backgroundColor>
<lineWidth>1</lineWidth>
<points>
<point x="90" y="205"/>
<point x="281" y="255"/>
</points>
</Connector>
<Connector class="oracle.dbtools.crest.swingui.multidimensional.TVLink" oid="1CE1E6EC-0FBC-1A53-1E8B-761A0D18B295" otype="Link" vid_source="F75044B5-B62D-1F7F-2B68-F6098D1AB396" vid_target="E11893D1-AEDB-8022-F6F3-ACFCFCF18966">
<hideElementsInCurrentOnly>false</hideElementsInCurrentOnly>
<backgroundColor>-16776961</backgroundColor>
<lineWidth>1</lineWidth>
<points>
<point x="354" y="95"/>
<point x="508" y="110"/>
</points>
</Connector>
<Connector class="oracle.dbtools.crest.swingui.multidimensional.TVLink" oid="233BA5FA-693C-D317-D45B-723831CEFCFA" otype="Link" vid_source="EC260E9B-D12E-F8EF-7371-0BAF3EC1ACD7" vid_target="ADB1AE19-47FE-7077-E051-B8AD22A3C327">
<hideElementsInCurrentOnly>false</hideElementsInCurrentOnly>
<backgroundColor>-16776961</backgroundColor>
<lineWidth>1</lineWidth>
<points>
<point x="588" y="180"/>
<point x="658" y="180"/>
</points>
</Connector>
<Connector class="oracle.dbtools.crest.swingui.multidimensional.TVLink" oid="27EFE5D0-BE07-0E88-A7F7-A6FEB0519C29" otype="Link" vid_source="EB249C4B-2B74-3C34-8AB4-D0189F6AA6B7" vid_target="00AF592B-8790-7B1E-FB2B-418578FC09B8">
<hideElementsInCurrentOnly>false</hideElementsInCurrentOnly>
<backgroundColor>-16776961</backgroundColor>
<lineWidth>1</lineWidth>
<points>
<point x="604" y="390"/>
<point x="674" y="390"/>
</points>
</Connector>
<Connector class="oracle.dbtools.crest.swingui.multidimensional.TVLink" oid="2CE9A4F0-3BD8-346E-58C4-D7C92C7B6827" otype="Link" vid_source="49C05927-10A8-EAF5-7CFE-5B7A31A492CC" vid_target="2FBAD308-0E3D-EF2E-8108-4AC1BD1EAC6D">
<hideElementsInCurrentOnly>false</hideElementsInCurrentOnly>
<backgroundColor>-16776961</backgroundColor>
<lineWidth>1</lineWidth>
<points>
<point x="90" y="125"/>
<point x="292" y="40"/>
</points>
</Connector>
<Connector class="oracle.dbtools.crest.swingui.multidimensional.TVLink" oid="2D6364A7-E09B-B2BE-7848-3989362AAD4B" otype="Link" vid_source="C699BC93-EBFD-06F2-D2BA-70B4F7795D44" vid_target="158C2A77-8F33-4707-A823-5314DB943676">
<hideElementsInCurrentOnly>false</hideElementsInCurrentOnly>
<backgroundColor>-16776961</backgroundColor>
<lineWidth>1</lineWidth>
<points>
<point x="941" y="180"/>
<point x="1011" y="180"/>
</points>
</Connector>
<Connector class="oracle.dbtools.crest.swingui.multidimensional.TVLink" oid="323B56B5-6173-D8EC-C3A9-5252BEB8CF42" otype="Link" vid_source="2A7E8B9A-071B-CE98-49CE-3B81A76A7945" vid_target="B30A2F96-DD13-6C8D-C192-8142D0F73050">
<hideElementsInCurrentOnly>false</hideElementsInCurrentOnly>
<backgroundColor>-16776961</backgroundColor>
<lineWidth>1</lineWidth>
<points>
<point x="1236" y="460"/>
<point x="1306" y="460"/>
</points>
</Connector>
<Connector class="oracle.dbtools.crest.swingui.multidimensional.TVLink" oid="3B4A6546-90A7-8BE2-0BFF-E90AE6130044" otype="Link" vid_source="49C05927-10A8-EAF5-7CFE-5B7A31A492CC" vid_target="F75044B5-B62D-1F7F-2B68-F6098D1AB396">
<hideElementsInCurrentOnly>false</hideElementsInCurrentOnly>
<backgroundColor>-16776961</backgroundColor>
<lineWidth>1</lineWidth>
<points>
<point x="90" y="195"/>
<point x="292" y="110"/>
</points>
</Connector>
<Connector class="oracle.dbtools.crest.swingui.multidimensional.TVLink" oid="3B957D66-307A-5427-6651-27F703460AA5" otype="Link" vid_source="00AF592B-8790-7B1E-FB2B-418578FC09B8" vid_target="EC899B2D-AD02-7CF4-06AA-154783A00806">
<hideElementsInCurrentOnly>false</hideElementsInCurrentOnly>
<backgroundColor>-16776961</backgroundColor>
<lineWidth>1</lineWidth>
<points>
<point x="754" y="390"/>
<point x="824" y="390"/>
</points>
</Connector>
<Connector class="oracle.dbtools.crest.swingui.multidimensional.TVLink" oid="3E3882CE-73BD-36E1-A459-EF48283605F7" otype="Link" vid_source="A3C088A9-8E9C-B1B6-234C-70A4F9D233E8" vid_target="55BBA0D8-494A-FC64-5CDE-2DA656E29BFE">
<hideElementsInCurrentOnly>false</hideElementsInCurrentOnly>
<backgroundColor>-16776961</backgroundColor>
<lineWidth>1</lineWidth>
<points>
<point x="784" y="110"/>
<point x="854" y="110"/>
</points>
</Connector>
<Connector class="oracle.dbtools.crest.swingui.multidimensional.TVLink" oid="4A616C2E-0350-49E5-88CB-7AACED1AD7C8" otype="Link" vid_source="ADB1AE19-47FE-7077-E051-B8AD22A3C327" vid_target="C699BC93-EBFD-06F2-D2BA-70B4F7795D44">
<hideElementsInCurrentOnly>false</hideElementsInCurrentOnly>
<backgroundColor>-16776961</backgroundColor>
<lineWidth>1</lineWidth>
<points>
<point x="775" y="180"/>
<point x="845" y="180"/>
</points>
</Connector>
<Connector class="oracle.dbtools.crest.swingui.multidimensional.TVLink" oid="4BC0A9B8-48A2-53DA-8DB7-DEFD3034BA43" otype="Link" vid_source="C1956BEE-45C9-F3B4-E95E-5854E40154BB" vid_target="76D517DA-8190-A8DD-8F53-AE48077D00A7">
<hideElementsInCurrentOnly>false</hideElementsInCurrentOnly>
<backgroundColor>-16776961</backgroundColor>
<lineWidth>1</lineWidth>
<points>
<point x="90" y="447"/>
<point x="230" y="410"/>
</points>
</Connector>
<Connector class="oracle.dbtools.crest.swingui.multidimensional.TVLink" oid="4ED19362-CB67-100A-6A06-7A3869267716" otype="Link" vid_source="EC899B2D-AD02-7CF4-06AA-154783A00806" vid_target="03C32370-AE42-A0D2-876B-89C2EAC57AC3">
<hideElementsInCurrentOnly>false</hideElementsInCurrentOnly>
<backgroundColor>-16776961</backgroundColor>
<lineWidth>1</lineWidth>
<points>
<point x="904" y="390"/>
<point x="1050" y="430"/>
</points>
</Connector>
<Connector class="oracle.dbtools.crest.swingui.multidimensional.TVLink" oid="5B54B35A-4DA8-030F-A103-224DE2C78588" otype="Link" vid_source="645EB501-E682-9122-9869-EA2D986C30A6" vid_target="90A3ADBF-2998-9A5D-0B46-E08E5BABA751">
<hideElementsInCurrentOnly>false</hideElementsInCurrentOnly>
<backgroundColor>-16776961</backgroundColor>
<lineWidth>1</lineWidth>
<points>
<point x="754" y="320"/>
<point x="824" y="320"/>
</points>
</Connector>
<Connector class="oracle.dbtools.crest.swingui.multidimensional.TVLink" oid="656581E8-0969-F3F9-EE92-EAF9F5C5AC37" otype="Link" vid_source="EC899B2D-AD02-7CF4-06AA-154783A00806" vid_target="20135FDD-FB29-B218-ABC5-9251E27E5A81">
<hideElementsInCurrentOnly>false</hideElementsInCurrentOnly>
<backgroundColor>-16776961</backgroundColor>
<lineWidth>1</lineWidth>
<points>
<point x="904" y="390"/>
<point x="974" y="390"/>
</points>
</Connector>
<Connector class="oracle.dbtools.crest.swingui.multidimensional.TVLink" oid="65FBF0D1-7391-33C5-584C-EC8AF4EABB39" otype="Link" vid_source="834E9484-2F13-71AB-5AA1-8E7738C21F6E" vid_target="57A98354-B6BE-853E-17A1-ECE2396F42B6">
<hideElementsInCurrentOnly>false</hideElementsInCurrentOnly>
<backgroundColor>-16776961</backgroundColor>
<lineWidth>1</lineWidth>
<points>
<point x="738" y="250"/>
<point x="808" y="250"/>
</points>
</Connector>
<Connector class="oracle.dbtools.crest.swingui.multidimensional.TVLink" oid="6EBA50D5-9B46-6FF3-AC72-21D262828CDF" otype="Link" vid_source="76D517DA-8190-A8DD-8F53-AE48077D00A7" vid_target="EB249C4B-2B74-3C34-8AB4-D0189F6AA6B7">
<hideElementsInCurrentOnly>false</hideElementsInCurrentOnly>
<backgroundColor>-16776961</backgroundColor>
<lineWidth>1</lineWidth>
<points>
<point x="361" y="410"/>
<point x="508" y="390"/>
</points>
</Connector>
<Connector class="oracle.dbtools.crest.swingui.multidimensional.TVLink" oid="76AC3CB9-ADE5-C1CD-C436-AE22D5893E16" otype="Link" vid_source="5EAA2562-0C0D-6C77-C7CE-8363E129792E" vid_target="62C19A2B-ABCF-A300-FECE-F22C0EFD735F">
<hideElementsInCurrentOnly>false</hideElementsInCurrentOnly>
<backgroundColor>-16776961</backgroundColor>
<lineWidth>1</lineWidth>
<points>
<point x="798" y="40"/>
<point x="868" y="40"/>
</points>
</Connector>
<Connector class="oracle.dbtools.crest.swingui.multidimensional.TVLink" oid="77AAA896-BA92-90D4-C0D4-52F9129550E0" otype="Link" vid_source="C1956BEE-45C9-F3B4-E95E-5854E40154BB" vid_target="7CCA6D99-3ADE-B6B0-C4C1-842E1BA3603B">
<hideElementsInCurrentOnly>false</hideElementsInCurrentOnly>
<backgroundColor>-16776961</backgroundColor>
<lineWidth>1</lineWidth>
<points>
<point x="90" y="370"/>
<point x="299" y="180"/>
</points>
</Connector>
<Connector class="oracle.dbtools.crest.swingui.multidimensional.TVLink" oid="7D0B3E0D-3CC5-731F-C3CD-780E7BDB9486" otype="Link" vid_source="57A98354-B6BE-853E-17A1-ECE2396F42B6" vid_target="47E308DA-FAE4-F10C-B09D-83A81ADA3295">
<hideElementsInCurrentOnly>false</hideElementsInCurrentOnly>
<backgroundColor>-16776961</backgroundColor>
<lineWidth>1</lineWidth>
<points>
<point x="897" y="250"/>
<point x="967" y="250"/>
</points>
</Connector>
<Connector class="oracle.dbtools.crest.swingui.multidimensional.TVLink" oid="8847273A-ADFA-8A29-06D6-74A32C9C42CC" otype="Link" vid_source="C1956BEE-45C9-F3B4-E95E-5854E40154BB" vid_target="2FBAD308-0E3D-EF2E-8108-4AC1BD1EAC6D">
<hideElementsInCurrentOnly>false</hideElementsInCurrentOnly>
<backgroundColor>-16776961</backgroundColor>
<lineWidth>1</lineWidth>
<points>
<point x="90" y="370"/>
<point x="292" y="40"/>
</points>
</Connector>
<Connector class="oracle.dbtools.crest.swingui.multidimensional.TVLink" oid="8A13281D-7009-1FDB-BE2B-D041F4BC74B9" otype="Link" vid_source="E11893D1-AEDB-8022-F6F3-ACFCFCF18966" vid_target="A3C088A9-8E9C-B1B6-234C-70A4F9D233E8">
<hideElementsInCurrentOnly>false</hideElementsInCurrentOnly>
<backgroundColor>-16776961</backgroundColor>
<lineWidth>1</lineWidth>
<points>
<point x="597" y="110"/>
<point x="667" y="110"/>
</points>
</Connector>
<Connector class="oracle.dbtools.crest.swingui.multidimensional.TVLink" oid="94CB4C48-F8AA-8FAB-D05D-D8BFE0B91105" otype="Link" vid_source="C1956BEE-45C9-F3B4-E95E-5854E40154BB" vid_target="7CA68D20-13F9-B46C-0430-BA08F29AACCA">
<hideElementsInCurrentOnly>false</hideElementsInCurrentOnly>
<backgroundColor>-16776961</backgroundColor>
<lineWidth>1</lineWidth>
<points>
<point x="90" y="370"/>
<point x="281" y="285"/>
</points>
</Connector>
<Connector class="oracle.dbtools.crest.swingui.multidimensional.TVLink" oid="9CCC5354-2743-7CDE-316E-AF40F3A742AC" otype="Link" vid_source="2FBAD308-0E3D-EF2E-8108-4AC1BD1EAC6D" vid_target="196010FD-27AB-DD74-627F-3A41221F5C3E">
<hideElementsInCurrentOnly>false</hideElementsInCurrentOnly>
<backgroundColor>-16776961</backgroundColor>
<lineWidth>1</lineWidth>
<points>
<point x="354" y="25"/>
<point x="508" y="40"/>
</points>
</Connector>
<Connector class="oracle.dbtools.crest.swingui.multidimensional.TVLink" oid="AA5A62FA-8356-7708-9491-1B13576CBCD9" otype="Link" vid_source="03C32370-AE42-A0D2-876B-89C2EAC57AC3" vid_target="2A7E8B9A-071B-CE98-49CE-3B81A76A7945">
<hideElementsInCurrentOnly>false</hideElementsInCurrentOnly>
<backgroundColor>-16776961</backgroundColor>
<lineWidth>1</lineWidth>
<points>
<point x="1063" y="460"/>
<point x="1133" y="460"/>
</points>
</Connector>
<Connector class="oracle.dbtools.crest.swingui.multidimensional.TVLink" oid="AE96BA0D-2073-B20F-6683-AB128AF57AB6" otype="Link" vid_source="5223486E-3CB7-8CA2-32F9-8343E3FD26C4" vid_target="645EB501-E682-9122-9869-EA2D986C30A6">
<hideElementsInCurrentOnly>false</hideElementsInCurrentOnly>
<backgroundColor>-16776961</backgroundColor>
<lineWidth>1</lineWidth>
<points>
<point x="588" y="250"/>
<point x="741" y="290"/>
</points>
</Connector>
<Connector class="oracle.dbtools.crest.swingui.multidimensional.TVLink" oid="AF0D70DD-9D3B-1FD1-22AD-9C90B7235619" otype="Link" vid_source="B30A2F96-DD13-6C8D-C192-8142D0F73050" vid_target="27947704-E314-A882-4755-04910958B15A">
<hideElementsInCurrentOnly>false</hideElementsInCurrentOnly>
<backgroundColor>-16776961</backgroundColor>
<lineWidth>1</lineWidth>
<points>
<point x="1388" y="460"/>
<point x="1458" y="460"/>
</points>
</Connector>
<Connector class="oracle.dbtools.crest.swingui.multidimensional.TVLink" oid="B2117B00-20A6-FC7B-C1D8-3BB61D498526" otype="Link" vid_source="7CA68D20-13F9-B46C-0430-BA08F29AACCA" vid_target="5223486E-3CB7-8CA2-32F9-8343E3FD26C4">
<hideElementsInCurrentOnly>false</hideElementsInCurrentOnly>
<backgroundColor>-16776961</backgroundColor>
<lineWidth>1</lineWidth>
<points>
<point x="333" y="270"/>
<point x="508" y="250"/>
</points>
</Connector>
<Connector class="oracle.dbtools.crest.swingui.multidimensional.TVLink" oid="BDABB3FF-4645-8ECC-8D55-543119A974B6" otype="Link" vid_source="90A3ADBF-2998-9A5D-0B46-E08E5BABA751" vid_target="EF675CE9-6156-CCF7-974F-6ED2A827B6EC">
<hideElementsInCurrentOnly>false</hideElementsInCurrentOnly>
<backgroundColor>-16776961</backgroundColor>
<lineWidth>1</lineWidth>
<points>
<point x="927" y="320"/>
<point x="997" y="320"/>
</points>
</Connector>
<Connector class="oracle.dbtools.crest.swingui.multidimensional.TVLink" oid="CA3755FE-5200-35C4-57A0-0384375A7273" otype="Link" vid_source="196010FD-27AB-DD74-627F-3A41221F5C3E" vid_target="5EAA2562-0C0D-6C77-C7CE-8363E129792E">
<hideElementsInCurrentOnly>false</hideElementsInCurrentOnly>
<backgroundColor>-16776961</backgroundColor>
<lineWidth>1</lineWidth>
<points>
<point x="597" y="40"/>
<point x="667" y="40"/>
</points>
</Connector>
<Connector class="oracle.dbtools.crest.swingui.multidimensional.TVLink" oid="E6672ECB-B1CA-BA71-C31E-2E3811A88300" otype="Link" vid_source="49C05927-10A8-EAF5-7CFE-5B7A31A492CC" vid_target="7CCA6D99-3ADE-B6B0-C4C1-842E1BA3603B">
<hideElementsInCurrentOnly>false</hideElementsInCurrentOnly>
<backgroundColor>-16776961</backgroundColor>
<lineWidth>1</lineWidth>
<points>
<point x="90" y="188"/>
<point x="230" y="165"/>
</points>
</Connector>
<Connector class="oracle.dbtools.crest.swingui.multidimensional.TVLink" oid="EDCAFCBE-2F59-2326-FB4F-82BC1EAC7274" otype="Link" vid_source="5223486E-3CB7-8CA2-32F9-8343E3FD26C4" vid_target="834E9484-2F13-71AB-5AA1-8E7738C21F6E">
<hideElementsInCurrentOnly>false</hideElementsInCurrentOnly>
<backgroundColor>-16776961</backgroundColor>
<lineWidth>1</lineWidth>
<points>
<point x="588" y="250"/>
<point x="658" y="250"/>
</points>
</Connector>
<Connector class="oracle.dbtools.crest.swingui.multidimensional.TVLink" oid="F16087D2-CBA3-6BFD-13DF-3E13786E2AEB" otype="Link" vid_source="EF675CE9-6156-CCF7-974F-6ED2A827B6EC" vid_target="6977AD28-BF6B-3CCB-A918-2C4388A26E0D">
<hideElementsInCurrentOnly>false</hideElementsInCurrentOnly>
<backgroundColor>-16776961</backgroundColor>
<lineWidth>1</lineWidth>
<points>
<point x="1114" y="320"/>
<point x="1184" y="320"/>
</points>
</Connector>
</connectors>
</compactDiagram>
<objectViews>
<OView class="oracle.dbtools.crest.swingui.multidimensional.TVLevel" oid="04637583-01DD-657A-CF84-F089DA898633" otype="Level" vid="1892F2C8-D0B3-6826-285D-42BB6BFB1F8F">
<hideElementsInCurrentOnly>false</hideElementsInCurrentOnly>
<bounds x="1118" y="630" width="167" height="118"/>
</OView>
<OView class="oracle.dbtools.crest.swingui.multidimensional.TVLevel" oid="0526F347-519B-BFC9-7577-C37E62401A3F" otype="Level" vid="67283103-5FD7-9D76-A459-00AD32EA7E63">
<hideElementsInCurrentOnly>false</hideElementsInCurrentOnly>
<bounds x="1347" y="1041" width="167" height="90"/>
</OView>
<OView class="oracle.dbtools.crest.swingui.multidimensional.TVLevel" oid="0B09A13C-469E-FD88-2AD2-9A0136F02E71" otype="Level" vid="77BA0D6A-9B8A-63CF-9BE4-8797DE57B7D7">
<hideElementsInCurrentOnly>false</hideElementsInCurrentOnly>
<bounds x="861" y="935" width="167" height="75"/>
</OView>
<OView class="oracle.dbtools.crest.swingui.multidimensional.TVLevel" oid="1745AB27-E6B8-4F5F-D79C-046399814AD0" otype="Level" vid="D6EAD413-6529-C9CC-38B4-9CA43F1EF5C5">
<hideElementsInCurrentOnly>false</hideElementsInCurrentOnly>
<bounds x="1119" y="43" width="167" height="169"/>
</OView>
<OView class="oracle.dbtools.crest.swingui.multidimensional.TVLevel" oid="1DF56A2F-5FEB-27C8-8C82-90E55615986B" otype="Level" vid="7F31DCDE-5AA9-4E67-9552-75F4EA0EF87F">
<hideElementsInCurrentOnly>false</hideElementsInCurrentOnly>
<bounds x="1343" y="781" width="167" height="118"/>
</OView>
<OView class="oracle.dbtools.crest.swingui.multidimensional.TVDimension" oid="2468E911-FD81-6349-B6DE-5F038F25B8F4" otype="Dimension" vid="F7AEF20C-E2D1-01AC-BBB0-6BBCDBEECCDA">
<hideElementsInCurrentOnly>false</hideElementsInCurrentOnly>
<bounds x="358" y="493" width="131" height="33"/>
</OView>
<OView class="oracle.dbtools.crest.swingui.multidimensional.TVLevel" oid="3C3377A0-2083-5999-DBFA-0BF1A6989455" otype="Level" vid="1048B0EB-3873-1FC7-07F7-A64D1D17BE6E">
<hideElementsInCurrentOnly>false</hideElementsInCurrentOnly>
<bounds x="2071" y="1041" width="167" height="90"/>
</OView>
<OView class="oracle.dbtools.crest.swingui.multidimensional.TVDimension" oid="40733FCB-618C-61DB-5093-91B110AD008B" otype="Dimension" vid="AD620AF1-32E8-6793-89AF-F1F5F6F5FB02">
<hideElementsInCurrentOnly>false</hideElementsInCurrentOnly>
<bounds x="358" y="1028" width="131" height="33"/>
</OView>
<OView class="oracle.dbtools.crest.swingui.multidimensional.TVLevel" oid="42CA8DC0-2A8B-D819-1403-8C991BBAC87C" otype="Level" vid="A288FB3D-76AA-7D12-6F92-2F1C6CFB33FD">
<hideElementsInCurrentOnly>false</hideElementsInCurrentOnly>
<bounds x="1118" y="781" width="167" height="130"/>
</OView>
<OView class="oracle.dbtools.crest.swingui.multidimensional.TVLevel" oid="4367EBFC-5AFF-0D29-D038-797BE5FD62AD" otype="Level" vid="37961B66-B067-3704-4DC1-DB7679F11D0B">
<hideElementsInCurrentOnly>false</hideElementsInCurrentOnly>
<bounds x="861" y="254" width="167" height="82"/>
</OView>
<OView class="oracle.dbtools.crest.swingui.multidimensional.TVLevel" oid="534A5CB4-C3E6-E70F-CC97-ED382BD5EDE2" otype="Level" vid="CB9FCE9E-38DE-2ADE-1996-CA1DCA4B625E">
<hideElementsInCurrentOnly>false</hideElementsInCurrentOnly>
<bounds x="1841" y="1041" width="167" height="90"/>
</OView>
<OView class="oracle.dbtools.crest.swingui.multidimensional.TVLevel" oid="5D389105-AB52-19C5-22D2-EFB0FF030D1E" otype="Level" vid="933623FA-32B3-1C18-A052-5533CEFEA0F5">
<hideElementsInCurrentOnly>false</hideElementsInCurrentOnly>
<bounds x="860" y="781" width="167" height="118"/>
</OView>
<OView class="oracle.dbtools.crest.swingui.multidimensional.TVLevel" oid="626D2171-38DA-357B-BD61-0FAFBD55EED9" otype="Level" vid="18146322-335A-4C0B-9C55-0DDE8C50AF06">
<hideElementsInCurrentOnly>false</hideElementsInCurrentOnly>
<bounds x="1119" y="469" width="167" height="74"/>
</OView>
<OView class="oracle.dbtools.crest.swingui.multidimensional.TVDimension" oid="65135D97-5344-791F-85AE-2D1F5C0EEA3B" otype="Dimension" vid="F4FFB55A-0143-1BE5-D788-02730B93FA6B">
<hideElementsInCurrentOnly>false</hideElementsInCurrentOnly>
<bounds x="341" y="639" width="131" height="40"/>
</OView>
<OView class="oracle.dbtools.crest.swingui.multidimensional.TVLevel" oid="6BEA9087-31E9-3091-28D5-A4D3D0A410E2" otype="Level" vid="D8A572DB-D599-6D8F-4D2B-B5E74342D225">
<hideElementsInCurrentOnly>false</hideElementsInCurrentOnly>
<bounds x="1119" y="935" width="167" height="103"/>
</OView>
<OView class="oracle.dbtools.crest.swingui.multidimensional.TVDimension" oid="7697C54D-79B4-6F14-B226-E50EC7590AA6" otype="Dimension" vid="464DB16D-F67A-F2A2-A5CC-E5CE47285874">
<hideElementsInCurrentOnly>false</hideElementsInCurrentOnly>
<bounds x="358" y="254" width="163" height="41"/>
</OView>
<OView class="oracle.dbtools.crest.swingui.multidimensional.TVDimension" oid="780C6672-16A6-2124-3FE7-21F6C5014035" otype="Dimension" vid="0B2AE6D5-6AF0-9CB6-61FF-76FBBD59E3A0">
<hideElementsInCurrentOnly>false</hideElementsInCurrentOnly>
<bounds x="358" y="71" width="131" height="31"/>
</OView>
<OView class="oracle.dbtools.crest.swingui.multidimensional.TVLevel" oid="7C310965-DB5F-4381-B4FE-4A7C21093055" otype="Level" vid="74D9C36C-16A2-3239-D4E2-CE74DCD53E00">
<hideElementsInCurrentOnly>false</hideElementsInCurrentOnly>
<bounds x="860" y="628" width="167" height="123"/>
</OView>
<OView class="oracle.dbtools.crest.swingui.multidimensional.TVLevel" oid="83C2E0DB-3797-C38D-174F-6263816FE65C" otype="Level" vid="950222B6-47E3-3498-6FD0-AD73B5407CAA">
<hideElementsInCurrentOnly>false</hideElementsInCurrentOnly>
<bounds x="861" y="43" width="167" height="169"/>
</OView>
<OView class="oracle.dbtools.crest.swingui.multidimensional.TVLevel" oid="85E28C5C-D5C5-5826-97F3-73CF4F1C9920" otype="Level" vid="D97038D8-1640-3628-C4F6-878CB454B021">
<hideElementsInCurrentOnly>false</hideElementsInCurrentOnly>
<bounds x="603" y="630" width="167" height="124"/>
</OView>
<OView class="oracle.dbtools.crest.swingui.multidimensional.TVLevel" oid="88F09BD9-29D5-B89D-16DD-6090B802988B" otype="Level" vid="E874AE5C-1C2D-2723-B59C-93680A91AA2B">
<hideElementsInCurrentOnly>false</hideElementsInCurrentOnly>
<bounds x="604" y="469" width="167" height="115"/>
</OView>
<OView class="oracle.dbtools.crest.swingui.multidimensional.TVLevel" oid="89C2E9B9-A47B-A6DD-21F3-2DF3F436BC8E" otype="Level" vid="D0655A5A-859F-A2F5-E46F-2170E2EB8230">
<hideElementsInCurrentOnly>false</hideElementsInCurrentOnly>
<bounds x="604" y="935" width="167" height="215"/>
</OView>
<OView class="oracle.dbtools.crest.swingui.multidimensional.TVLevel" oid="89CA2761-D193-5F58-1D43-2AF1692604A3" otype="Level" vid="1E83DFC7-15F8-2491-3C65-A2D61C82336A">
<hideElementsInCurrentOnly>false</hideElementsInCurrentOnly>
<bounds x="604" y="43" width="167" height="169"/>
</OView>
<OView class="oracle.dbtools.crest.swingui.multidimensional.TVLevel" oid="8CA0E9BB-27B9-726C-D139-47A27E647754" otype="Level" vid="CE11414F-4152-75F4-3552-FC137B0BA936">
<hideElementsInCurrentOnly>false</hideElementsInCurrentOnly>
<bounds x="1590" y="1041" width="167" height="90"/>
</OView>
<OView class="oracle.dbtools.crest.swingui.multidimensional.TVLevel" oid="9B41BA28-4F86-8010-01D8-722E7B4547C6" otype="Level" vid="B851CFCB-DBC6-1530-3C27-7A04B2C6D206">
<hideElementsInCurrentOnly>false</hideElementsInCurrentOnly>
<bounds x="1344" y="43" width="167" height="169"/>
</OView>
<OView class="oracle.dbtools.crest.swingui.multidimensional.TVLevel" oid="9E2C9ECE-8500-B808-D6A7-B45796F44B4F" otype="Level" vid="63F88A5C-FDA0-10F3-8E53-C1B4DE78C8F7">
<hideElementsInCurrentOnly>false</hideElementsInCurrentOnly>
<bounds x="1344" y="469" width="167" height="74"/>
</OView>
<OView class="oracle.dbtools.crest.swingui.multidimensional.TVLevel" oid="B0452568-6836-9E89-75EE-DA30408BDB1D" otype="Level" vid="2F80EEF2-E714-7928-A72D-5B2DAED72762">
<hideElementsInCurrentOnly>false</hideElementsInCurrentOnly>
<bounds x="861" y="469" width="167" height="74"/>
</OView>
<OView class="oracle.dbtools.crest.swingui.multidimensional.TVLevel" oid="C240EDFC-619A-3C19-257D-C8FDB5F20711" otype="Level" vid="E9947357-6891-9A3C-98FA-1062FC7EEAF9">
<hideElementsInCurrentOnly>false</hideElementsInCurrentOnly>
<bounds x="1343" y="630" width="167" height="118"/>
</OView>
<OView class="oracle.dbtools.crest.swingui.multidimensional.TVLevel" oid="DC5EE8C3-49B0-D5FD-F213-2A7266B79999" otype="Level" vid="C7A76F9E-1C89-A027-97B8-754C7C28E71F">
<hideElementsInCurrentOnly>false</hideElementsInCurrentOnly>
<bounds x="1119" y="254" width="167" height="82"/>
</OView>
<OView class="oracle.dbtools.crest.swingui.multidimensional.TVLevel" oid="DC816819-8909-DFB0-63DD-E6C6A5BBC52D" otype="Level" vid="0E0B510E-C188-36BC-4218-B49C31D97637">
<hideElementsInCurrentOnly>false</hideElementsInCurrentOnly>
<bounds x="1586" y="781" width="167" height="118"/>
</OView>
<OView class="oracle.dbtools.crest.swingui.multidimensional.TVLevel" oid="E021941E-36BE-D41E-6D11-A5A5E3110432" otype="Level" vid="444BA263-D908-67C9-C269-9EABF09C5C4A">
<hideElementsInCurrentOnly>false</hideElementsInCurrentOnly>
<bounds x="604" y="254" width="167" height="82"/>
</OView>
<OView class="oracle.dbtools.crest.swingui.multidimensional.TVCube" oid="E2B3A296-6366-90AD-FC3C-2C5E63569238" otype="Cube" vid="F54BB203-3098-0D7C-86F2-461801D56706">
<hideElementsInCurrentOnly>false</hideElementsInCurrentOnly>
<bounds x="70" y="252" width="216" height="141"/>
</OView>
<OView class="oracle.dbtools.crest.swingui.multidimensional.TVCube" oid="EC7AD005-6D61-D368-52B9-84128E6C52C2" otype="Cube" vid="4E7B8944-BDEC-4DAA-5619-829C34789236">
<hideElementsInCurrentOnly>false</hideElementsInCurrentOnly>
<bounds x="20" y="892" width="237" height="170"/>
</OView>
<OView class="oracle.dbtools.crest.swingui.multidimensional.TVLevel" oid="F3D46DC6-A313-8508-816D-9DF66977DF7D" otype="Level" vid="10D03FB5-43EC-4778-87F4-D3E2EF9D2B88">
<hideElementsInCurrentOnly>false</hideElementsInCurrentOnly>
<bounds x="1344" y="935" width="167" height="75"/>
</OView>
</objectViews>
<connectors>
<Connector class="oracle.dbtools.crest.swingui.multidimensional.TVLink" oid="074CCCD2-9BD0-DD41-5364-EB9B569758BD" otype="Link" vid_source="D6EAD413-6529-C9CC-38B4-9CA43F1EF5C5" vid_target="B851CFCB-DBC6-1530-3C27-7A04B2C6D206">
<hideElementsInCurrentOnly>false</hideElementsInCurrentOnly>
<backgroundColor>-16776961</backgroundColor>
<lineWidth>1</lineWidth>
<points>
<point x="1286" y="78"/>
<point x="1344" y="78"/>
</points>
</Connector>
<Connector class="oracle.dbtools.crest.swingui.multidimensional.TVLink" oid="18F03195-D9E5-8987-52D5-01E9A5F6D1FB" otype="Link" vid_source="4E7B8944-BDEC-4DAA-5619-829C34789236" vid_target="0B2AE6D5-6AF0-9CB6-61FF-76FBBD59E3A0">
<hideElementsInCurrentOnly>false</hideElementsInCurrentOnly>
<backgroundColor>-16776961</backgroundColor>
<lineWidth>1</lineWidth>
<points>
<point x="60" y="892"/>
<point x="60" y="80"/>
<point x="358" y="80"/>
</points>
</Connector>
<Connector class="oracle.dbtools.crest.swingui.multidimensional.TVLink" oid="18FA3149-4A92-EC40-EF00-A7C5C28C1AA0" otype="Link" vid_source="F7AEF20C-E2D1-01AC-BBB0-6BBCDBEECCDA" vid_target="E874AE5C-1C2D-2723-B59C-93680A91AA2B">
<hideElementsInCurrentOnly>false</hideElementsInCurrentOnly>
<backgroundColor>-16776961</backgroundColor>
<lineWidth>1</lineWidth>
<points>
<point x="489" y="509"/>
<point x="604" y="509"/>
</points>
</Connector>
<Connector class="oracle.dbtools.crest.swingui.multidimensional.TVLink" oid="1B76D631-D309-9F99-2C65-8A6C1CB52542" otype="Link" vid_source="F54BB203-3098-0D7C-86F2-461801D56706" vid_target="F4FFB55A-0143-1BE5-D788-02730B93FA6B">
<hideElementsInCurrentOnly>false</hideElementsInCurrentOnly>
<backgroundColor>-16776961</backgroundColor>
<lineWidth>1</lineWidth>
<points>
<point x="151" y="393"/>
<point x="151" y="651"/>
<point x="341" y="651"/>
</points>
</Connector>
<Connector class="oracle.dbtools.crest.swingui.multidimensional.TVLink" oid="1CE1E6EC-0FBC-1A53-1E8B-761A0D18B295" otype="Link" vid_source="0B2AE6D5-6AF0-9CB6-61FF-76FBBD59E3A0" vid_target="1E83DFC7-15F8-2491-3C65-A2D61C82336A">
<hideElementsInCurrentOnly>false</hideElementsInCurrentOnly>
<backgroundColor>-16776961</backgroundColor>
<lineWidth>1</lineWidth>
<points>
<point x="489" y="86"/>
<point x="604" y="86"/>
</points>
</Connector>
<Connector class="oracle.dbtools.crest.swingui.multidimensional.TVLink" oid="233BA5FA-693C-D317-D45B-723831CEFCFA" otype="Link" vid_source="E874AE5C-1C2D-2723-B59C-93680A91AA2B" vid_target="2F80EEF2-E714-7928-A72D-5B2DAED72762">
<hideElementsInCurrentOnly>false</hideElementsInCurrentOnly>
<backgroundColor>-16776961</backgroundColor>
<lineWidth>1</lineWidth>
<points>
<point x="771" y="506"/>
<point x="861" y="506"/>
</points>
</Connector>
<Connector class="oracle.dbtools.crest.swingui.multidimensional.TVLink" oid="27EFE5D0-BE07-0E88-A7F7-A6FEB0519C29" otype="Link" vid_source="D0655A5A-859F-A2F5-E46F-2170E2EB8230" vid_target="77BA0D6A-9B8A-63CF-9BE4-8797DE57B7D7">
<hideElementsInCurrentOnly>false</hideElementsInCurrentOnly>
<backgroundColor>-16776961</backgroundColor>
<lineWidth>1</lineWidth>
<points>
<point x="771" y="972"/>
<point x="861" y="972"/>
</points>
</Connector>
<Connector class="oracle.dbtools.crest.swingui.multidimensional.TVLink" oid="2CE9A4F0-3BD8-346E-58C4-D7C92C7B6827" otype="Link" vid_source="F54BB203-3098-0D7C-86F2-461801D56706" vid_target="464DB16D-F67A-F2A2-A5CC-E5CE47285874">
<hideElementsInCurrentOnly>false</hideElementsInCurrentOnly>
<backgroundColor>-16776961</backgroundColor>
<lineWidth>1</lineWidth>
<points>
<point x="286" y="280"/>
<point x="358" y="280"/>
</points>
</Connector>
<Connector class="oracle.dbtools.crest.swingui.multidimensional.TVLink" oid="2D6364A7-E09B-B2BE-7848-3989362AAD4B" otype="Link" vid_source="18146322-335A-4C0B-9C55-0DDE8C50AF06" vid_target="63F88A5C-FDA0-10F3-8E53-C1B4DE78C8F7">
<hideElementsInCurrentOnly>false</hideElementsInCurrentOnly>
<backgroundColor>-16776961</backgroundColor>
<lineWidth>1</lineWidth>
<points>
<point x="1286" y="506"/>
<point x="1344" y="506"/>
</points>
</Connector>
<Connector class="oracle.dbtools.crest.swingui.multidimensional.TVLink" oid="323B56B5-6173-D8EC-C3A9-5252BEB8CF42" otype="Link" vid_source="CE11414F-4152-75F4-3552-FC137B0BA936" vid_target="CB9FCE9E-38DE-2ADE-1996-CA1DCA4B625E">
<hideElementsInCurrentOnly>false</hideElementsInCurrentOnly>
<backgroundColor>-16776961</backgroundColor>
<lineWidth>1</lineWidth>
<points>
<point x="1757" y="1086"/>
<point x="1841" y="1086"/>
</points>
</Connector>
<Connector class="oracle.dbtools.crest.swingui.multidimensional.TVLink" oid="3B4A6546-90A7-8BE2-0BFF-E90AE6130044" otype="Link" vid_source="F54BB203-3098-0D7C-86F2-461801D56706" vid_target="0B2AE6D5-6AF0-9CB6-61FF-76FBBD59E3A0">
<hideElementsInCurrentOnly>false</hideElementsInCurrentOnly>
<backgroundColor>-16776961</backgroundColor>
<lineWidth>1</lineWidth>
<points>
<point x="140" y="252"/>
<point x="140" y="91"/>
<point x="358" y="91"/>
</points>
</Connector>
<Connector class="oracle.dbtools.crest.swingui.multidimensional.TVLink" oid="3B957D66-307A-5427-6651-27F703460AA5" otype="Link" vid_source="77BA0D6A-9B8A-63CF-9BE4-8797DE57B7D7" vid_target="D8A572DB-D599-6D8F-4D2B-B5E74342D225">
<hideElementsInCurrentOnly>false</hideElementsInCurrentOnly>
<backgroundColor>-16776961</backgroundColor>
<lineWidth>1</lineWidth>
<points>
<point x="1028" y="972"/>
<point x="1119" y="972"/>
</points>
</Connector>
<Connector class="oracle.dbtools.crest.swingui.multidimensional.TVLink" oid="3E3882CE-73BD-36E1-A459-EF48283605F7" otype="Link" vid_source="950222B6-47E3-3498-6FD0-AD73B5407CAA" vid_target="D6EAD413-6529-C9CC-38B4-9CA43F1EF5C5">
<hideElementsInCurrentOnly>false</hideElementsInCurrentOnly>
<backgroundColor>-16776961</backgroundColor>
<lineWidth>1</lineWidth>
<points>
<point x="1028" y="85"/>
<point x="1119" y="85"/>
</points>
</Connector>
<Connector class="oracle.dbtools.crest.swingui.multidimensional.TVLink" oid="4A616C2E-0350-49E5-88CB-7AACED1AD7C8" otype="Link" vid_source="2F80EEF2-E714-7928-A72D-5B2DAED72762" vid_target="18146322-335A-4C0B-9C55-0DDE8C50AF06">
<hideElementsInCurrentOnly>false</hideElementsInCurrentOnly>
<backgroundColor>-16776961</backgroundColor>
<lineWidth>1</lineWidth>
<points>
<point x="1028" y="506"/>
<point x="1119" y="506"/>
</points>
</Connector>
<Connector class="oracle.dbtools.crest.swingui.multidimensional.TVLink" oid="4BC0A9B8-48A2-53DA-8DB7-DEFD3034BA43" otype="Link" vid_source="4E7B8944-BDEC-4DAA-5619-829C34789236" vid_target="AD620AF1-32E8-6793-89AF-F1F5F6F5FB02">
<hideElementsInCurrentOnly>false</hideElementsInCurrentOnly>
<backgroundColor>-16776961</backgroundColor>
<lineWidth>1</lineWidth>
<points>
<point x="257" y="1044"/>
<point x="358" y="1044"/>
</points>
</Connector>
<Connector class="oracle.dbtools.crest.swingui.multidimensional.TVLink" oid="4ED19362-CB67-100A-6A06-7A3869267716" otype="Link" vid_source="D8A572DB-D599-6D8F-4D2B-B5E74342D225" vid_target="67283103-5FD7-9D76-A459-00AD32EA7E63">
<hideElementsInCurrentOnly>false</hideElementsInCurrentOnly>
<backgroundColor>-16776961</backgroundColor>
<lineWidth>1</lineWidth>
<points>
<point x="1210" y="1038"/>
<point x="1210" y="1100"/>
<point x="1347" y="1100"/>
</points>
</Connector>
<Connector class="oracle.dbtools.crest.swingui.multidimensional.TVLink" oid="5B54B35A-4DA8-030F-A103-224DE2C78588" otype="Link" vid_source="933623FA-32B3-1C18-A052-5533CEFEA0F5" vid_target="A288FB3D-76AA-7D12-6F92-2F1C6CFB33FD">
<hideElementsInCurrentOnly>false</hideElementsInCurrentOnly>
<backgroundColor>-16776961</backgroundColor>
<lineWidth>1</lineWidth>
<points>
<point x="1027" y="840"/>
<point x="1118" y="840"/>
</points>
</Connector>
<Connector class="oracle.dbtools.crest.swingui.multidimensional.TVLink" oid="656581E8-0969-F3F9-EE92-EAF9F5C5AC37" otype="Link" vid_source="D8A572DB-D599-6D8F-4D2B-B5E74342D225" vid_target="10D03FB5-43EC-4778-87F4-D3E2EF9D2B88">
<hideElementsInCurrentOnly>false</hideElementsInCurrentOnly>
<backgroundColor>-16776961</backgroundColor>
<lineWidth>1</lineWidth>
<points>
<point x="1286" y="972"/>
<point x="1344" y="972"/>
</points>
</Connector>
<Connector class="oracle.dbtools.crest.swingui.multidimensional.TVLink" oid="65FBF0D1-7391-33C5-584C-EC8AF4EABB39" otype="Link" vid_source="74D9C36C-16A2-3239-D4E2-CE74DCD53E00" vid_target="1892F2C8-D0B3-6826-285D-42BB6BFB1F8F">
<hideElementsInCurrentOnly>false</hideElementsInCurrentOnly>
<backgroundColor>-16776961</backgroundColor>
<lineWidth>1</lineWidth>
<points>
<point x="1027" y="689"/>
<point x="1118" y="689"/>
</points>
</Connector>
<Connector class="oracle.dbtools.crest.swingui.multidimensional.TVLink" oid="6EBA50D5-9B46-6FF3-AC72-21D262828CDF" otype="Link" vid_source="AD620AF1-32E8-6793-89AF-F1F5F6F5FB02" vid_target="D0655A5A-859F-A2F5-E46F-2170E2EB8230">
<hideElementsInCurrentOnly>false</hideElementsInCurrentOnly>
<backgroundColor>-16776961</backgroundColor>
<lineWidth>1</lineWidth>
<points>
<point x="489" y="1044"/>
<point x="604" y="1044"/>
</points>
</Connector>
<Connector class="oracle.dbtools.crest.swingui.multidimensional.TVLink" oid="76AC3CB9-ADE5-C1CD-C436-AE22D5893E16" otype="Link" vid_source="37961B66-B067-3704-4DC1-DB7679F11D0B" vid_target="C7A76F9E-1C89-A027-97B8-754C7C28E71F">
<hideElementsInCurrentOnly>false</hideElementsInCurrentOnly>
<backgroundColor>-16776961</backgroundColor>
<lineWidth>1</lineWidth>
<points>
<point x="1028" y="291"/>
<point x="1090" y="291"/>
<point x="1119" y="291"/>
</points>
</Connector>
<Connector class="oracle.dbtools.crest.swingui.multidimensional.TVLink" oid="77AAA896-BA92-90D4-C0D4-52F9129550E0" otype="Link" vid_source="4E7B8944-BDEC-4DAA-5619-829C34789236" vid_target="F7AEF20C-E2D1-01AC-BBB0-6BBCDBEECCDA">
<hideElementsInCurrentOnly>false</hideElementsInCurrentOnly>
<backgroundColor>-16776961</backgroundColor>
<lineWidth>1</lineWidth>
<points>
<point x="257" y="940"/>
<point x="480" y="940"/>
<point x="480" y="526"/>
</points>
</Connector>
<Connector class="oracle.dbtools.crest.swingui.multidimensional.TVLink" oid="7D0B3E0D-3CC5-731F-C3CD-780E7BDB9486" otype="Link" vid_source="1892F2C8-D0B3-6826-285D-42BB6BFB1F8F" vid_target="E9947357-6891-9A3C-98FA-1062FC7EEAF9">
<hideElementsInCurrentOnly>false</hideElementsInCurrentOnly>
<backgroundColor>-16776961</backgroundColor>
<lineWidth>1</lineWidth>
<points>
<point x="1285" y="689"/>
<point x="1343" y="689"/>
</points>
</Connector>
<Connector class="oracle.dbtools.crest.swingui.multidimensional.TVLink" oid="8847273A-ADFA-8A29-06D6-74A32C9C42CC" otype="Link" vid_source="4E7B8944-BDEC-4DAA-5619-829C34789236" vid_target="464DB16D-F67A-F2A2-A5CC-E5CE47285874">
<hideElementsInCurrentOnly>false</hideElementsInCurrentOnly>
<backgroundColor>-16776961</backgroundColor>
<lineWidth>1</lineWidth>
<points>
<point x="257" y="991"/>
<point x="511" y="991"/>
<point x="511" y="295"/>
</points>
</Connector>
<Connector class="oracle.dbtools.crest.swingui.multidimensional.TVLink" oid="8A13281D-7009-1FDB-BE2B-D041F4BC74B9" otype="Link" vid_source="1E83DFC7-15F8-2491-3C65-A2D61C82336A" vid_target="950222B6-47E3-3498-6FD0-AD73B5407CAA">
<hideElementsInCurrentOnly>false</hideElementsInCurrentOnly>
<backgroundColor>-16776961</backgroundColor>
<lineWidth>1</lineWidth>
<points>
<point x="771" y="85"/>
<point x="861" y="85"/>
</points>
</Connector>
<Connector class="oracle.dbtools.crest.swingui.multidimensional.TVLink" oid="94CB4C48-F8AA-8FAB-D05D-D8BFE0B91105" otype="Link" vid_source="4E7B8944-BDEC-4DAA-5619-829C34789236" vid_target="F4FFB55A-0143-1BE5-D788-02730B93FA6B">
<hideElementsInCurrentOnly>false</hideElementsInCurrentOnly>
<backgroundColor>-16776961</backgroundColor>
<lineWidth>1</lineWidth>
<points>
<point x="151" y="892"/>
<point x="151" y="671"/>
<point x="341" y="671"/>
</points>
</Connector>
<Connector class="oracle.dbtools.crest.swingui.multidimensional.TVLink" oid="9CCC5354-2743-7CDE-316E-AF40F3A742AC" otype="Link" vid_source="464DB16D-F67A-F2A2-A5CC-E5CE47285874" vid_target="444BA263-D908-67C9-C269-9EABF09C5C4A">
<hideElementsInCurrentOnly>false</hideElementsInCurrentOnly>
<backgroundColor>-16776961</backgroundColor>
<lineWidth>1</lineWidth>
<points>
<point x="521" y="274"/>
<point x="604" y="274"/>
</points>
</Connector>
<Connector class="oracle.dbtools.crest.swingui.multidimensional.TVLink" oid="AA5A62FA-8356-7708-9491-1B13576CBCD9" otype="Link" vid_source="67283103-5FD7-9D76-A459-00AD32EA7E63" vid_target="CE11414F-4152-75F4-3552-FC137B0BA936">
<hideElementsInCurrentOnly>false</hideElementsInCurrentOnly>
<backgroundColor>-16776961</backgroundColor>
<lineWidth>1</lineWidth>
<points>
<point x="1514" y="1086"/>
<point x="1590" y="1086"/>
</points>
</Connector>
<Connector class="oracle.dbtools.crest.swingui.multidimensional.TVLink" oid="AE96BA0D-2073-B20F-6683-AB128AF57AB6" otype="Link" vid_source="D97038D8-1640-3628-C4F6-878CB454B021" vid_target="933623FA-32B3-1C18-A052-5533CEFEA0F5">
<hideElementsInCurrentOnly>false</hideElementsInCurrentOnly>
<backgroundColor>-16776961</backgroundColor>
<lineWidth>1</lineWidth>
<points>
<point x="720" y="754"/>
<point x="720" y="840"/>
<point x="860" y="840"/>
</points>
</Connector>
<Connector class="oracle.dbtools.crest.swingui.multidimensional.TVLink" oid="AF0D70DD-9D3B-1FD1-22AD-9C90B7235619" otype="Link" vid_source="CB9FCE9E-38DE-2ADE-1996-CA1DCA4B625E" vid_target="1048B0EB-3873-1FC7-07F7-A64D1D17BE6E">
<hideElementsInCurrentOnly>false</hideElementsInCurrentOnly>
<backgroundColor>-16776961</backgroundColor>
<lineWidth>1</lineWidth>
<points>
<point x="2008" y="1086"/>
<point x="2071" y="1086"/>
</points>
</Connector>
<Connector class="oracle.dbtools.crest.swingui.multidimensional.TVLink" oid="B2117B00-20A6-FC7B-C1D8-3BB61D498526" otype="Link" vid_source="F4FFB55A-0143-1BE5-D788-02730B93FA6B" vid_target="D97038D8-1640-3628-C4F6-878CB454B021">
<hideElementsInCurrentOnly>false</hideElementsInCurrentOnly>
<backgroundColor>-16776961</backgroundColor>
<lineWidth>1</lineWidth>
<points>
<point x="472" y="662"/>
<point x="534" y="662"/>
<point x="603" y="662"/>
</points>
</Connector>
<Connector class="oracle.dbtools.crest.swingui.multidimensional.TVLink" oid="BDABB3FF-4645-8ECC-8D55-543119A974B6" otype="Link" vid_source="A288FB3D-76AA-7D12-6F92-2F1C6CFB33FD" vid_target="7F31DCDE-5AA9-4E67-9552-75F4EA0EF87F">
<hideElementsInCurrentOnly>false</hideElementsInCurrentOnly>
<backgroundColor>-16776961</backgroundColor>
<lineWidth>1</lineWidth>
<points>
<point x="1285" y="840"/>
<point x="1343" y="840"/>
</points>
</Connector>
<Connector class="oracle.dbtools.crest.swingui.multidimensional.TVLink" oid="CA3755FE-5200-35C4-57A0-0384375A7273" otype="Link" vid_source="444BA263-D908-67C9-C269-9EABF09C5C4A" vid_target="37961B66-B067-3704-4DC1-DB7679F11D0B">
<hideElementsInCurrentOnly>false</hideElementsInCurrentOnly>
<backgroundColor>-16776961</backgroundColor>
<lineWidth>1</lineWidth>
<points>
<point x="771" y="291"/>
<point x="820" y="291"/>
<point x="861" y="291"/>
</points>
</Connector>
<Connector class="oracle.dbtools.crest.swingui.multidimensional.TVLink" oid="E6672ECB-B1CA-BA71-C31E-2E3811A88300" otype="Link" vid_source="F54BB203-3098-0D7C-86F2-461801D56706" vid_target="F7AEF20C-E2D1-01AC-BBB0-6BBCDBEECCDA">
<hideElementsInCurrentOnly>false</hideElementsInCurrentOnly>
<backgroundColor>-16776961</backgroundColor>
<lineWidth>1</lineWidth>
<points>
<point x="200" y="393"/>
<point x="200" y="511"/>
<point x="358" y="511"/>
</points>
</Connector>
<Connector class="oracle.dbtools.crest.swingui.multidimensional.TVLink" oid="EDCAFCBE-2F59-2326-FB4F-82BC1EAC7274" otype="Link" vid_source="D97038D8-1640-3628-C4F6-878CB454B021" vid_target="74D9C36C-16A2-3239-D4E2-CE74DCD53E00">
<hideElementsInCurrentOnly>false</hideElementsInCurrentOnly>
<backgroundColor>-16776961</backgroundColor>
<lineWidth>1</lineWidth>
<points>
<point x="770" y="680"/>
<point x="860" y="680"/>
</points>
</Connector>
<Connector class="oracle.dbtools.crest.swingui.multidimensional.TVLink" oid="F16087D2-CBA3-6BFD-13DF-3E13786E2AEB" otype="Link" vid_source="7F31DCDE-5AA9-4E67-9552-75F4EA0EF87F" vid_target="0E0B510E-C188-36BC-4218-B49C31D97637">
<hideElementsInCurrentOnly>false</hideElementsInCurrentOnly>
<backgroundColor>-16776961</backgroundColor>
<lineWidth>1</lineWidth>
<points>
<point x="1510" y="840"/>
<point x="1586" y="840"/>
</points>
</Connector>
</connectors>
</Diagram>