<?xml version = '1.0' encoding = 'UTF-8'?>
<Diagram class="oracle.dbtools.crest.swingui.relational.DPVRelational" name="HR_Relational Model" id="9A51992E-6BEA-D7F6-B94A-B5623FEC14C7">
   <createdBy>Administrator</createdBy>
   <createdTime>2009-06-20 11:00:25 UTC</createdTime>
   <changedBy>smharper</changedBy>
   <changedTime>2011-01-07 13:00:04 UTC</changedTime>
   <autoRoute>false</autoRoute>
   <boxInbox>false</boxInbox>
   <showLegend>true</showLegend>
   <showLabels>false</showLabels>
   <showGrid>false</showGrid>
   <diagramColor>-1</diagramColor>
   <legendPosX>730</legendPosX>
   <legendPosY>160</legendPosY>
   <display>false</display>
   <notation>1</notation>
   <objectViews>
      <OView class="oracle.dbtools.crest.swingui.relational.TVTable" oid="08A70725-8D8C-FDE5-9ABC-4C7EAF2AF162" otype="Table" vid="DCC3A449-0864-F273-6E70-2228B8932564">
         <bounds x="724" y="25" width="286" height="85"/>
      </OView>
      <OView class="oracle.dbtools.crest.swingui.relational.TVTable" oid="13556BE3-A519-858B-6CC2-E2C832741F57" otype="Table" vid="E5FD7078-CC79-5B11-4139-8792EB0DA499">
         <bounds x="426" y="540" width="286" height="99"/>
      </OView>
      <OView class="oracle.dbtools.crest.swingui.relational.TVTable" oid="21FFB2B6-7FE4-A57F-FFC1-A7C5D5442A2D" otype="Table" vid="AEA72D04-E242-39E3-771C-ACB8AF018148">
         <bounds x="1056" y="25" width="286" height="71"/>
      </OView>
      <OView class="oracle.dbtools.crest.swingui.TVNote" oid="29C7E531-C7F0-1739-3020-CDEC0441B85B" otype="Note" vid="AF8651ED-10AB-4B87-39DF-218360DFCB6C">
         <bounds x="574" y="281" width="237" height="80"/>
         <useDefaultColor>false</useDefaultColor>
         <backgroundColor>-3355393</backgroundColor>
      </OView>
      <OView class="oracle.dbtools.crest.swingui.relational.TVTable" oid="2F01554D-52FC-06CC-2354-41801BC283E7" otype="Table" vid="7DE51CCC-0145-0EB7-634F-412272CFB6BF">
         <bounds x="60" y="540" width="286" height="161"/>
      </OView>
      <OView class="oracle.dbtools.crest.swingui.relational.TVView" oid="348F6EFD-924E-D004-746F-62FF1339C616" otype="View" vid="001B586B-66BE-C2CE-67A2-2566BC2A113B">
         <bounds x="880" y="383" width="231" height="249"/>
      </OView>
      <OView class="oracle.dbtools.crest.swingui.relational.TVTable" oid="7EEDD746-F75D-AF7E-35E7-3316962DA22C" otype="Table" vid="18FC91BF-8ECC-203B-F12D-A753EF0D110B">
         <bounds x="60" y="25" width="286" height="113"/>
      </OView>
      <OView class="oracle.dbtools.crest.swingui.relational.TVTable" oid="7F9F1810-B04F-2188-81CF-B05B6FCE4D67" otype="Table" vid="DEE86DD3-DD1B-9F5C-67F7-834FF566C199">
         <bounds x="396" y="25" width="286" height="196"/>
      </OView>
      <OView class="oracle.dbtools.crest.swingui.relational.TVTable" oid="909FCD0F-1410-A06B-AFFB-CAD20B687AFE" otype="Table" vid="5B6F134D-1F77-B9F6-A358-440472BDBEFB">
         <bounds x="60" y="195" width="286" height="286"/>
      </OView>
   </objectViews>
   <connectors>
      <Connector class="oracle.dbtools.crest.swingui.relational.TVFKRelation" oid="36C05208-6E79-F913-61CA-E1BE8EE83079" otype="FKIndexAssociation" vid_source="E5FD7078-CC79-5B11-4139-8792EB0DA499" vid_target="7DE51CCC-0145-0EB7-634F-412272CFB6BF">
         <lineWidth>1</lineWidth>
         <points>
            <point x="426" y="589"/>
            <point x="346" y="589"/>
         </points>
      </Connector>
      <Connector class="oracle.dbtools.crest.swingui.relational.TVFKRelation" oid="3788F335-B075-CF3B-808E-8BDFF9345396" otype="FKIndexAssociation" vid_source="AEA72D04-E242-39E3-771C-ACB8AF018148" vid_target="DCC3A449-0864-F273-6E70-2228B8932564">
         <lineWidth>1</lineWidth>
         <points>
            <point x="1056" y="60"/>
            <point x="1010" y="60"/>
         </points>
      </Connector>
      <Connector class="oracle.dbtools.crest.swingui.relational.TVFKRelation" oid="39BED0AC-22C5-2EE4-E49F-C9304525BD92" otype="FKIndexAssociation" vid_source="18FC91BF-8ECC-203B-F12D-A753EF0D110B" vid_target="7DE51CCC-0145-0EB7-634F-412272CFB6BF">
         <lineWidth>1</lineWidth>
         <points>
            <point x="205" y="138"/>
            <point x="20" y="71"/>
            <point x="20" y="631"/>
            <point x="201" y="540"/>
         </points>
      </Connector>
      <Connector class="oracle.dbtools.crest.swingui.relational.TVFKRelation" oid="3C126847-8824-4E08-604E-24426112DB05" otype="FKIndexAssociation" vid_source="18FC91BF-8ECC-203B-F12D-A753EF0D110B" vid_target="5B6F134D-1F77-B9F6-A358-440472BDBEFB">
         <lineWidth>1</lineWidth>
         <points>
            <point x="220" y="138"/>
            <point x="220" y="195"/>
         </points>
      </Connector>
      <Connector class="oracle.dbtools.crest.swingui.relational.TVFKRelation" oid="45A76C93-6630-A51E-B3D1-EB8A5C3AA755" otype="FKIndexAssociation" vid_source="DCC3A449-0864-F273-6E70-2228B8932564" vid_target="DEE86DD3-DD1B-9F5C-67F7-834FF566C199">
         <lineWidth>1</lineWidth>
         <points>
            <point x="724" y="67"/>
            <point x="682" y="67"/>
         </points>
      </Connector>
      <Connector class="oracle.dbtools.crest.swingui.relational.TVFKRelation" oid="6D217E75-6BE9-D926-7A14-50B3102EBB76" otype="FKIndexAssociation" vid_source="5B6F134D-1F77-B9F6-A358-440472BDBEFB" vid_target="18FC91BF-8ECC-203B-F12D-A753EF0D110B">
         <lineWidth>1</lineWidth>
         <points>
            <point x="171" y="195"/>
            <point x="171" y="138"/>
         </points>
      </Connector>
      <Connector class="oracle.dbtools.crest.swingui.relational.TVFKRelation" oid="7128DFCD-8B32-8E43-0D31-D3B898210463" otype="FKIndexAssociation" vid_source="DEE86DD3-DD1B-9F5C-67F7-834FF566C199" vid_target="18FC91BF-8ECC-203B-F12D-A753EF0D110B">
         <lineWidth>1</lineWidth>
         <points>
            <point x="396" y="80"/>
            <point x="375" y="80"/>
            <point x="346" y="81"/>
         </points>
      </Connector>
      <Connector class="oracle.dbtools.crest.swingui.relational.TVFKRelation" oid="895DC9F7-B71F-39C3-AA12-A69FEF5F3B1E" otype="FKIndexAssociation" vid_source="E5FD7078-CC79-5B11-4139-8792EB0DA499" vid_target="5B6F134D-1F77-B9F6-A358-440472BDBEFB">
         <lineWidth>1</lineWidth>
         <points>
            <point x="569" y="540"/>
            <point x="541" y="319"/>
            <point x="346" y="388"/>
         </points>
      </Connector>
      <Connector class="oracle.dbtools.crest.swingui.relational.TVFKRelation" oid="B71C6BFD-4EFA-5B2B-33D6-40E78B4AE541" otype="FKIndexAssociation" vid_source="5B6F134D-1F77-B9F6-A358-440472BDBEFB" vid_target="5B6F134D-1F77-B9F6-A358-440472BDBEFB">
         <lineWidth>1</lineWidth>
         <points>
            <point x="203" y="195"/>
            <point x="361" y="338"/>
            <point x="361" y="496"/>
            <point x="203" y="496"/>
            <point x="203" y="195"/>
         </points>
      </Connector>
      <Connector class="oracle.dbtools.crest.swingui.relational.TVFKRelation" oid="DFEAA925-18D5-468A-1740-DA12947CDB00" otype="FKIndexAssociation" vid_source="5B6F134D-1F77-B9F6-A358-440472BDBEFB" vid_target="7DE51CCC-0145-0EB7-634F-412272CFB6BF">
         <lineWidth>1</lineWidth>
         <points>
            <point x="170" y="481"/>
            <point x="170" y="540"/>
         </points>
      </Connector>
   </connectors>
</Diagram>