<?xml version = '1.0' encoding = 'UTF-8'?>
<TriggerOraclev10g class="oracle.dbtools.crest.model.design.storage.oracle.v10g.TriggerOraclev10g" name="UPDATE_JOB_HISTORY" id="15F4DFDA-D114-7646-A043-D7867A92EF95" directorySegmentName="seg_0">
   <createdBy>smharper</createdBy>
   <createdTime>2011-01-07 12:40:48 UTC</createdTime>
   <changedBy>smharper</changedBy>
   <changedTime>2011-01-07 12:40:48 UTC</changedTime>
   <ownerDesignName>HR</ownerDesignName>
   <actions>UPDATE</actions>
   <body>BEGIN&amp;lt;br&amp;gt;  add_job_history(:old.employee_id, :old.hire_date, sysdate,&amp;lt;br&amp;gt;                  :old.job_id, :old.department_id);&amp;lt;br&amp;gt;END;</body>
   <triggerTime>AFTER</triggerTime>
   <columns>2D2F7AAE-C0ED-A6C2-92DA-6047B43EDF99, 0E8F1006-29F7-D87A-FB84-B0A95A8BAB16</columns>
   <owner>EE6F9ED6-58A2-321F-F2B4-F1A5C674FA95</owner>
   <table>909FCD0F-1410-A06B-AFFB-CAD20B687AFE</table>
</TriggerOraclev10g>