<?xml version = '1.0' encoding = 'UTF-8'?>
<TriggerOraclev10g class="oracle.dbtools.crest.model.design.storage.oracle.v10g.TriggerOraclev10g" name="SECURE_EMPLOYEES" id="9F5148A5-E4F3-AAEC-F960-D37EFA26615B" directorySegmentName="seg_0">
   <createdBy>smharper</createdBy>
   <createdTime>2011-01-07 12:40:48 UTC</createdTime>
   <changedBy>smharper</changedBy>
   <changedTime>2011-01-07 12:40:48 UTC</changedTime>
   <ownerDesignName>HR</ownerDesignName>
   <actions>INSERT, UPDATE, DELETE</actions>
   <body>BEGIN&amp;lt;br&amp;gt;  secure_dml;&amp;lt;br&amp;gt;END secure_employees;</body>
   <triggerTime>BEFORE</triggerTime>
   <owner>EE6F9ED6-58A2-321F-F2B4-F1A5C674FA95</owner>
   <table>909FCD0F-1410-A06B-AFFB-CAD20B687AFE</table>
</TriggerOraclev10g>