<?xml version = '1.0' encoding = 'UTF-8'?>
<RollupLink class="oracle.dbtools.crest.model.design.multidimensional.RollupLink" name="RollupLink_10" directorySegmentName="seg_0" id="0922077B-D82D-EBBE-E9CB-F9AA582DD35E">
<createdBy>pstoyano</createdBy>
<createdTime>2009-07-01 16:57:26 UTC</createdTime>
<ownerDesignName>all_schemas</ownerDesignName>
<nameInOracleAW>ROLLUPLINK_10</nameInOracleAW>
<childLevel>1745AB27-E6B8-4F5F-D79C-046399814AD0</childLevel>
<defaultAggregationOperator>SUM</defaultAggregationOperator>
<parentLevel>9B41BA28-4F86-8010-01D8-722E7B4547C6</parentLevel>
<rolePlaying>false</rolePlaying>
<sparseDimension>false</sparseDimension>
<link class="oracle.dbtools.crest.model.design.multidimensional.Link" name="Link_12" id="074CCCD2-9BD0-DD41-5364-EB9B569758BD">
<createdBy>pstoyano</createdBy>
<createdTime>2009-07-01 16:57:26 UTC</createdTime>
<ownerDesignName>all_schemas</ownerDesignName>
<nameInOracleAW>LINK_12</nameInOracleAW>
<rollupLink>0922077B-D82D-EBBE-E9CB-F9AA582DD35E</rollupLink>
<sourceMDObject>1745AB27-E6B8-4F5F-D79C-046399814AD0</sourceMDObject>
<targetMDObject>9B41BA28-4F86-8010-01D8-722E7B4547C6</targetMDObject>
</link>
</RollupLink>