<?xml version = '1.0' encoding = 'UTF-8'?>
<RollupLink class="oracle.dbtools.crest.model.design.multidimensional.RollupLink" name="RollupLink_30" directorySegmentName="seg_0" id="1ACA2BB8-6A00-BBB0-3503-0AFCAB63BDD7">
<createdBy>pstoyano</createdBy>
<createdTime>2009-07-01 16:57:26 UTC</createdTime>
<ownerDesignName>all_schemas</ownerDesignName>
<nameInOracleAW>ROLLUPLINK_30</nameInOracleAW>
<childLevel>EC7AD005-6D61-D368-52B9-84128E6C52C2</childLevel>
<defaultAggregationOperator>SUM</defaultAggregationOperator>
<factEntity>3551C5F8-1419-2440-0FD3-57D6D00B90DE</factEntity>
<parentLevel>2468E911-FD81-6349-B6DE-5F038F25B8F4</parentLevel>
<rolePlaying>false</rolePlaying>
<sparseDimension>false</sparseDimension>
<link class="oracle.dbtools.crest.model.design.multidimensional.Link" name="Link_35" id="77AAA896-BA92-90D4-C0D4-52F9129550E0">
<createdBy>pstoyano</createdBy>
<createdTime>2009-07-01 16:57:26 UTC</createdTime>
<ownerDesignName>all_schemas</ownerDesignName>
<nameInOracleAW>LINK_35</nameInOracleAW>
<rollupLink>1ACA2BB8-6A00-BBB0-3503-0AFCAB63BDD7</rollupLink>
<sourceMDObject>EC7AD005-6D61-D368-52B9-84128E6C52C2</sourceMDObject>
<targetMDObject>2468E911-FD81-6349-B6DE-5F038F25B8F4</targetMDObject>
</link>
<childToParentAttributes>
<joinAttribute>50E0F902-5469-47A2-4748-9AB897875F09</joinAttribute>
</childToParentAttributes>
</RollupLink>