<?xml version = '1.0' encoding = 'UTF-8'?>
<RollupLink class="oracle.dbtools.crest.model.design.multidimensional.RollupLink" name="RollupLink_25" directorySegmentName="seg_0" id="1C731C26-2DEE-9034-1425-B077C30B09E7">
<createdBy>pstoyano</createdBy>
<createdTime>2009-07-01 16:57:26 UTC</createdTime>
<ownerDesignName>all_schemas</ownerDesignName>
<nameInOracleAW>ROLLUPLINK_25</nameInOracleAW>
<childLevel>E2B3A296-6366-90AD-FC3C-2C5E63569238</childLevel>
<defaultAggregationOperator>SUM</defaultAggregationOperator>
<factEntity>20C8685B-C3BC-EF71-B9BC-6C994E6C4D21</factEntity>
<parentLevel>2468E911-FD81-6349-B6DE-5F038F25B8F4</parentLevel>
<rolePlaying>false</rolePlaying>
<sparseDimension>false</sparseDimension>
<link class="oracle.dbtools.crest.model.design.multidimensional.Link" name="Link_30" id="E6672ECB-B1CA-BA71-C31E-2E3811A88300">
<createdBy>pstoyano</createdBy>
<createdTime>2009-07-01 16:57:26 UTC</createdTime>
<ownerDesignName>all_schemas</ownerDesignName>
<nameInOracleAW>LINK_30</nameInOracleAW>
<rollupLink>1C731C26-2DEE-9034-1425-B077C30B09E7</rollupLink>
<sourceMDObject>E2B3A296-6366-90AD-FC3C-2C5E63569238</sourceMDObject>
<targetMDObject>2468E911-FD81-6349-B6DE-5F038F25B8F4</targetMDObject>
</link>
<childToParentAttributes>
<joinAttribute>035D18F5-1F67-9EEE-3390-4F30BDE4221C</joinAttribute>
</childToParentAttributes>
</RollupLink>