<?xml version = '1.0' encoding = 'UTF-8'?>
<RollupLink class="oracle.dbtools.crest.model.design.multidimensional.RollupLink" name="RollupLink_26" directorySegmentName="seg_0" id="25836DFD-F303-1077-E290-059B1EF1EA51">
<createdBy>pstoyano</createdBy>
<createdTime>2009-07-01 16:57:26 UTC</createdTime>
<ownerDesignName>all_schemas</ownerDesignName>
<nameInOracleAW>ROLLUPLINK_26</nameInOracleAW>
<childLevel>E2B3A296-6366-90AD-FC3C-2C5E63569238</childLevel>
<defaultAggregationOperator>SUM</defaultAggregationOperator>
<factEntity>20C8685B-C3BC-EF71-B9BC-6C994E6C4D21</factEntity>
<parentLevel>65135D97-5344-791F-85AE-2D1F5C0EEA3B</parentLevel>
<rolePlaying>false</rolePlaying>
<sparseDimension>false</sparseDimension>
<link class="oracle.dbtools.crest.model.design.multidimensional.Link" name="Link_31" id="1B76D631-D309-9F99-2C65-8A6C1CB52542">
<createdBy>pstoyano</createdBy>
<createdTime>2009-07-01 16:57:26 UTC</createdTime>
<ownerDesignName>all_schemas</ownerDesignName>
<nameInOracleAW>LINK_31</nameInOracleAW>
<rollupLink>25836DFD-F303-1077-E290-059B1EF1EA51</rollupLink>
<sourceMDObject>E2B3A296-6366-90AD-FC3C-2C5E63569238</sourceMDObject>
<targetMDObject>65135D97-5344-791F-85AE-2D1F5C0EEA3B</targetMDObject>
</link>
<childToParentAttributes>
<joinAttribute>77E051EA-FCD9-43F8-535D-E9A4CD5DB4EB</joinAttribute>
</childToParentAttributes>
</RollupLink>