<?xml version = '1.0' encoding = 'UTF-8'?>
<RollupLink class="oracle.dbtools.crest.model.design.multidimensional.RollupLink" name="RollupLink_42" directorySegmentName="seg_0" id="27775549-6ECD-EA60-8026-0EBD2D54BB3A">
<createdBy>smharper</createdBy>
<createdTime>2011-01-07 09:09:46 UTC</createdTime>
<ownerDesignName>all_schemas</ownerDesignName>
<nameInOracleAW>ROLLUPLINK_42</nameInOracleAW>
<childLevel>7697C54D-79B4-6F14-B226-E50EC7590AA6</childLevel>
<defaultAggregationOperator>SUM</defaultAggregationOperator>
<parentLevel>E021941E-36BE-D41E-6D11-A5A5E3110432</parentLevel>
<rolePlaying>false</rolePlaying>
<sparseDimension>false</sparseDimension>
<link class="oracle.dbtools.crest.model.design.multidimensional.Link" name="Link_21" id="9CCC5354-2743-7CDE-316E-AF40F3A742AC">
<createdBy>pstoyano</createdBy>
<createdTime>2009-07-01 16:57:26 UTC</createdTime>
<ownerDesignName>all_schemas</ownerDesignName>
<nameInOracleAW>LINK_21</nameInOracleAW>
<rollupLink>27775549-6ECD-EA60-8026-0EBD2D54BB3A</rollupLink>
<sourceMDObject>7697C54D-79B4-6F14-B226-E50EC7590AA6</sourceMDObject>
<targetMDObject>E021941E-36BE-D41E-6D11-A5A5E3110432</targetMDObject>
</link>
</RollupLink>