<?xml version = '1.0' encoding = 'UTF-8'?>
<RollupLink class="oracle.dbtools.crest.model.design.multidimensional.RollupLink" name="RollupLink_2" directorySegmentName="seg_0" id="2ABA0766-4A80-6AD3-68F9-198D1D10D60D">
<createdBy>pstoyano</createdBy>
<createdTime>2009-07-01 16:57:26 UTC</createdTime>
<ownerDesignName>all_schemas</ownerDesignName>
<nameInOracleAW>ROLLUPLINK_2</nameInOracleAW>
<childLevel>0B09A13C-469E-FD88-2AD2-9A0136F02E71</childLevel>
<defaultAggregationOperator>SUM</defaultAggregationOperator>
<parentLevel>6BEA9087-31E9-3091-28D5-A4D3D0A410E2</parentLevel>
<rolePlaying>false</rolePlaying>
<sparseDimension>false</sparseDimension>
<link class="oracle.dbtools.crest.model.design.multidimensional.Link" name="Link_3" id="3B957D66-307A-5427-6651-27F703460AA5">
<createdBy>pstoyano</createdBy>
<createdTime>2009-07-01 16:57:26 UTC</createdTime>
<ownerDesignName>all_schemas</ownerDesignName>
<nameInOracleAW>LINK_3</nameInOracleAW>
<rollupLink>2ABA0766-4A80-6AD3-68F9-198D1D10D60D</rollupLink>
<sourceMDObject>0B09A13C-469E-FD88-2AD2-9A0136F02E71</sourceMDObject>
<targetMDObject>6BEA9087-31E9-3091-28D5-A4D3D0A410E2</targetMDObject>
</link>
</RollupLink>