<?xml version = '1.0' encoding = 'UTF-8'?>
<RollupLink class="oracle.dbtools.crest.model.design.multidimensional.RollupLink" name="RollupLink_3" directorySegmentName="seg_0" id="2C923DC6-5C03-5154-8671-38AF0E4732C4">
<createdBy>pstoyano</createdBy>
<createdTime>2009-07-01 16:57:26 UTC</createdTime>
<ownerDesignName>all_schemas</ownerDesignName>
<nameInOracleAW>ROLLUPLINK_3</nameInOracleAW>
<childLevel>6BEA9087-31E9-3091-28D5-A4D3D0A410E2</childLevel>
<defaultAggregationOperator>SUM</defaultAggregationOperator>
<parentLevel>F3D46DC6-A313-8508-816D-9DF66977DF7D</parentLevel>
<rolePlaying>false</rolePlaying>
<sparseDimension>false</sparseDimension>
<link class="oracle.dbtools.crest.model.design.multidimensional.Link" name="Link_4" id="656581E8-0969-F3F9-EE92-EAF9F5C5AC37">
<createdBy>pstoyano</createdBy>
<createdTime>2009-07-01 16:57:26 UTC</createdTime>
<ownerDesignName>all_schemas</ownerDesignName>
<nameInOracleAW>LINK_4</nameInOracleAW>
<rollupLink>2C923DC6-5C03-5154-8671-38AF0E4732C4</rollupLink>
<sourceMDObject>6BEA9087-31E9-3091-28D5-A4D3D0A410E2</sourceMDObject>
<targetMDObject>F3D46DC6-A313-8508-816D-9DF66977DF7D</targetMDObject>
</link>
</RollupLink>