<?xml version = '1.0' encoding = 'UTF-8'?>
<RollupLink class="oracle.dbtools.crest.model.design.multidimensional.RollupLink" name="RollupLink_23" directorySegmentName="seg_0" id="2FC04398-638A-A02E-6BF5-8160344E2DCF">
<createdBy>pstoyano</createdBy>
<createdTime>2009-07-01 16:57:26 UTC</createdTime>
<ownerDesignName>all_schemas</ownerDesignName>
<nameInOracleAW>ROLLUPLINK_23</nameInOracleAW>
<childLevel>E2B3A296-6366-90AD-FC3C-2C5E63569238</childLevel>
<defaultAggregationOperator>SUM</defaultAggregationOperator>
<factEntity>20C8685B-C3BC-EF71-B9BC-6C994E6C4D21</factEntity>
<parentLevel>7697C54D-79B4-6F14-B226-E50EC7590AA6</parentLevel>
<rolePlaying>false</rolePlaying>
<sparseDimension>false</sparseDimension>
<link class="oracle.dbtools.crest.model.design.multidimensional.Link" name="Link_28" id="2CE9A4F0-3BD8-346E-58C4-D7C92C7B6827">
<createdBy>pstoyano</createdBy>
<createdTime>2009-07-01 16:57:26 UTC</createdTime>
<ownerDesignName>all_schemas</ownerDesignName>
<nameInOracleAW>LINK_28</nameInOracleAW>
<rollupLink>2FC04398-638A-A02E-6BF5-8160344E2DCF</rollupLink>
<sourceMDObject>E2B3A296-6366-90AD-FC3C-2C5E63569238</sourceMDObject>
<targetMDObject>7697C54D-79B4-6F14-B226-E50EC7590AA6</targetMDObject>
</link>
<childToParentAttributes>
<joinAttribute>FBC5C3E2-1968-8969-DC38-A3CE0AEF1D24</joinAttribute>
</childToParentAttributes>
</RollupLink>