<?xml version = '1.0' encoding = 'UTF-8'?>
<RollupLink class="oracle.dbtools.crest.model.design.multidimensional.RollupLink" name="RollupLink_13" directorySegmentName="seg_0" id="315B957D-EAA5-DB47-F397-A0D13AB40556">
<createdBy>pstoyano</createdBy>
<createdTime>2009-07-01 16:57:26 UTC</createdTime>
<ownerDesignName>all_schemas</ownerDesignName>
<nameInOracleAW>ROLLUPLINK_13</nameInOracleAW>
<childLevel>04637583-01DD-657A-CF84-F089DA898633</childLevel>
<defaultAggregationOperator>SUM</defaultAggregationOperator>
<parentLevel>C240EDFC-619A-3C19-257D-C8FDB5F20711</parentLevel>
<rolePlaying>false</rolePlaying>
<sparseDimension>false</sparseDimension>
<link class="oracle.dbtools.crest.model.design.multidimensional.Link" name="Link_16" id="7D0B3E0D-3CC5-731F-C3CD-780E7BDB9486">
<createdBy>pstoyano</createdBy>
<createdTime>2009-07-01 16:57:26 UTC</createdTime>
<ownerDesignName>all_schemas</ownerDesignName>
<nameInOracleAW>LINK_16</nameInOracleAW>
<rollupLink>315B957D-EAA5-DB47-F397-A0D13AB40556</rollupLink>
<sourceMDObject>04637583-01DD-657A-CF84-F089DA898633</sourceMDObject>
<targetMDObject>C240EDFC-619A-3C19-257D-C8FDB5F20711</targetMDObject>
</link>
</RollupLink>