<?xml version = '1.0' encoding = 'UTF-8'?>
<RollupLink class="oracle.dbtools.crest.model.design.multidimensional.RollupLink" name="RollupLink_24" directorySegmentName="seg_0" id="336945A7-3F6A-307E-4DFF-F844B36F9EE6">
<createdBy>pstoyano</createdBy>
<createdTime>2009-07-01 16:57:26 UTC</createdTime>
<ownerDesignName>all_schemas</ownerDesignName>
<nameInOracleAW>ROLLUPLINK_24</nameInOracleAW>
<childLevel>E2B3A296-6366-90AD-FC3C-2C5E63569238</childLevel>
<defaultAggregationOperator>SUM</defaultAggregationOperator>
<factEntity>20C8685B-C3BC-EF71-B9BC-6C994E6C4D21</factEntity>
<parentLevel>780C6672-16A6-2124-3FE7-21F6C5014035</parentLevel>
<rolePlaying>false</rolePlaying>
<sparseDimension>false</sparseDimension>
<link class="oracle.dbtools.crest.model.design.multidimensional.Link" name="Link_29" id="3B4A6546-90A7-8BE2-0BFF-E90AE6130044">
<createdBy>pstoyano</createdBy>
<createdTime>2009-07-01 16:57:26 UTC</createdTime>
<ownerDesignName>all_schemas</ownerDesignName>
<nameInOracleAW>LINK_29</nameInOracleAW>
<rollupLink>336945A7-3F6A-307E-4DFF-F844B36F9EE6</rollupLink>
<sourceMDObject>E2B3A296-6366-90AD-FC3C-2C5E63569238</sourceMDObject>
<targetMDObject>780C6672-16A6-2124-3FE7-21F6C5014035</targetMDObject>
</link>
<childToParentAttributes>
<joinAttribute>BA201577-71A3-C09E-48D9-6EB73796F43F</joinAttribute>
</childToParentAttributes>
</RollupLink>