<?xml version = '1.0' encoding = 'UTF-8'?>
<RollupLink class="oracle.dbtools.crest.model.design.multidimensional.RollupLink" name="RollupLink_44" directorySegmentName="seg_0" id="35086B50-5FA3-D146-7B9C-6350C7169A7E">
<createdBy>smharper</createdBy>
<createdTime>2011-01-07 09:09:46 UTC</createdTime>
<ownerDesignName>all_schemas</ownerDesignName>
<nameInOracleAW>ROLLUPLINK_44</nameInOracleAW>
<childLevel>780C6672-16A6-2124-3FE7-21F6C5014035</childLevel>
<defaultAggregationOperator>SUM</defaultAggregationOperator>
<parentLevel>89CA2761-D193-5F58-1D43-2AF1692604A3</parentLevel>
<rolePlaying>false</rolePlaying>
<sparseDimension>false</sparseDimension>
<link class="oracle.dbtools.crest.model.design.multidimensional.Link" name="Link_9" id="1CE1E6EC-0FBC-1A53-1E8B-761A0D18B295">
<createdBy>pstoyano</createdBy>
<createdTime>2009-07-01 16:57:26 UTC</createdTime>
<ownerDesignName>all_schemas</ownerDesignName>
<nameInOracleAW>LINK_9</nameInOracleAW>
<rollupLink>35086B50-5FA3-D146-7B9C-6350C7169A7E</rollupLink>
<sourceMDObject>780C6672-16A6-2124-3FE7-21F6C5014035</sourceMDObject>
<targetMDObject>89CA2761-D193-5F58-1D43-2AF1692604A3</targetMDObject>
</link>
</RollupLink>