<?xml version = '1.0' encoding = 'UTF-8'?>
<RollupLink class="oracle.dbtools.crest.model.design.multidimensional.RollupLink" name="RollupLink_40" directorySegmentName="seg_0" id="3CC37099-57B4-A2F1-981C-F4E98F96FD28">
<createdBy>smharper</createdBy>
<createdTime>2011-01-07 09:09:46 UTC</createdTime>
<ownerDesignName>all_schemas</ownerDesignName>
<nameInOracleAW>ROLLUPLINK_40</nameInOracleAW>
<childLevel>40733FCB-618C-61DB-5093-91B110AD008B</childLevel>
<defaultAggregationOperator>SUM</defaultAggregationOperator>
<parentLevel>89C2E9B9-A47B-A6DD-21F3-2DF3F436BC8E</parentLevel>
<rolePlaying>false</rolePlaying>
<sparseDimension>false</sparseDimension>
<link class="oracle.dbtools.crest.model.design.multidimensional.Link" name="Link_1" id="6EBA50D5-9B46-6FF3-AC72-21D262828CDF">
<createdBy>pstoyano</createdBy>
<createdTime>2009-07-01 16:57:26 UTC</createdTime>
<ownerDesignName>all_schemas</ownerDesignName>
<nameInOracleAW>LINK_1</nameInOracleAW>
<rollupLink>3CC37099-57B4-A2F1-981C-F4E98F96FD28</rollupLink>
<sourceMDObject>40733FCB-618C-61DB-5093-91B110AD008B</sourceMDObject>
<targetMDObject>89C2E9B9-A47B-A6DD-21F3-2DF3F436BC8E</targetMDObject>
</link>
</RollupLink>