<?xml version = '1.0' encoding = 'UTF-8'?>
<RollupLink class="oracle.dbtools.crest.model.design.multidimensional.RollupLink" name="RollupLink_11" directorySegmentName="seg_0" id="41EB52C9-6FDC-C88C-E1EF-DCAC90A51737">
<createdBy>pstoyano</createdBy>
<createdTime>2009-07-01 16:57:26 UTC</createdTime>
<ownerDesignName>all_schemas</ownerDesignName>
<nameInOracleAW>ROLLUPLINK_11</nameInOracleAW>
<childLevel>85E28C5C-D5C5-5826-97F3-73CF4F1C9920</childLevel>
<defaultAggregationOperator>SUM</defaultAggregationOperator>
<parentLevel>7C310965-DB5F-4381-B4FE-4A7C21093055</parentLevel>
<rolePlaying>false</rolePlaying>
<sparseDimension>false</sparseDimension>
<link class="oracle.dbtools.crest.model.design.multidimensional.Link" name="Link_14" id="EDCAFCBE-2F59-2326-FB4F-82BC1EAC7274">
<createdBy>pstoyano</createdBy>
<createdTime>2009-07-01 16:57:26 UTC</createdTime>
<ownerDesignName>all_schemas</ownerDesignName>
<nameInOracleAW>LINK_14</nameInOracleAW>
<rollupLink>41EB52C9-6FDC-C88C-E1EF-DCAC90A51737</rollupLink>
<sourceMDObject>85E28C5C-D5C5-5826-97F3-73CF4F1C9920</sourceMDObject>
<targetMDObject>7C310965-DB5F-4381-B4FE-4A7C21093055</targetMDObject>
</link>
</RollupLink>