<?xml version = '1.0' encoding = 'UTF-8'?>
<RollupLink class="oracle.dbtools.crest.model.design.multidimensional.RollupLink" name="RollupLink_6" directorySegmentName="seg_0" id="46720C1E-F511-A877-734C-1F8E24D89920">
<createdBy>pstoyano</createdBy>
<createdTime>2009-07-01 16:57:26 UTC</createdTime>
<ownerDesignName>all_schemas</ownerDesignName>
<nameInOracleAW>ROLLUPLINK_6</nameInOracleAW>
<childLevel>8CA0E9BB-27B9-726C-D139-47A27E647754</childLevel>
<defaultAggregationOperator>SUM</defaultAggregationOperator>
<parentLevel>534A5CB4-C3E6-E70F-CC97-ED382BD5EDE2</parentLevel>
<rolePlaying>false</rolePlaying>
<sparseDimension>false</sparseDimension>
<link class="oracle.dbtools.crest.model.design.multidimensional.Link" name="Link_7" id="323B56B5-6173-D8EC-C3A9-5252BEB8CF42">
<createdBy>pstoyano</createdBy>
<createdTime>2009-07-01 16:57:26 UTC</createdTime>
<ownerDesignName>all_schemas</ownerDesignName>
<nameInOracleAW>LINK_7</nameInOracleAW>
<rollupLink>46720C1E-F511-A877-734C-1F8E24D89920</rollupLink>
<sourceMDObject>8CA0E9BB-27B9-726C-D139-47A27E647754</sourceMDObject>
<targetMDObject>534A5CB4-C3E6-E70F-CC97-ED382BD5EDE2</targetMDObject>
</link>
</RollupLink>