<?xml version = '1.0' encoding = 'UTF-8'?>
<RollupLink class="oracle.dbtools.crest.model.design.multidimensional.RollupLink" name="RollupLink_15" directorySegmentName="seg_0" id="49B89FFD-5E3E-F9CF-6257-623B6DE30F37">
<createdBy>pstoyano</createdBy>
<createdTime>2009-07-01 16:57:26 UTC</createdTime>
<ownerDesignName>all_schemas</ownerDesignName>
<nameInOracleAW>ROLLUPLINK_15</nameInOracleAW>
<childLevel>5D389105-AB52-19C5-22D2-EFB0FF030D1E</childLevel>
<defaultAggregationOperator>SUM</defaultAggregationOperator>
<parentLevel>42CA8DC0-2A8B-D819-1403-8C991BBAC87C</parentLevel>
<rolePlaying>false</rolePlaying>
<sparseDimension>false</sparseDimension>
<link class="oracle.dbtools.crest.model.design.multidimensional.Link" name="Link_18" id="5B54B35A-4DA8-030F-A103-224DE2C78588">
<createdBy>pstoyano</createdBy>
<createdTime>2009-07-01 16:57:26 UTC</createdTime>
<ownerDesignName>all_schemas</ownerDesignName>
<nameInOracleAW>LINK_18</nameInOracleAW>
<rollupLink>49B89FFD-5E3E-F9CF-6257-623B6DE30F37</rollupLink>
<sourceMDObject>5D389105-AB52-19C5-22D2-EFB0FF030D1E</sourceMDObject>
<targetMDObject>42CA8DC0-2A8B-D819-1403-8C991BBAC87C</targetMDObject>
</link>
</RollupLink>