<?xml version = '1.0' encoding = 'UTF-8'?>
<RollupLink class="oracle.dbtools.crest.model.design.multidimensional.RollupLink" name="RollupLink_29" directorySegmentName="seg_0" id="76879CE7-AD1C-E7B0-6E39-3203DA1A74D1">
<createdBy>pstoyano</createdBy>
<createdTime>2009-07-01 16:57:26 UTC</createdTime>
<ownerDesignName>all_schemas</ownerDesignName>
<nameInOracleAW>ROLLUPLINK_29</nameInOracleAW>
<childLevel>EC7AD005-6D61-D368-52B9-84128E6C52C2</childLevel>
<defaultAggregationOperator>SUM</defaultAggregationOperator>
<factEntity>3551C5F8-1419-2440-0FD3-57D6D00B90DE</factEntity>
<parentLevel>780C6672-16A6-2124-3FE7-21F6C5014035</parentLevel>
<rolePlaying>false</rolePlaying>
<sparseDimension>false</sparseDimension>
<link class="oracle.dbtools.crest.model.design.multidimensional.Link" name="Link_34" id="18F03195-D9E5-8987-52D5-01E9A5F6D1FB">
<createdBy>pstoyano</createdBy>
<createdTime>2009-07-01 16:57:26 UTC</createdTime>
<ownerDesignName>all_schemas</ownerDesignName>
<nameInOracleAW>LINK_34</nameInOracleAW>
<rollupLink>76879CE7-AD1C-E7B0-6E39-3203DA1A74D1</rollupLink>
<sourceMDObject>EC7AD005-6D61-D368-52B9-84128E6C52C2</sourceMDObject>
<targetMDObject>780C6672-16A6-2124-3FE7-21F6C5014035</targetMDObject>
</link>
<childToParentAttributes>
<joinAttribute>05F7778C-1A6B-06D4-A627-97D89319C5E7</joinAttribute>
</childToParentAttributes>
</RollupLink>