<?xml version = '1.0' encoding = 'UTF-8'?>
<RollupLink class="oracle.dbtools.crest.model.design.multidimensional.RollupLink" name="RollupLink_18" directorySegmentName="seg_0" id="7E78D252-E495-A84F-1E01-F48B9C75DD44">
<createdBy>pstoyano</createdBy>
<createdTime>2009-07-01 16:57:26 UTC</createdTime>
<ownerDesignName>all_schemas</ownerDesignName>
<nameInOracleAW>ROLLUPLINK_18</nameInOracleAW>
<childLevel>E021941E-36BE-D41E-6D11-A5A5E3110432</childLevel>
<defaultAggregationOperator>SUM</defaultAggregationOperator>
<parentLevel>4367EBFC-5AFF-0D29-D038-797BE5FD62AD</parentLevel>
<rolePlaying>false</rolePlaying>
<sparseDimension>false</sparseDimension>
<link class="oracle.dbtools.crest.model.design.multidimensional.Link" name="Link_22" id="CA3755FE-5200-35C4-57A0-0384375A7273">
<createdBy>pstoyano</createdBy>
<createdTime>2009-07-01 16:57:26 UTC</createdTime>
<ownerDesignName>all_schemas</ownerDesignName>
<nameInOracleAW>LINK_22</nameInOracleAW>
<rollupLink>7E78D252-E495-A84F-1E01-F48B9C75DD44</rollupLink>
<sourceMDObject>E021941E-36BE-D41E-6D11-A5A5E3110432</sourceMDObject>
<targetMDObject>4367EBFC-5AFF-0D29-D038-797BE5FD62AD</targetMDObject>
</link>
</RollupLink>