<?xml version = '1.0' encoding = 'UTF-8'?>
<RollupLink class="oracle.dbtools.crest.model.design.multidimensional.RollupLink" name="RollupLink_7" directorySegmentName="seg_0" id="926BFA64-9C26-A722-37F5-BAE793F27C3B">
<createdBy>pstoyano</createdBy>
<createdTime>2009-07-01 16:57:26 UTC</createdTime>
<ownerDesignName>all_schemas</ownerDesignName>
<nameInOracleAW>ROLLUPLINK_7</nameInOracleAW>
<childLevel>534A5CB4-C3E6-E70F-CC97-ED382BD5EDE2</childLevel>
<defaultAggregationOperator>SUM</defaultAggregationOperator>
<parentLevel>3C3377A0-2083-5999-DBFA-0BF1A6989455</parentLevel>
<rolePlaying>false</rolePlaying>
<sparseDimension>false</sparseDimension>
<link class="oracle.dbtools.crest.model.design.multidimensional.Link" name="Link_8" id="AF0D70DD-9D3B-1FD1-22AD-9C90B7235619">
<createdBy>pstoyano</createdBy>
<createdTime>2009-07-01 16:57:26 UTC</createdTime>
<ownerDesignName>all_schemas</ownerDesignName>
<nameInOracleAW>LINK_8</nameInOracleAW>
<rollupLink>926BFA64-9C26-A722-37F5-BAE793F27C3B</rollupLink>
<sourceMDObject>534A5CB4-C3E6-E70F-CC97-ED382BD5EDE2</sourceMDObject>
<targetMDObject>3C3377A0-2083-5999-DBFA-0BF1A6989455</targetMDObject>
</link>
</RollupLink>