<?xml version = '1.0' encoding = 'UTF-8'?>
<RollupLink class="oracle.dbtools.crest.model.design.multidimensional.RollupLink" name="RollupLink_14" directorySegmentName="seg_0" id="A6E59068-5B72-4D3D-359D-C27A9DE388E3">
<createdBy>pstoyano</createdBy>
<createdTime>2009-07-01 16:57:26 UTC</createdTime>
<ownerDesignName>all_schemas</ownerDesignName>
<nameInOracleAW>ROLLUPLINK_14</nameInOracleAW>
<childLevel>85E28C5C-D5C5-5826-97F3-73CF4F1C9920</childLevel>
<defaultAggregationOperator>SUM</defaultAggregationOperator>
<parentLevel>5D389105-AB52-19C5-22D2-EFB0FF030D1E</parentLevel>
<rolePlaying>false</rolePlaying>
<sparseDimension>false</sparseDimension>
<link class="oracle.dbtools.crest.model.design.multidimensional.Link" name="Link_17" id="AE96BA0D-2073-B20F-6683-AB128AF57AB6">
<createdBy>pstoyano</createdBy>
<createdTime>2009-07-01 16:57:26 UTC</createdTime>
<ownerDesignName>all_schemas</ownerDesignName>
<nameInOracleAW>LINK_17</nameInOracleAW>
<rollupLink>A6E59068-5B72-4D3D-359D-C27A9DE388E3</rollupLink>
<sourceMDObject>85E28C5C-D5C5-5826-97F3-73CF4F1C9920</sourceMDObject>
<targetMDObject>5D389105-AB52-19C5-22D2-EFB0FF030D1E</targetMDObject>
</link>
</RollupLink>