<?xml version = '1.0' encoding = 'UTF-8'?>
<RollupLink class="oracle.dbtools.crest.model.design.multidimensional.RollupLink" name="RollupLink_4" directorySegmentName="seg_0" id="B6532CD6-CE78-EBCE-0E40-E3B07DD8C975">
<createdBy>pstoyano</createdBy>
<createdTime>2009-07-01 16:57:26 UTC</createdTime>
<ownerDesignName>all_schemas</ownerDesignName>
<nameInOracleAW>ROLLUPLINK_4</nameInOracleAW>
<childLevel>6BEA9087-31E9-3091-28D5-A4D3D0A410E2</childLevel>
<defaultAggregationOperator>SUM</defaultAggregationOperator>
<parentLevel>0526F347-519B-BFC9-7577-C37E62401A3F</parentLevel>
<rolePlaying>false</rolePlaying>
<sparseDimension>false</sparseDimension>
<link class="oracle.dbtools.crest.model.design.multidimensional.Link" name="Link_5" id="4ED19362-CB67-100A-6A06-7A3869267716">
<createdBy>pstoyano</createdBy>
<createdTime>2009-07-01 16:57:26 UTC</createdTime>
<ownerDesignName>all_schemas</ownerDesignName>
<nameInOracleAW>LINK_5</nameInOracleAW>
<rollupLink>B6532CD6-CE78-EBCE-0E40-E3B07DD8C975</rollupLink>
<sourceMDObject>6BEA9087-31E9-3091-28D5-A4D3D0A410E2</sourceMDObject>
<targetMDObject>0526F347-519B-BFC9-7577-C37E62401A3F</targetMDObject>
</link>
<childToParentAttributes>
<joinAttribute>36E8DD69-F04E-AEC7-1205-45B3E752D859</joinAttribute>
</childToParentAttributes>
</RollupLink>