<?xml version = '1.0' encoding = 'UTF-8'?>
<RollupLink class="oracle.dbtools.crest.model.design.multidimensional.RollupLink" name="RollupLink_16" directorySegmentName="seg_0" id="C37CDA48-7F15-C0E0-F78E-D1D797809EC6">
<createdBy>pstoyano</createdBy>
<createdTime>2009-07-01 16:57:26 UTC</createdTime>
<ownerDesignName>all_schemas</ownerDesignName>
<nameInOracleAW>ROLLUPLINK_16</nameInOracleAW>
<childLevel>42CA8DC0-2A8B-D819-1403-8C991BBAC87C</childLevel>
<defaultAggregationOperator>SUM</defaultAggregationOperator>
<parentLevel>1DF56A2F-5FEB-27C8-8C82-90E55615986B</parentLevel>
<rolePlaying>false</rolePlaying>
<sparseDimension>false</sparseDimension>
<link class="oracle.dbtools.crest.model.design.multidimensional.Link" name="Link_19" id="BDABB3FF-4645-8ECC-8D55-543119A974B6">
<createdBy>pstoyano</createdBy>
<createdTime>2009-07-01 16:57:26 UTC</createdTime>
<ownerDesignName>all_schemas</ownerDesignName>
<nameInOracleAW>LINK_19</nameInOracleAW>
<rollupLink>C37CDA48-7F15-C0E0-F78E-D1D797809EC6</rollupLink>
<sourceMDObject>42CA8DC0-2A8B-D819-1403-8C991BBAC87C</sourceMDObject>
<targetMDObject>1DF56A2F-5FEB-27C8-8C82-90E55615986B</targetMDObject>
</link>
</RollupLink>