<?xml version = '1.0' encoding = 'UTF-8'?>
<RollupLink class="oracle.dbtools.crest.model.design.multidimensional.RollupLink" name="RollupLink_31" directorySegmentName="seg_0" id="DED26BDE-8BEC-4ACF-B83F-BA19837B75BB">
<createdBy>pstoyano</createdBy>
<createdTime>2009-07-01 16:57:26 UTC</createdTime>
<ownerDesignName>all_schemas</ownerDesignName>
<nameInOracleAW>ROLLUPLINK_31</nameInOracleAW>
<childLevel>EC7AD005-6D61-D368-52B9-84128E6C52C2</childLevel>
<defaultAggregationOperator>SUM</defaultAggregationOperator>
<factEntity>3551C5F8-1419-2440-0FD3-57D6D00B90DE</factEntity>
<parentLevel>65135D97-5344-791F-85AE-2D1F5C0EEA3B</parentLevel>
<rolePlaying>false</rolePlaying>
<sparseDimension>false</sparseDimension>
<link class="oracle.dbtools.crest.model.design.multidimensional.Link" name="Link_36" id="94CB4C48-F8AA-8FAB-D05D-D8BFE0B91105">
<createdBy>pstoyano</createdBy>
<createdTime>2009-07-01 16:57:26 UTC</createdTime>
<ownerDesignName>all_schemas</ownerDesignName>
<nameInOracleAW>LINK_36</nameInOracleAW>
<rollupLink>DED26BDE-8BEC-4ACF-B83F-BA19837B75BB</rollupLink>
<sourceMDObject>EC7AD005-6D61-D368-52B9-84128E6C52C2</sourceMDObject>
<targetMDObject>65135D97-5344-791F-85AE-2D1F5C0EEA3B</targetMDObject>
</link>
<childToParentAttributes>
<joinAttribute>5947E7FF-2564-A65C-C5A9-6687D5F1B14E</joinAttribute>
</childToParentAttributes>
</RollupLink>