<?xml version = '1.0' encoding = 'UTF-8'?>
<RollupLink class="oracle.dbtools.crest.model.design.multidimensional.RollupLink" name="RollupLink_8" directorySegmentName="seg_0" id="E17226BE-CC41-C603-089C-E95235C75E5E">
<createdBy>pstoyano</createdBy>
<createdTime>2009-07-01 16:57:26 UTC</createdTime>
<ownerDesignName>all_schemas</ownerDesignName>
<nameInOracleAW>ROLLUPLINK_8</nameInOracleAW>
<childLevel>89CA2761-D193-5F58-1D43-2AF1692604A3</childLevel>
<defaultAggregationOperator>SUM</defaultAggregationOperator>
<parentLevel>83C2E0DB-3797-C38D-174F-6263816FE65C</parentLevel>
<rolePlaying>false</rolePlaying>
<sparseDimension>false</sparseDimension>
<link class="oracle.dbtools.crest.model.design.multidimensional.Link" name="Link_10" id="8A13281D-7009-1FDB-BE2B-D041F4BC74B9">
<createdBy>pstoyano</createdBy>
<createdTime>2009-07-01 16:57:26 UTC</createdTime>
<ownerDesignName>all_schemas</ownerDesignName>
<nameInOracleAW>LINK_10</nameInOracleAW>
<rollupLink>E17226BE-CC41-C603-089C-E95235C75E5E</rollupLink>
<sourceMDObject>89CA2761-D193-5F58-1D43-2AF1692604A3</sourceMDObject>
<targetMDObject>83C2E0DB-3797-C38D-174F-6263816FE65C</targetMDObject>
</link>
</RollupLink>