<?xml version = '1.0' encoding = 'UTF-8'?>
<RollupLink class="oracle.dbtools.crest.model.design.multidimensional.RollupLink" name="RollupLink_28" directorySegmentName="seg_0" id="E32982C6-543D-FA5C-1A20-692DD31AA1CB">
<createdBy>pstoyano</createdBy>
<createdTime>2009-07-01 16:57:26 UTC</createdTime>
<ownerDesignName>all_schemas</ownerDesignName>
<nameInOracleAW>ROLLUPLINK_28</nameInOracleAW>
<childLevel>EC7AD005-6D61-D368-52B9-84128E6C52C2</childLevel>
<defaultAggregationOperator>SUM</defaultAggregationOperator>
<factEntity>3551C5F8-1419-2440-0FD3-57D6D00B90DE</factEntity>
<parentLevel>40733FCB-618C-61DB-5093-91B110AD008B</parentLevel>
<rolePlaying>false</rolePlaying>
<sparseDimension>false</sparseDimension>
<link class="oracle.dbtools.crest.model.design.multidimensional.Link" name="Link_33" id="4BC0A9B8-48A2-53DA-8DB7-DEFD3034BA43">
<createdBy>pstoyano</createdBy>
<createdTime>2009-07-01 16:57:26 UTC</createdTime>
<ownerDesignName>all_schemas</ownerDesignName>
<nameInOracleAW>LINK_33</nameInOracleAW>
<rollupLink>E32982C6-543D-FA5C-1A20-692DD31AA1CB</rollupLink>
<sourceMDObject>EC7AD005-6D61-D368-52B9-84128E6C52C2</sourceMDObject>
<targetMDObject>40733FCB-618C-61DB-5093-91B110AD008B</targetMDObject>
</link>
<childToParentAttributes>
<joinAttribute>2B0C07E1-3F7D-8A7D-D68D-6E01BA353DD7</joinAttribute>
</childToParentAttributes>
</RollupLink>