<?xml version = '1.0' encoding = 'UTF-8'?>
<RollupLink class="oracle.dbtools.crest.model.design.multidimensional.RollupLink" name="RollupLink_12" directorySegmentName="seg_0" id="F1C52550-D35B-EC78-4263-0105A5465A9D">
<createdBy>pstoyano</createdBy>
<createdTime>2009-07-01 16:57:26 UTC</createdTime>
<ownerDesignName>all_schemas</ownerDesignName>
<nameInOracleAW>ROLLUPLINK_12</nameInOracleAW>
<childLevel>7C310965-DB5F-4381-B4FE-4A7C21093055</childLevel>
<defaultAggregationOperator>SUM</defaultAggregationOperator>
<parentLevel>04637583-01DD-657A-CF84-F089DA898633</parentLevel>
<rolePlaying>false</rolePlaying>
<sparseDimension>false</sparseDimension>
<link class="oracle.dbtools.crest.model.design.multidimensional.Link" name="Link_15" id="65FBF0D1-7391-33C5-584C-EC8AF4EABB39">
<createdBy>pstoyano</createdBy>
<createdTime>2009-07-01 16:57:26 UTC</createdTime>
<ownerDesignName>all_schemas</ownerDesignName>
<nameInOracleAW>LINK_15</nameInOracleAW>
<rollupLink>F1C52550-D35B-EC78-4263-0105A5465A9D</rollupLink>
<sourceMDObject>7C310965-DB5F-4381-B4FE-4A7C21093055</sourceMDObject>
<targetMDObject>04637583-01DD-657A-CF84-F089DA898633</targetMDObject>
</link>
</RollupLink>