<?xml version = '1.0' encoding = 'UTF-8'?>
<RollupLink class="oracle.dbtools.crest.model.design.multidimensional.RollupLink" name="RollupLink_1" directorySegmentName="seg_0" id="F61A3694-09B2-35CA-266B-D40D6852DE4D">
<createdBy>pstoyano</createdBy>
<createdTime>2009-07-01 16:57:26 UTC</createdTime>
<ownerDesignName>all_schemas</ownerDesignName>
<nameInOracleAW>ROLLUPLINK_1</nameInOracleAW>
<childLevel>89C2E9B9-A47B-A6DD-21F3-2DF3F436BC8E</childLevel>
<defaultAggregationOperator>SUM</defaultAggregationOperator>
<parentLevel>0B09A13C-469E-FD88-2AD2-9A0136F02E71</parentLevel>
<rolePlaying>false</rolePlaying>
<sparseDimension>false</sparseDimension>
<link class="oracle.dbtools.crest.model.design.multidimensional.Link" name="Link_2" id="27EFE5D0-BE07-0E88-A7F7-A6FEB0519C29">
<createdBy>pstoyano</createdBy>
<createdTime>2009-07-01 16:57:26 UTC</createdTime>
<ownerDesignName>all_schemas</ownerDesignName>
<nameInOracleAW>LINK_2</nameInOracleAW>
<rollupLink>F61A3694-09B2-35CA-266B-D40D6852DE4D</rollupLink>
<sourceMDObject>89C2E9B9-A47B-A6DD-21F3-2DF3F436BC8E</sourceMDObject>
<targetMDObject>0B09A13C-469E-FD88-2AD2-9A0136F02E71</targetMDObject>
</link>
</RollupLink>