<?xml version = '1.0' encoding = 'UTF-8'?>
<ExtendedMap class="oracle.dbtools.crest.model.xtdmapping.ExtendedMap">
<mappings itemClass="oracle.dbtools.crest.model.xtdmapping.XtdMapping">
<Mapping id="2915A2D2-AF59-D5CB-93A9-5B532EEC630492FAC93C-CF83-5977-5293-F2C09E9BF31D" oDP="LogDes-8EAB2D33-619F-0BDE-DBA7-9A0CB0827F2F" oID="2915A2D2-AF59-D5CB-93A9-5B532EEC6304" oType="10" tDP="D0D92D2B-4EA0-833C-FF58-91F3644E8E4A" tID="92FAC93C-CF83-5977-5293-F2C09E9BF31D" tType="10">
</Mapping>
<Mapping id="4C9AFD67-EA44-5A09-12B5-C3692E3FBA529D6DCEB0-12D6-50A0-405B-D67CA4129CF4" oDP="BF105018-3CC9-F992-06AB-3F0BD4F6521B" oID="4C9AFD67-EA44-5A09-12B5-C3692E3FBA52" oType="10" tDP="LogDes-8EAB2D33-619F-0BDE-DBA7-9A0CB0827F2F" tID="9D6DCEB0-12D6-50A0-405B-D67CA4129CF4" tType="10">
</Mapping>
<Mapping id="B12E8996-4596-2E1F-CDA8-81EFC81F5E167037B130-6C5E-EDE1-1458-CCBB68D692F7" oDP="BF105018-3CC9-F992-06AB-3F0BD4F6521B" oID="B12E8996-4596-2E1F-CDA8-81EFC81F5E16" oType="10" tDP="LogDes-8EAB2D33-619F-0BDE-DBA7-9A0CB0827F2F" tID="7037B130-6C5E-EDE1-1458-CCBB68D692F7" tType="10">
</Mapping>
</mappings>
</ExtendedMap>