<?xml version = '1.0' encoding = 'UTF-8'?>
<StructuredType class="oracle.dbtools.crest.model.design.datatypes.StructuredType" name="CUST_ADDRESS_TYP" directorySegmentName="seg_0" id="27EEB3C3-4630-9227-E6E6-92A40FFAFA93">
<createdBy>Administrator</createdBy>
<createdTime>2008-11-17 12:25:26 UTC</createdTime>
<ownerDesignName>all_schemas</ownerDesignName>
<predefined>false</predefined>
<final>true</final>
<instantiable>true</instantiable>
<attributes itemClass="oracle.dbtools.crest.model.design.datatypes.TypeElement">
<Attribute name="STREET_ADDRESS" id="4A6CA265-EF84-49C5-9E34-85F198EDC905">
<createdBy>Administrator</createdBy>
<createdTime>2008-11-17 12:25:26 UTC</createdTime>
<ownerDesignName>all_schemas</ownerDesignName>
<mandatory>false</mandatory>
<precision>0</precision>
<reference>false</reference>
<scale>0</scale>
<size>40</size>
<type>LOGDT024</type>
</Attribute>
<Attribute name="POSTAL_CODE" id="FDAC9657-90C9-5B9E-F329-FEDD96F4895F">
<createdBy>Administrator</createdBy>
<createdTime>2008-11-17 12:25:26 UTC</createdTime>
<ownerDesignName>all_schemas</ownerDesignName>
<mandatory>false</mandatory>
<precision>0</precision>
<reference>false</reference>
<scale>0</scale>
<size>10</size>
<type>LOGDT024</type>
</Attribute>
<Attribute name="CITY" id="03E6FDA8-1376-D209-B448-44416CC01FF8">
<createdBy>Administrator</createdBy>
<createdTime>2008-11-17 12:25:26 UTC</createdTime>
<ownerDesignName>all_schemas</ownerDesignName>
<mandatory>false</mandatory>
<precision>0</precision>
<reference>false</reference>
<scale>0</scale>
<size>30</size>
<type>LOGDT024</type>
</Attribute>
<Attribute name="STATE_PROVINCE" id="B36AD718-AD5F-FBC6-8E07-2BBCE99E23BA">
<createdBy>Administrator</createdBy>
<createdTime>2008-11-17 12:25:26 UTC</createdTime>
<ownerDesignName>all_schemas</ownerDesignName>
<mandatory>false</mandatory>
<precision>0</precision>
<reference>false</reference>
<scale>0</scale>
<size>10</size>
<type>LOGDT024</type>
</Attribute>
<Attribute name="COUNTRY_ID" id="99A6C984-8398-6582-B2DD-EC4E4D3C306E">
<createdBy>Administrator</createdBy>
<createdTime>2008-11-17 12:25:26 UTC</createdTime>
<ownerDesignName>all_schemas</ownerDesignName>
<mandatory>false</mandatory>
<precision>0</precision>
<reference>false</reference>
<scale>0</scale>
<size>2</size>
<type>LOGDT025</type>
</Attribute>
</attributes>
</StructuredType>