<?xml version = '1.0' encoding = 'UTF-8'?>
<StructuredType class="oracle.dbtools.crest.model.design.datatypes.StructuredType" name="TEXTDOC_TYP" directorySegmentName="seg_0" id="CB3A0155-1676-D38E-944E-036F696E12F0">
<createdBy>Administrator</createdBy>
<createdTime>2008-11-17 12:25:26 UTC</createdTime>
<ownerDesignName>all_schemas</ownerDesignName>
<predefined>false</predefined>
<final>true</final>
<instantiable>true</instantiable>
<attributes itemClass="oracle.dbtools.crest.model.design.datatypes.TypeElement">
<Attribute name="DOCUMENT_TYP" id="93503E6F-7930-5631-835F-85045B4AFB97">
<createdBy>Administrator</createdBy>
<createdTime>2008-11-17 12:25:26 UTC</createdTime>
<ownerDesignName>all_schemas</ownerDesignName>
<mandatory>false</mandatory>
<precision>0</precision>
<reference>false</reference>
<scale>0</scale>
<size>32</size>
<type>LOGDT024</type>
</Attribute>
<Attribute name="FORMATTED_DOC" id="586B1AAA-14EE-E2FB-2052-80E22AF70FB9">
<createdBy>Administrator</createdBy>
<createdTime>2008-11-17 12:25:26 UTC</createdTime>
<ownerDesignName>all_schemas</ownerDesignName>
<mandatory>false</mandatory>
<precision>0</precision>
<reference>false</reference>
<scale>0</scale>
<size>0</size>
<type>LOGDT029</type>
</Attribute>
</attributes>
</StructuredType>