<?xml version = '1.0' encoding = 'UTF-8'?>
<Diagram class="oracle.dbtools.crest.swingui.relational.DPVRelational" name="HR" id="3DEA692A-1D31-3F48-D8A3-354C07B575C8">
<createdBy>Administrator</createdBy>
<modifiedBy>User</modifiedBy>
<createdTime>2009-05-26 21:09:25 UTC</createdTime>
<autoRoute>false</autoRoute>
<boxInbox>false</boxInbox>
<showLegend>false</showLegend>
<showLabels>false</showLabels>
<showRelAttributes>false</showRelAttributes>
<gridEnabled>false</gridEnabled>
<showGrid>false</showGrid>
<diagramColor>-1</diagramColor>
<display>false</display>
<notation>1</notation>
<objectViews>
<OView class="oracle.dbtools.crest.swingui.relational.TVTable" oid="1662C568-217F-2A8F-375F-977BA9E49D08" otype="Table" vid="0F26B4D3-0042-6075-339C-B0C7DAD2CE91">
<hideElementsInCurrentOnly>false</hideElementsInCurrentOnly>
<bounds x="366" y="819" width="280" height="91"/>
</OView>
<OView class="oracle.dbtools.crest.swingui.relational.TVView" oid="3BF9E5F2-88AD-B8B4-42B0-847A560EF67C" otype="View" vid="BD877563-6DD2-E7DF-FE7E-0830A97D6AAA">
<hideElementsInCurrentOnly>false</hideElementsInCurrentOnly>
<bounds x="20" y="2280" width="231" height="249"/>
</OView>
<OView class="oracle.dbtools.crest.swingui.relational.TVTable" oid="5106E8EF-D700-FE2B-2B8E-F6F83380D00E" otype="Table" vid="A0EC7F18-3FB5-3682-7798-E49BAA0D7854">
<hideElementsInCurrentOnly>false</hideElementsInCurrentOnly>
<bounds x="388" y="219" width="280" height="292"/>
</OView>
<OView class="oracle.dbtools.crest.swingui.relational.TVTable" oid="90C10246-64F9-E0EB-F309-7458975345B1" otype="Table" vid="39ECB852-0F71-D7CE-601A-0442CFD04862">
<hideElementsInCurrentOnly>false</hideElementsInCurrentOnly>
<bounds x="15" y="819" width="280" height="91"/>
</OView>
<OView class="oracle.dbtools.crest.swingui.relational.TVTable" oid="AA6C08A2-7450-59FC-82F8-8C1F8B27F36F" otype="Table" vid="812EC605-A148-7F11-0EA0-27DA71A66963">
<hideElementsInCurrentOnly>false</hideElementsInCurrentOnly>
<bounds x="15" y="219" width="280" height="292"/>
</OView>
<OView class="oracle.dbtools.crest.swingui.relational.TVTable" oid="AF81CABC-2071-B987-C66E-99E426DB6F8D" otype="Table" vid="7FCF3472-E848-9273-ECD0-57AFA06DF2F7">
<hideElementsInCurrentOnly>false</hideElementsInCurrentOnly>
<bounds x="15" y="579" width="280" height="191"/>
</OView>
<OView class="oracle.dbtools.crest.swingui.relational.TVTable" oid="DEE6E5DB-5E35-C098-CD09-31C36103F4B2" otype="Table" vid="CA519904-2745-D8B1-0785-303F440E1FE1">
<hideElementsInCurrentOnly>false</hideElementsInCurrentOnly>
<bounds x="20" y="20" width="280" height="161"/>
</OView>
<OView class="oracle.dbtools.crest.swingui.relational.TVTable" oid="EF9A3EB5-2AA0-5FD0-7325-126AB44DE486" otype="Table" vid="689835A0-CF04-6C50-EACF-B202D7E34E7A">
<hideElementsInCurrentOnly>false</hideElementsInCurrentOnly>
<bounds x="744" y="20" width="280" height="161"/>
</OView>
</objectViews>
<connectors>
<Connector class="oracle.dbtools.crest.swingui.relational.TVFKRelation" oid="0D9ACB7F-D2D8-62CD-412F-299BBC2E90C2" otype="FKIndexAssociation" vid_source="812EC605-A148-7F11-0EA0-27DA71A66963" vid_target="CA519904-2745-D8B1-0785-303F440E1FE1">
<hideElementsInCurrentOnly>false</hideElementsInCurrentOnly>
<backgroundColor>-16777216</backgroundColor>
<lineWidth>1</lineWidth>
<points>
<point x="162" y="219"/>
<point x="162" y="181"/>
</points>
</Connector>
<Connector class="oracle.dbtools.crest.swingui.relational.TVFKRelation" oid="1D6FA123-8FB6-0664-ECC0-CF0CD72B761B" otype="FKIndexAssociation" vid_source="0F26B4D3-0042-6075-339C-B0C7DAD2CE91" vid_target="39ECB852-0F71-D7CE-601A-0442CFD04862">
<hideElementsInCurrentOnly>false</hideElementsInCurrentOnly>
<backgroundColor>-16777216</backgroundColor>
<lineWidth>1</lineWidth>
<points>
<point x="366" y="864"/>
<point x="295" y="864"/>
</points>
</Connector>
<Connector class="oracle.dbtools.crest.swingui.relational.TVFKRelation" oid="2B6EA016-7DBF-A151-2B21-9AFAADADC768" otype="FKIndexAssociation" vid_source="39ECB852-0F71-D7CE-601A-0442CFD04862" vid_target="7FCF3472-E848-9273-ECD0-57AFA06DF2F7">
<hideElementsInCurrentOnly>false</hideElementsInCurrentOnly>
<backgroundColor>-16777216</backgroundColor>
<lineWidth>1</lineWidth>
<points>
<point x="155" y="819"/>
<point x="155" y="770"/>
</points>
</Connector>
<Connector class="oracle.dbtools.crest.swingui.relational.TVFKRelation" oid="2D3ADA18-52EE-9A40-172B-EB372827939F" otype="FKIndexAssociation" vid_source="689835A0-CF04-6C50-EACF-B202D7E34E7A" vid_target="A0EC7F18-3FB5-3682-7798-E49BAA0D7854">
<hideElementsInCurrentOnly>false</hideElementsInCurrentOnly>
<backgroundColor>-16777216</backgroundColor>
<lineWidth>1</lineWidth>
<points>
<point x="891" y="181"/>
<point x="530" y="150"/>
<point x="547" y="219"/>
</points>
</Connector>
<Connector class="oracle.dbtools.crest.swingui.relational.TVFKRelation" oid="82D94D08-7B27-994B-0EB0-5EEA980983CC" otype="FKIndexAssociation" vid_source="A0EC7F18-3FB5-3682-7798-E49BAA0D7854" vid_target="CA519904-2745-D8B1-0785-303F440E1FE1">
<hideElementsInCurrentOnly>false</hideElementsInCurrentOnly>
<backgroundColor>-16777216</backgroundColor>
<lineWidth>1</lineWidth>
<points>
<point x="507" y="219"/>
<point x="500" y="150"/>
<point x="134" y="181"/>
</points>
</Connector>
<Connector class="oracle.dbtools.crest.swingui.relational.TVFKRelation" oid="8B9150A5-02DB-7DD2-A7ED-238550340A1F" otype="FKIndexAssociation" vid_source="689835A0-CF04-6C50-EACF-B202D7E34E7A" vid_target="CA519904-2745-D8B1-0785-303F440E1FE1">
<hideElementsInCurrentOnly>false</hideElementsInCurrentOnly>
<backgroundColor>-16777216</backgroundColor>
<lineWidth>1</lineWidth>
<points>
<point x="744" y="181"/>
<point x="513" y="109"/>
<point x="513" y="109"/>
<point x="300" y="181"/>
</points>
</Connector>
<Connector class="oracle.dbtools.crest.swingui.relational.TVFKRelation" oid="99860053-B15B-7031-770D-9FCB9B7C531B" otype="FKIndexAssociation" vid_source="A0EC7F18-3FB5-3682-7798-E49BAA0D7854" vid_target="A0EC7F18-3FB5-3682-7798-E49BAA0D7854">
<hideElementsInCurrentOnly>false</hideElementsInCurrentOnly>
<backgroundColor>-16777216</backgroundColor>
<lineWidth>1</lineWidth>
<points>
<point x="646" y="379"/>
<point x="661" y="365"/>
<point x="661" y="526"/>
<point x="506" y="526"/>
<point x="506" y="511"/>
</points>
</Connector>
<Connector class="oracle.dbtools.crest.swingui.relational.TVFKRelation" oid="A56DFE37-AF7B-6A38-CA9B-A0FDEA024318" otype="FKIndexAssociation" vid_source="812EC605-A148-7F11-0EA0-27DA71A66963" vid_target="A0EC7F18-3FB5-3682-7798-E49BAA0D7854">
<hideElementsInCurrentOnly>false</hideElementsInCurrentOnly>
<backgroundColor>-16777216</backgroundColor>
<lineWidth>1</lineWidth>
<points>
<point x="295" y="400"/>
<point x="343" y="412"/>
<point x="343" y="412"/>
<point x="388" y="400"/>
</points>
</Connector>
<Connector class="oracle.dbtools.crest.swingui.relational.TVFKRelation" oid="C8E4ECF9-CA64-E816-9B0A-28742C73BB5E" otype="FKIndexAssociation" vid_source="A0EC7F18-3FB5-3682-7798-E49BAA0D7854" vid_target="812EC605-A148-7F11-0EA0-27DA71A66963">
<hideElementsInCurrentOnly>false</hideElementsInCurrentOnly>
<backgroundColor>-16777216</backgroundColor>
<lineWidth>1</lineWidth>
<points>
<point x="388" y="386"/>
<point x="353" y="372"/>
<point x="353" y="372"/>
<point x="295" y="386"/>
</points>
</Connector>
<Connector class="oracle.dbtools.crest.swingui.relational.TVFKRelation" oid="D5C05EF5-33D1-B7ED-74E5-6D6A81B7CE28" otype="FKIndexAssociation" vid_source="7FCF3472-E848-9273-ECD0-57AFA06DF2F7" vid_target="812EC605-A148-7F11-0EA0-27DA71A66963">
<hideElementsInCurrentOnly>false</hideElementsInCurrentOnly>
<backgroundColor>-16777216</backgroundColor>
<lineWidth>1</lineWidth>
<points>
<point x="164" y="579"/>
<point x="164" y="511"/>
</points>
</Connector>
</connectors>
</Diagram>