<?xml version = '1.0' encoding = 'UTF-8'?>
<Cube class="oracle.dbtools.crest.model.design.multidimensional.Cube" name="COSTS" directorySegmentName="seg_0" id="E2B3A296-6366-90AD-FC3C-2C5E63569238">
<createdBy>pstoyano</createdBy>
<createdTime>2009-07-01 16:57:26 UTC</createdTime>
<ownerDesignName>all_schemas</ownerDesignName>
<nameInOracleAW>COSTS</nameInOracleAW>
<compressedcomposites>false</compressedcomposites>
<factEntity>20C8685B-C3BC-EF71-B9BC-6C994E6C4D21</factEntity>
<partitioned>true</partitioned>
<useGlobalComposites>false</useGlobalComposites>
<virtual>true</virtual>
<dimensions>
<dimension>7697C54D-79B4-6F14-B226-E50EC7590AA6</dimension>
<dimension>780C6672-16A6-2124-3FE7-21F6C5014035</dimension>
<dimension>2468E911-FD81-6349-B6DE-5F038F25B8F4</dimension>
<dimension>65135D97-5344-791F-85AE-2D1F5C0EEA3B</dimension>
</dimensions>
<measures itemClass="oracle.dbtools.crest.model.design.multidimensional.Measure">
<measure name="UNIT_COST" id="B647B519-3919-5F44-4C22-0AFE8534F92A">
<createdBy>pstoyano</createdBy>
<createdTime>2009-07-01 16:57:26 UTC</createdTime>
<ownerDesignName>all_schemas</ownerDesignName>
<nameInOracleAW>UNIT_COST</nameInOracleAW>
<actasFactDimension>false</actasFactDimension>
<additivity>Fully-Additive</additivity>
<aggregationFunctionID>2</aggregationFunctionID>
<cube>E2B3A296-6366-90AD-FC3C-2C5E63569238</cube>
<isformula>false</isformula>
<iscustomFormula>false</iscustomFormula>
<measureFact>64D27554-D000-FB66-BAA0-5E71C6031192</measureFact>
<olAPoffset>0</olAPoffset>
<olAPoperator>Lag</olAPoperator>
<olAPPeriodToDateoperation>AVERAGE</olAPPeriodToDateoperation>
<olAPStart>0</olAPStart>
<olAPStep>1</olAPStep>
<olAPStop>1</olAPStop>
<oracleAWFormulaType>NO</oracleAWFormulaType>
<rankDirectionCode>HL</rankDirectionCode>
<rankDirectionName>Highest To Lowest</rankDirectionName>
<aggregationFunctions>
<function class="oracle.dbtools.crest.model.design.multidimensional.Measure$AggregateFunction" name="SUM" id="1">
<measureAlias>UNIT_COST</measureAlias>
</function>
</aggregationFunctions>
</measure>
<measure name="UNIT_PRICE" id="F41358FD-5C73-B99D-61C6-1D09CD74E49B">
<createdBy>pstoyano</createdBy>
<createdTime>2009-07-01 16:57:26 UTC</createdTime>
<ownerDesignName>all_schemas</ownerDesignName>
<nameInOracleAW>UNIT_PRICE</nameInOracleAW>
<actasFactDimension>false</actasFactDimension>
<additivity>Fully-Additive</additivity>
<aggregationFunctionID>2</aggregationFunctionID>
<cube>E2B3A296-6366-90AD-FC3C-2C5E63569238</cube>
<isformula>false</isformula>
<iscustomFormula>false</iscustomFormula>
<measureFact>DD5652D1-591C-F20A-1EFE-C6FBAC2E2524</measureFact>
<olAPoffset>0</olAPoffset>
<olAPoperator>Lag</olAPoperator>
<olAPPeriodToDateoperation>AVERAGE</olAPPeriodToDateoperation>
<olAPStart>0</olAPStart>
<olAPStep>1</olAPStep>
<olAPStop>1</olAPStop>
<oracleAWFormulaType>NO</oracleAWFormulaType>
<rankDirectionCode>HL</rankDirectionCode>
<rankDirectionName>Highest To Lowest</rankDirectionName>
<aggregationFunctions>
<function class="oracle.dbtools.crest.model.design.multidimensional.Measure$AggregateFunction" name="SUM" id="1">
<measureAlias>UNIT_PRICE</measureAlias>
</function>
</aggregationFunctions>
</measure>
</measures>
<factContainers>
<container>20C8685B-C3BC-EF71-B9BC-6C994E6C4D21</container>
</factContainers>
</Cube>