<?xml version="1.0" encoding="UTF-8" ?>
<!-- File contains Custom Libraries Scripts -->
<custom_libraries>
	<lib id="B310E434-78AE-6AED-EA94-6808B0262483" name="my first library" engine="Oracle Nashorn" methods="checkcomments,NotNullConstr_Name_Length" >
		<script>
			<![CDATA[// variable used to return custom message
var ruleMessage;
// variable used to return the type of the rule Error
// or Warning and red/blue color will be used for result
// if another custom type is returned (Problem in the rule below) 
// then result is colored in yellow
var errType;
var table;
function checkcomments(object){
 result = true;
 ruleMessage="";
 if(table.getCommentInRDBMS().equals("")){
  ruleMessage="no comments in RDBMS defined";
  errType="Problem:";
  result = false;
 }
 if(table.getComment().equals("")){
  if(ruleMessage.equals("")){
   ruleMessage="no comments defined";
  }else{
   ruleMessage= ruleMessage +" , no comments defined";
   }
   // can be changed to Warning    
   errType="Error";
  return false;
 }
 return result;
}
//rule for not null constraint name
function NotNullConstr_Name_Length(column){
 model = column.getDesignPart();
 name = column.getNotNullConstraintName();
 result = true;
 if(name!=null && !"".equals(name)){
	holder = model.getNamingOptionsHolderFor("oracle.dbtools.crest.model.design.constraint.TableLevelConstraint");
	if ((holder.getMaxNameLength() > 0) && (name.length() > holder.getMaxNameLength())) {
		result = false;
	}
 }
 return result
}]]>
		</script>
	</lib>
	<lib id="2518F33A-DE50-9E1D-7216-DD2A0FD6B84C" name="Jruby lib" engine="JSR 223 JRuby Engine" methods="tables_up" >
		<script>
			<![CDATA[def tables_up(model)
tables = model.getTableSet().toArray()
for t in 0..tables.length-1
 table = tables[t]
 name = table.getName().upcase
 table.setName(name)
 columns = table.getElements()
 size = table.getElementsCollection().size()-1
 for i in 0..size
	column = columns[i]
	cname = column.getName().upcase
	column.setName(cname)
 end
 keys = table.getKeys()
 for i in 0..keys.length-1
  key = keys[i]
  kname = key.getName().upcase
  key.setName(kname)
 end
end
return true
end]]>
		</script>
	</lib>
	<lib id="79C2ED6C-9A18-434F-F0FE-838F87B60814" name="TJRS lib" engine="Oracle Nashorn" methods="versaoBiblioteca,indexWithInvalidName,FKWithOutIndex,createIndexOnFK,normalizeIndexName,tableWithOutPK,tableWithOutVolumetry,tableWithOutDataCompression,generateSQLConfiguration,normalizeStorageProperties,validateTableTablespaceUsage,sequencesWithNOCACHE" >
		<script>
			<![CDATA[// Variable used to return custom message
var ruleMessage;
  
// Variables used to return the type of the ruler Error
// or Warning and red/blue  color will be used for result
// if another custom type is returned (Problem in the rule below)
// then result is colored in yellow.
var errType;

/*============================================================================*/

function versaoBiblioteca() {
  var versao = "Versão: 1.1.15.02.2019";
  var titulo = "TJRS - Biblioteca de scripts";

  javax.swing.JOptionPane
     .showMessageDialog
     (null, 
      versao,
      titulo,
      javax.swing.JOptionPane.INFORMATION_MESSAGE
     );
}

/*============================================================================*/

/**
 * Validate the index name, through a ReGex, based on the following
 * document:
 * https://www.tjrs.gov.br/sistemas/redmine/projects/dc34vcqwe4/wiki/Padr%C3%A3o_de_Nome_de_Objetos_de_Banco_de_Dados
 * Parameter
 *   pIndex: a index object
 * Returns
 *   Boolean. True if the index name conforms to index name rule, 
 *            otherwise False.
 */
function isValidIndexName(pIndex) {
   /**
    * Regular expression to match an index name
    * For more information, acess: https://regex101.com/r/aA8hI6/1
    * 
    * Rationale: ^IDX\_.+\_\d{2}$ or /^PK\_.+\_\d{2}$/i
    *   ^ asserts position at start of a line
    *   IDX matches the characters IDX literally (case sensitive)
    *   \_ matches the character _ literally (case sensitive)
    *   .+ matches any character (except for line terminators)
    *   + Quantifier — Matches between one and unlimited times, as many times as possible, giving back as needed (greedy)
    *   \_ matches the character _ literally (case sensitive)
    *   \d{2} matches a digit (equal to [0-9])
    *   {2} Quantifier — Matches exactly 2 times
    *   $ asserts position at the end of a line
    */
   regexp = (pIndex.isPK() ? /^PK\_.+\_\d{2}$/i : /^IDX\_.+\_\d{2}$/i);
   
   return regexp.test(pIndex.getName());
}

/*============================================================================*/

/**
 * Pad zeros to a given number
 * 
 * Parameters
 *   num: a number to be paded
 *   size: leftmost zeroes to pad
 * Returns
 *   The number with leftmost zeroes
 */
function pad(num, size) {
   var s = num+"";
   while (s.length < size) s = "0" + s;
   return s;
}

/*============================================================================*/

/**
 * This Design rule aims to spot indexes, which as not compliance
 * with name formation rule.
 * 
 * Parameters
 *    table: a given table object
 * Returns
 *    Boolean. True if the design rule is satisfied,
 *             otherwise False.
 */
function indexWithInvalidName(table) {

  // Stores the result of this custom
  // design rule.
  result  = true;  

  // Stores the list of table's keys, 
  // and then iterate over it.
  indexes = table.getKeys();
  
  for (var i = 0; i < indexes.length; i++) {
    index = indexes[i];
    if (!index.isPK()){
    	 if (!isValidIndexName(index)) {
    	   ruleMessage  = "The index " + index.getName();
    	   ruleMessage += " has an invalid name. It must be IDX_"
    	   ruleMessage += table.getName() + "_NN, where NN is a two digits number.";
    	   errType = "Error";
    	   return false;
    	 }
    }
  }
  return result;
}

/*============================================================================*/

/**
 * This Design rule aims to spot foreign key constraints which
 * have no index to support it.
 * 
 * Parameters
 *   table: a given table object
 * Returns
 *    Boolean. True if the design rule is satisfied,
 *             otherwise False.
 */
function FKWithOutIndex(table) {

  // Stores the list of table's keys, 
  // and then iterate over it.
  indexes       = table.getKeys();

  // Stores the result of this custom
  // design rule.
  result        = true;

  // Helps to control message text composition.
  newIndexCount = 0;

  // The error message template.
  ruleMessage   = "There is no index for constraint(s):";
	
  // Return an index reference for a given table and
  // column set
  function getIndex(tab,cols){
    keys = tab.getKeys();
    for (var i = 0; i < keys.length; i++) {
      indexTmp = keys[i];
      if(!(indexTmp.isPK() || indexTmp.isUnique()) && !indexTmp.isFK() && indexTmp.isIndexForColumns(cols)){
        return indexTmp
      }
    }
    return null;
  }
  
  for (var i = 0; i < indexes.length; i++) {
    index = indexes[i];
    if (index.isFK()){
      columns = index.getColumns();
      if (columns.length>0){
        newIndex = getIndex(table,columns);
        if (newIndex==null){
          separator    = (++newIndexCount > 1) ? "; " : " ";          
          ruleMessage += separator + index.getName();
          errType      = "Error";
          result       = false;
        }
      }
    }
  }
  return result;
}

/*============================================================================*/

/**
 * This custom transformation aims to spot FKs with have no index
 * and then create the index definition to support it.
 */
function createIndexOnFK() {
  function getIndex(tab,cols){
   keys = tab.getKeys();
   for (var i = 0; i < keys.length; i++) {
    indexTmp = keys[i];
    if(!(indexTmp.isPK() || indexTmp.isUnique()) && !indexTmp.isFK() && indexTmp.isIndexForColumns(cols)){
       return indexTmp
     }
   }
   return null;
  }
  
  // Variable to store sequences for index name for
  // each table from the model. This sequence will be used
  // to form the index name, when it does not follow the naming
  // formation rule.
  var tablesIndexSequence;
  
  tables = model.getTableSet().toArray();
  for (var t = 0; t<tables.length;t++){
    table = tables[t];
    tablesIndexSequence = 0;
    indexes = table.getKeys();
    for (var i = 0; i < indexes.length; i++) {
       index = indexes[i];
       if(index.isFK()){
        columns = index.getColumns();
        if(columns.length>0){
          newIndex = getIndex(table,columns);       
          if(newIndex==null){         
            newIndex = table.createIndex();
            newIndex.setName('IDX_' + table.getName() + '_' + pad(++tablesIndexSequence, 2));
            table.setDirty(true);
            for (var k = 0; k < columns.length; k++){
              newIndex.add(columns[k]);
            }
          }
        }
      }
    }
  }
}

/*============================================================================*/

/**
 * This custom transformation aims to spot invalid index names, and then
 * normalize its name according to name formation rules.
 * 
 * See https://www.tjrs.gov.br/sistemas/redmine/projects/dc34vcqwe4/wiki/Padr%C3%A3o_de_Nome_de_Objetos_de_Banco_de_Dados
 */
function normalizeIndexName() {
  // Variable to store sequences for index name for
  // each table from the model. This sequence will be used
  // to form the index name, when it does not follow the naming
  // formation rule.
  var tablesIndexSequence;

  // Search for the highest index sequence by
  // transversing pIndexes array;
  function initIndexSequence(pIndexes, pTable) {

  	indexSequenceTmp = 1;
  	indexSequenceRet = 1;
  	colision         = false;
  	  	
  	for (var seq = 0; seq < pIndexes.length; seq++) {
  		indexTmp = pIndexes[seq];

          // Discard PK index in search of highest index
          // sequence.
  		if (!indexTmp.isPK()) {
  		   indexNameTmp = "IDX_" + pTable.getName() + "_" + pad(indexSequenceTmp++, 2);
  		   indexTmp     = null;
  		   indexTmp     = pTable.getIndexByName(indexNameTmp);

  		   if (indexTmp != null) {
  			 indexSequenceRet = indexSequenceTmp;
  			 colision = true;
  		   }
  	     }
  	}

  	return (colision ? indexSequenceRet : 1);
  }

  tables = model.getTableSet().toArray();
  for (var t = 0; t < tables.length; t++) {
  	tableTmp = tables[t];
     indexes  = tableTmp.getKeys();
     tablesIndexSequence = initIndexSequence(indexes, tableTmp);
     for (var i = 0; i < indexes.length; i++) {
        index = indexes[i];             
        if (!isValidIndexName(index)) {
        	// Set the new index name based on naming rule.
        	// For PK index, the sequence will be discarded.
          //index.setName((index.isPK() ? "PK_" : "IDX_") + tableTmp.getName() + "_" + pad(tablesIndexSequence++, 2));

          index.setName((index.isPK() ? "PK_" : "IDX_") + tableTmp.getName() + (index.isPK() ? "" : "_" + pad(tablesIndexSequence++, 2)));
          
          tableTmp.setDirty(true);
        }
     }
  }
}

/*============================================================================*/

/**
 * This Design rule aims to spot table which
 * have no primary key.
 * 
 * Parameters
 *   table: a given table object
 * Returns
 *    Boolean. True if the design rule is satisfied,
 *             otherwise False.
 */
function tableWithOutPK(table) {

  // Stores the result of this custom
  // design rule.
  result        = true;

  // Try to retrieve the table's PK.
  pk = table.getPK();

  if (pk == null) {
  	ruleMessage = "there is no primary key for this table.";
     errType     = "Error";
     result      = false;
  }

  return result;
}

/*============================================================================*/

/**
 * This Design rule aims to spot table which
 * have no expected volume registered in the model.
 * 
 * Parameters
 *   table: a given table object
 * Returns
 *    Boolean. True if the design rule is satisfied,
 *             otherwise False.
 */

function tableWithOutVolumetry(table) {

  // Stores the result of this custom
  // design rule.
  result        = true;	

  // Get the expected amount of rows
  expectedVolume = table.getExpectedVolumes();

  if (expectedVolume == 0 || expectedVolume == null) {
  	ruleMessage = "the table property 'Expected' cannot be 0 or null. Check table's Volume Properties.";
     errType     = "Error";
     result      = false;
  }

  return result;  
}

/*============================================================================*/

/**
 * This Design rule aims to spot table which
 * have no expected volume property registered in the model.
 * 
 * Parameters
 *   table: a given table object
 * Returns
 *    Boolean. True if the design rule is satisfied,
 *             otherwise False.
 */

function tableWithOutVolumetry(table) {

  // Stores the result of this custom
  // design rule.
  result        = true;	

  // Get the expected amount of rows
  expectedVolume = table.getExpectedVolumes();

  if (expectedVolume == 0 || expectedVolume == null) {
  	ruleMessage = "the table property 'Expected' cannot be 0 or null. Check table's Volume Properties.";
     errType     = "Error";
     result      = false;
  }

  return result;  
}

/*============================================================================*/

/**
 * This Design rule aims to spot table which
 * have no compression property assigned to it.
 * 
 * Parameters
 *   table: a given table object
 * Returns
 *    Boolean. True if the design rule is satisfied,
 *             otherwise False.
 */
function tableWithOutDataCompression(table) {

  // Stores the result of this custom
  // design rule.
  result        = true;	

  // Get the expected amount of rows
  expectedVolume = table.getExpectedVolumes();

  if (expectedVolume == 0 || expectedVolume == null) {
  	ruleMessage = "the table property 'Expected' cannot be 0 or null. Check table's Volume Properties.";
     errType     = "Error";
     result      = false;
  }

  return result;  
}

/**
 * The goal of this custom transformation script is to modify SQL command line
 * session to set stop running the script on failure behavior and force
 * the current schema to avoid to create the object in the wrong schema.
 * 
 * This function is being used by DDL Generator.
 */
function generateSQLConfiguration() {
	var cfgDDL;

	cfgDDL  = "\nPROMPT Configuracao do ambiente de execucao do SQL\n";
	cfgDDL += "WHENEVER SQLERROR EXIT FAILURE;\n";
	
     // Assumes that the first element from the array of users is
     // the correct user that represents the main model's schema.
     // There is opened at My Oracle Support, SR 3-19213495941, asking how to
     // get this information from Relational Model, Schemas rather than from
     // from Physcal Model.

     // ABS - TODO: find a solution to get the correct schema owner from
     //             model. Meanwhile, it will use <<AJUSTAR SCHEMA>> literal to
     //             avoid wrong schema mane for ALTER SESSION.
     //users = model.getStorageDesign().getUserSchemaSet().toArray();
     //user  = users[0];
     //cfgDDL += "ALTER SESSION SET CURRENT_SCHEMA=" + user.getName() + "\n\n";
     cfgDDL += "ALTER SESSION SET CURRENT_SCHEMA=<<AJUSTAR SCHEMA>>;\n";

	cfgDDL += "SET SCAN OFF;\n";
	cfgDDL += "SET ECHO ON;\n";
     cfgDDL += "SET TIMING ON;\n\n";
	
	// Add the configuration at the begining of DDL script
	ddlStatementsList.add(new java.lang.String(cfgDDL));
}

/*============================================================================*/

function getTableVolumetry(pTable) {
	
	var table = model.getTableSet().getByName(pTable.getName());
	var retVolumetry = 0;
	
	if (table != null) {
		retVolumetry = table.getExpectedVolumes();
	}
	
	return retVolumetry;
}

/*============================================================================*/

/**
 * The goal of this custom transformation script is to adjust
 * tables' storage parameters according to cient's standards.
 * For example, the right tablespace will be defined based on "expected rows"
 * property, stored in tables' metadata. There are a set of other properties that
 * will be adjusted as client's standards.
 */
function normalizeStorageProperties() {

	// Constants for properties to be updated in
	// the model.
	var DATA_COMPRESSION_YES  = "YES";
	var DATA_COMPRESSION_HIGH = "HIGH";
	var COMPRESSION_OLTP      = "OLTP";
	var LOB_STORAGE_TYPE_SEC  = "SECUREFILE";
	var LOB_DUP_TYPE_DEDUP    = "DEDUPLICATE";
	var LOB_CACHE_READS       = "CACHE READS";
	var LOB_CHUNK_ZERO        = 0;
	var LOB_VERSION_RETENTION = "RETENTION";

	// Table's Tablespace per expected rows
	var TABLE_TABLESPACE_SMALL  = "HP_1M_01D";
	var TABLE_TABLESPACE_MEDIUM = "HP_16M_01D";
	var TABLE_TABLESPACE_LARGE  = "HP_256M_01D";
	
	// Index's Tablespace per table expected rows
	var INDEX_TABLESPACE_SMALL  = "HP_1M_01X";
	var INDEX_TABLESPACE_MEDIUM = "HP_16M_01X";
	var INDEX_TABLESPACE_LARGE  = "HP_256M_01X";
	
	// Lob's Tablespace per table expected rows
	var LOB_TABLESPACE_SMALL  = "OA_1M_32K_01L";
	var LOB_TABLESPACE_MEDIUM = "OA_16M_32K_01L";
	var LOB_TABLESPACE_LARGE  = "OA_256M_32K_01L";

	// Volumetry ranges
	var START_RANGE_SMALL  = 1;
	var END_RANGE_SMALL    = 100000;
	var START_RANGE_MEDIUM = 100001;
	var END_RANGE_MEDIUM   = 1000000;
	var START_RANGE_LARGE  = 1000001;

	// Retrieve and process a set of tables from the Physical Model
	var tables = model.getStorageDesign().getTableProxySet().toArray();
	
	for (var i=0; i < tables.length; i++) {
		table = tables[i]
	
		// Adjust table compression and compression type
		if (table.getDataSegmentCompression() != DATA_COMPRESSION_YES) {
			table.setDataSegmentCompression(DATA_COMPRESSION_YES);
			table.setDirty(true);
		}
	
		if (table.getCompressionType() != COMPRESSION_OLTP) {
			table.setCompressionType(COMPRESSION_OLTP);
			table.setDirty(true);
		}
		
		// Adjust table's tablespace based on volumetry stored
		// in table's Relational Model section.
		tableVolumetry = getTableVolumetry(table);
		if (tableVolumetry != null) {
			if (tableVolumetry >= START_RANGE_SMALL && tableVolumetry <= END_RANGE_SMALL) {
				tableSpace = model.getStorageDesign().getTableSpaceSet().getByName(TABLE_TABLESPACE_SMALL);
				table.setTableSpace(tableSpace);
			} else if (tableVolumetry >= START_RANGE_MEDIUM && tableVolumetry <= END_RANGE_MEDIUM) {
				tableSpace = model.getStorageDesign().getTableSpaceSet().getByName(TABLE_TABLESPACE_MEDIUM);
				table.setTableSpace(tableSpace);
			} else if (tableVolumetry >= START_RANGE_LARGE) {
				tableSpace = model.getStorageDesign().getTableSpaceSet().getByName(TABLE_TABLESPACE_LARGE);
				table.setTableSpace(tableSpace);
			}
		}

	     // Adjust table indexes' tablespace based on volumetry stored
		// in table's Relational Model section.
	     tableIndexes = table.getIndexes().toArray();
	     for (var x=0; x < tableIndexes.length; x++) {
	     	tableIndex = tableIndexes[x];
	     	if (tableVolumetry != null) {
	     		if (tableVolumetry >= START_RANGE_SMALL && tableVolumetry <= END_RANGE_SMALL) {
	     			tableSpace = model.getStorageDesign().getTableSpaceSet().getByName(INDEX_TABLESPACE_SMALL);
	     			tableIndex.setTableSpace(tableSpace);
	     		} else if (tableVolumetry >= START_RANGE_MEDIUM && tableVolumetry <= END_RANGE_MEDIUM) {
	     			tableSpace = model.getStorageDesign().getTableSpaceSet().getByName(INDEX_TABLESPACE_MEDIUM);
	     			tableIndex.setTableSpace(tableSpace);
	     		} else if (tableVolumetry >= START_RANGE_LARGE) {
	     			tableSpace = model.getStorageDesign().getTableSpaceSet().getByName(INDEX_TABLESPACE_LARGE);
	     			tableIndex.setTableSpace(tableSpace);
	     		}

	     		tableIndex.setDirty(true);
	     	}
	     }
	     
		// Adjust table's Lob Storage ans Tablespace, just in case it exists for the underlying table,
		// as follows:
		tableLobStorages = table.getLobStorages().toArray();
		for (var k=0; k < tableLobStorages.length; k++) {
			tableLobStorage = tableLobStorages[k];
			
			tableLobStorage.setLobStorageType(LOB_STORAGE_TYPE_SEC);
			tableLobStorage.setCompression(DATA_COMPRESSION_YES);
			tableLobStorage.setCompressionType(DATA_COMPRESSION_HIGH);
			tableLobStorage.setDuplication(LOB_DUP_TYPE_DEDUP);
			tableLobStorage.setCache(LOB_CACHE_READS);
			tableLobStorage.setChunk(LOB_CHUNK_ZERO);
			tableLobStorage.setOldVersions(LOB_VERSION_RETENTION);

	     	if (tableVolumetry != null) {
	     		if (tableVolumetry >= START_RANGE_SMALL && tableVolumetry <= END_RANGE_SMALL) {
	     			tableSpace = model.getStorageDesign().getTableSpaceSet().getByName(LOB_TABLESPACE_SMALL);
	     			tableLobStorage.setTableSpace(tableSpace);
	     		} else if (tableVolumetry >= START_RANGE_MEDIUM && tableVolumetry <= END_RANGE_MEDIUM) {
	     			tableSpace = model.getStorageDesign().getTableSpaceSet().getByName(LOB_TABLESPACE_MEDIUM);
	     			tableLobStorage.setTableSpace(tableSpace);
	     		} else if (tableVolumetry >= START_RANGE_LARGE) {
	     			tableSpace = model.getStorageDesign().getTableSpaceSet().getByName(LOB_TABLESPACE_LARGE);
	     			tableLobStorage.setTableSpace(tableSpace);
	     		}
	     	}
	     	
			table.setDirty(true);
		}
	}
}

/*============================================================================*/

/**
 * This Design rule aims to spot table which
 * wrong tablespace assingment, based on table's "Volume Properties",
 * "Expected" property.
 * 
 * Parameters
 *   table: a given table object
 * Returns
 *    Boolean. True if the design rule is satisfied,
 *             otherwise False.
 */
function validateTableTablespaceUsage(table) {
	// Table's Tablespace per expected rows
	var TABLE_TABLESPACE_SMALL  = "HP_1M_01D";
	var TABLE_TABLESPACE_MEDIUM = "HP_16M_01D";
	var TABLE_TABLESPACE_LARGE  = "HP_256M_01D";
	
	// Index's Tablespace per table expected rows
	var INDEX_TABLESPACE_SMALL  = "HP_1M_01X";
	var INDEX_TABLESPACE_MEDIUM = "HP_16M_01X";
	var INDEX_TABLESPACE_LARGE  = "HP_256M_01X";
	
	// Lob's Tablespace per table expected rows
	var LOB_TABLESPACE_SMALL  = "OA_1M_32K_01L";
	var LOB_TABLESPACE_MEDIUM = "OA_16M_32K_01L";
	var LOB_TABLESPACE_LARGE  = "OA_256M_32K_01L";

	// Volumetry ranges
	var START_RANGE_SMALL  = 1;
	var END_RANGE_SMALL    = 100000;
	var START_RANGE_MEDIUM = 100001;
	var END_RANGE_MEDIUM   = 1000000;
	var START_RANGE_LARGE  = 1000001;

	var result = true;

	// Before move on check table's volumetry property
	if (!tableWithOutVolumetry(table)) {
		return false;
	}

	// Gets the reference to the model
	model = table.getDesignPart();

	// Retrieve from physical model the table storage
	tableStorage = model.getStorageDesign().getStorageObject(table.getObjectID());

	// Gets the tablespace assigned to the table
     tableTablespace = tableStorage.getTableSpace();
     
	// Gets the expected amount of rows 
	tableVolumetry = table.getExpectedVolumes();

     // Validate tablespace being used by the table based on its volumetry
	if (tableVolumetry != null) {
		ruleMessage  = "Invalid tablespace definition. Using "
		if (tableVolumetry >= START_RANGE_SMALL && tableVolumetry <= END_RANGE_SMALL) {
			if (!tableTablespace.getName().equals(TABLE_TABLESPACE_SMALL)) {
				result       = false;
				ruleMessage += tableTablespace;
				ruleMessage += " instead of " + TABLE_TABLESPACE_SMALL;
				errType      = "Error";
			}
		} else if (tableVolumetry >= START_RANGE_MEDIUM && tableVolumetry <= END_RANGE_MEDIUM) {
			if (!tableTablespace.getName().equals(TABLE_TABLESPACE_MEDIUM)) {
				result       = false;
				ruleMessage += tableTablespace;
				ruleMessage += " instead of " + TABLE_TABLESPACE_MEDIUM;
				errType      = "Error";
			}
		} else if (tableVolumetry >= START_RANGE_LARGE) {
			if (!tableTablespace.getName().equals(START_RANGE_LARGE)) {
				result       = false;
				ruleMessage += tableTablespace;
				ruleMessage += " instead of " + TABLE_TABLESPACE_LARGE;
				errType      = "Error";
			}
		}
	}

	return result;
}

/*============================================================================*/

/**
 * This Design rule aims to spot sequences that use the NOCACHE option.
 * NOCACHE must be used it caution and then the review by developer and/or
 * system analyst is needed.
 * 
 * Parameters
 *   table: a given table object
 * Returns
 *    Boolean. True if the design rule is satisfied,
 *             otherwise False.
 */
function sequencesWithNOCACHE(table) {
	var result = true;

	// Gets the reference to the model
	var model = table.getDesignPart();

	// Retrieve from physical model the sequence set
	var sequenceSet = model.getStorageDesign().getStorageObjectSetForType('Sequence');

     // Clear the design rule's content
     ruleMessage        = "";
     
     // Gets the Uder Defined Preferen to control the design rule
     // execution.
     var setting        = model.getAppView().getSettings();
     var validationDone = setting.getUserDefinedPreferenceValue("VALIDATED");

     if (validationDone.equalsIgnoreCase("false")) {
        //sequencesWithNOCACHE(table);

        // Set the UDF "VALIDATED" to "true" in order to run
        // this design rule once. The reason is that the sequences are
        // retrieved in the first object (table) feteched by the Javascript
        // runtime. Then the remaining table will be dismissed by this design rule once
        // the UDF "VALIDATED" was set to "true" in the first iteration.
        setting.addUserDefinedPreference("VALIDATED","true");

        javax.swing.JOptionPane
          .showMessageDialog
           (null, 
            "Please update the User Defined Preference 'VALIDATED' to 'false'.",
            "Action required",
            javax.swing.JOptionPane.INFORMATION_MESSAGE
           );
     }
     else {
     	return result;
     }
     
	sequenceArray = sequenceSet.toArray();

	for (var i=0; i < sequenceArray.length; i++) {
		sequence = sequenceArray[i];

		if (sequence.getNoCache().equalsIgnoreCase("YES")) {
			ruleMessage += " sequence " + sequence.getName() + " is defined as NOCACHE. Please, validate it with system analyst;";
			result = false;
		}
	}

	return result;
}]]>
		</script>
	</lib>
</custom_libraries>