<?xml version = '1.0' encoding = 'UTF-8'?>
<Diagram class="oracle.dbtools.crest.swingui.datatypes.DPVDataTypes" name="DataTypes" id="21DB5D9C-69A3-95D5-C882-0F9C15FEBBC1">
<createdBy>Administrator</createdBy>
<modifiedBy>User</modifiedBy>
<createdTime>2009-05-26 21:08:40 UTC</createdTime>
<autoRoute>false</autoRoute>
<boxInbox>true</boxInbox>
<showLegend>false</showLegend>
<showLabels>true</showLabels>
<showRelAttributes>false</showRelAttributes>
<gridEnabled>false</gridEnabled>
<showGrid>false</showGrid>
<diagramColor>-1</diagramColor>
<display>false</display>
<notation>0</notation>
<objectViews>
<OView class="oracle.dbtools.crest.swingui.datatypes.TVStructuredType" oid="27EEB3C3-4630-9227-E6E6-92A40FFAFA93" otype="StructuredType" vid="B6D3276D-6094-B853-7319-F3A7B5913EB2">
<hideElementsInCurrentOnly>false</hideElementsInCurrentOnly>
<bounds x="577" y="18" width="227" height="109"/>
</OView>
<OView class="oracle.dbtools.crest.swingui.datatypes.TVStructuredType" oid="2C585BCE-58BE-9A00-BA31-4CFC0933BC63" otype="StructuredType" vid="DB095CFF-96CE-28B3-35A2-843E31A5CC7A">
<hideElementsInCurrentOnly>false</hideElementsInCurrentOnly>
<bounds x="2529" y="676" width="220" height="641"/>
</OView>
<OView class="oracle.dbtools.crest.swingui.datatypes.TVStructuredType" oid="32B3F00D-D3ED-434A-1E58-BFD6AD512DB2" otype="StructuredType" vid="D30933B2-896E-910E-AFC3-5727E783C5D0">
<hideElementsInCurrentOnly>false</hideElementsInCurrentOnly>
<bounds x="1128" y="319" width="262" height="991"/>
</OView>
<OView class="oracle.dbtools.crest.swingui.datatypes.TVStructuredType" oid="47E390DE-0671-C4B1-8428-0F45CBEE18F8" otype="StructuredType" vid="B0831115-29BC-96A4-1CB5-236CE949F95A">
<hideElementsInCurrentOnly>false</hideElementsInCurrentOnly>
<bounds x="20" y="20" width="100" height="100"/>
</OView>
<OView class="oracle.dbtools.crest.swingui.datatypes.TVStructuredType" oid="5154FD30-16A8-526B-8CF6-CA4081A36C08" otype="StructuredType" vid="953B4955-CBA7-40F3-D050-BE5D68766688">
<hideElementsInCurrentOnly>false</hideElementsInCurrentOnly>
<bounds x="1632" y="1952" width="255" height="1173"/>
</OView>
<OView class="oracle.dbtools.crest.swingui.datatypes.TVStructuredType" oid="52190FE4-6217-1F29-53B0-0F404DB23232" otype="StructuredType" vid="BD883E3B-212B-FC5F-4D73-A5924A5C5332">
<hideElementsInCurrentOnly>false</hideElementsInCurrentOnly>
<bounds x="585" y="908" width="234" height="137"/>
</OView>
<OView class="oracle.dbtools.crest.swingui.datatypes.TVStructuredType" oid="56B74DB5-8A2A-64F3-DBA9-141017DC75D7" otype="StructuredType" vid="2F05E5FA-2094-86F1-8E74-844ECA89EB16">
<hideElementsInCurrentOnly>false</hideElementsInCurrentOnly>
<bounds x="339" y="20" width="195" height="67"/>
</OView>
<OView class="oracle.dbtools.crest.swingui.datatypes.TVStructuredType" oid="8326EC56-41AC-189E-9FAC-A59504C1E245" otype="StructuredType" vid="272A059E-791F-F975-F6AA-A3882E12F5EA">
<hideElementsInCurrentOnly>false</hideElementsInCurrentOnly>
<bounds x="1083" y="1924" width="175" height="109"/>
</OView>
<OView class="oracle.dbtools.crest.swingui.datatypes.TVStructuredType" oid="98B50857-BAF1-FB00-3CCC-10DA0A9F3B15" otype="StructuredType" vid="5B26090D-2CB6-4B4B-03B4-045DF997F03A">
<hideElementsInCurrentOnly>false</hideElementsInCurrentOnly>
<bounds x="67" y="21" width="234" height="95"/>
</OView>
<OView class="oracle.dbtools.crest.swingui.datatypes.TVStructuredType" oid="A3CE5FF0-DAFF-2679-9BD2-38A481C18284" otype="StructuredType" vid="ABE9B8F0-7218-1688-5D8E-4F2E1CAE59B3">
<hideElementsInCurrentOnly>false</hideElementsInCurrentOnly>
<bounds x="340" y="119" width="220" height="123"/>
</OView>
<OView class="oracle.dbtools.crest.swingui.datatypes.TVStructuredType" oid="C65536C7-F4ED-E7BB-B190-147BE189B1A8" otype="StructuredType" vid="92C68058-3167-928F-0837-B9A59835EBA5">
<hideElementsInCurrentOnly>false</hideElementsInCurrentOnly>
<bounds x="3730" y="537" width="248" height="1285"/>
</OView>
<OView class="oracle.dbtools.crest.swingui.datatypes.TVStructuredType" oid="CB3A0155-1676-D38E-944E-036F696E12F0" otype="StructuredType" vid="941918AD-697D-D7CD-94C9-338A2E3035BF">
<hideElementsInCurrentOnly>false</hideElementsInCurrentOnly>
<bounds x="70" y="179" width="220" height="67"/>
</OView>
<OView class="oracle.dbtools.crest.swingui.datatypes.TVStructuredType" oid="D0888014-7254-0045-9DEF-915F6076A298" otype="StructuredType" vid="5125F8DD-F51B-40C4-5B5F-8BF0FD240EAA">
<hideElementsInCurrentOnly>false</hideElementsInCurrentOnly>
<bounds x="2630" y="2393" width="220" height="501"/>
</OView>
<OView class="oracle.dbtools.crest.swingui.datatypes.TVStructuredType" oid="DT-B107DE30-053D-730C-ABBE-9E7B9BF83724@StructuredType0" otype="StructuredType" vid="9EBC0D7E-5A17-144D-14B2-A79D20C46DA5">
<hideElementsInCurrentOnly>false</hideElementsInCurrentOnly>
<bounds x="20" y="20" width="269" height="249"/>
</OView>
<OView class="oracle.dbtools.crest.swingui.datatypes.TVStructuredType" oid="E97DCA69-D5F5-0391-5B08-69D50246B57A" otype="StructuredType" vid="605289B4-48D1-470D-663E-9F27926301AB">
<hideElementsInCurrentOnly>false</hideElementsInCurrentOnly>
<bounds x="869" y="1654" width="178" height="81"/>
</OView>
<OView class="oracle.dbtools.crest.swingui.datatypes.TVStructuredType" oid="F2C1B542-3704-44FF-56EE-3C017160A8EA" otype="StructuredType" vid="7FF999D4-837B-8CA6-60AE-DC9A57F54FB7">
<hideElementsInCurrentOnly>false</hideElementsInCurrentOnly>
<bounds x="410" y="2263" width="221" height="319"/>
</OView>
<OView class="oracle.dbtools.crest.swingui.datatypes.TVStructuredType" oid="F50951CE-857B-9553-025E-745702AB9018" otype="StructuredType" vid="D1087AB6-A36A-C357-2A2B-BA52D94231A8">
<hideElementsInCurrentOnly>false</hideElementsInCurrentOnly>
<bounds x="74" y="1235" width="269" height="543"/>
</OView>
</objectViews>
<connectors>
<Connector class="oracle.dbtools.crest.swingui.datatypes.TVDTReference" oid="58338CCE-4E54-F2A7-9C8A-10025B692B83" otype="DTReference" vid_source="7FF999D4-837B-8CA6-60AE-DC9A57F54FB7" vid_target="D1087AB6-A36A-C357-2A2B-BA52D94231A8">
<hideElementsInCurrentOnly>false</hideElementsInCurrentOnly>
<backgroundColor>-16776961</backgroundColor>
<lineWidth>1</lineWidth>
<points>
<point x="410" y="2422"/>
<point x="520" y="1908"/>
<point x="208" y="1908"/>
<point x="74" y="1506"/>
</points>
</Connector>
<Connector class="oracle.dbtools.crest.swingui.datatypes.TVDTReference" oid="9883BA80-1F7F-1E1C-BBD7-32C3ED79EA80" otype="DTReference" vid_source="605289B4-48D1-470D-663E-9F27926301AB" vid_target="9EBC0D7E-5A17-144D-14B2-A79D20C46DA5">
<hideElementsInCurrentOnly>false</hideElementsInCurrentOnly>
<backgroundColor>-16776961</backgroundColor>
<lineWidth>1</lineWidth>
</Connector>
<Connector class="oracle.dbtools.crest.swingui.datatypes.TVDTReference" oid="A166F5CC-4557-AA8A-D963-095FA1547BA5" otype="DTReference" vid_source="5125F8DD-F51B-40C4-5B5F-8BF0FD240EAA" vid_target="92C68058-3167-928F-0837-B9A59835EBA5">
<hideElementsInCurrentOnly>false</hideElementsInCurrentOnly>
<backgroundColor>-16776961</backgroundColor>
<lineWidth>1</lineWidth>
<points>
<point x="2630" y="2643"/>
<point x="2719" y="1736"/>
<point x="3833" y="1736"/>
<point x="3730" y="1179"/>
</points>
</Connector>
<Connector class="oracle.dbtools.crest.swingui.datatypes.TVDTReference" oid="ACA18004-3D8A-1FD2-A04D-77C319DBFB3B" otype="DTReference" vid_source="5125F8DD-F51B-40C4-5B5F-8BF0FD240EAA" vid_target="953B4955-CBA7-40F3-D050-BE5D68766688">
<hideElementsInCurrentOnly>false</hideElementsInCurrentOnly>
<backgroundColor>-16776961</backgroundColor>
<lineWidth>1</lineWidth>
<points>
<point x="2630" y="2643"/>
<point x="2234" y="2650"/>
<point x="2234" y="2545"/>
<point x="1632" y="2538"/>
</points>
</Connector>
<Connector class="oracle.dbtools.crest.swingui.datatypes.TVDTReference" oid="B606070E-FF35-00F1-C618-D8BD3B678141" otype="DTReference" vid_source="5125F8DD-F51B-40C4-5B5F-8BF0FD240EAA" vid_target="DB095CFF-96CE-28B3-35A2-843E31A5CC7A">
<hideElementsInCurrentOnly>false</hideElementsInCurrentOnly>
<backgroundColor>-16776961</backgroundColor>
<lineWidth>1</lineWidth>
<points>
<point x="2630" y="2643"/>
<point x="2761" y="1764"/>
<point x="2660" y="1764"/>
<point x="2529" y="996"/>
</points>
</Connector>
<Connector class="oracle.dbtools.crest.swingui.datatypes.TVDTReference" oid="BC21AFD0-9857-6B0D-64C0-7C5C405E9DDD" otype="DTReference" vid_source="5125F8DD-F51B-40C4-5B5F-8BF0FD240EAA" vid_target="D30933B2-896E-910E-AFC3-5727E783C5D0">
<hideElementsInCurrentOnly>false</hideElementsInCurrentOnly>
<backgroundColor>-16776961</backgroundColor>
<lineWidth>1</lineWidth>
<points>
<point x="2630" y="2643"/>
<point x="2733" y="1613"/>
<point x="1252" y="1613"/>
<point x="1128" y="814"/>
</points>
</Connector>
</connectors>
</Diagram>