<?xml version = '1.0' encoding = 'UTF-8'?>
<Diagram class="oracle.dbtools.crest.swingui.logical.DPVLogical" name="Logical" id="8459EECB-47CA-CF50-AF8F-60DBDB60C154">
   <createdBy>Administrator</createdBy>
   <createdTime>2009-06-20 10:59:53 UTC</createdTime>
   <changedBy>Administrator</changedBy>
   <changedTime>2009-06-20 11:00:11 UTC</changedTime>
   <autoRoute>true</autoRoute>
   <boxInbox>false</boxInbox>
   <showLegend>false</showLegend>
   <showLabels>false</showLabels>
   <showGrid>false</showGrid>
   <diagramColor>-1</diagramColor>
   <display>false</display>
   <notation>1</notation>
</Diagram>