<?xml version = '1.0' encoding = 'UTF-8'?>
<TableProxyOraclev11g class="oracle.dbtools.crest.model.design.storage.oracle.v11g.TableProxyOraclev11g" name="JOB_HISTORY" id="2F01554D-52FC-06CC-2354-41801BC283E7" directorySegmentName="seg_0">
   <createdBy>smharper</createdBy>
   <createdTime>2011-01-07 12:34:12 UTC</createdTime>
   <changedBy>smharper</changedBy>
   <changedTime>2011-01-07 12:34:12 UTC</changedTime>
   <ownerDesignName>HR</ownerDesignName>
   <logging>YES</logging>
   <columnProxies>
      <ColumnProxy class="oracle.dbtools.crest.model.design.storage.oracle.v11g.ColumnProxyOraclev11g" name="DEPARTMENT_ID" id="0311D711-48BD-B542-85B3-AD0CD597A404">
         <createdBy>smharper</createdBy>
         <createdTime>2011-01-07 12:34:12 UTC</createdTime>
         <changedBy>smharper</changedBy>
         <changedTime>2011-01-07 12:34:12 UTC</changedTime>
         <ownerDesignName>HR</ownerDesignName>
      </ColumnProxy>
      <ColumnProxy class="oracle.dbtools.crest.model.design.storage.oracle.v11g.ColumnProxyOraclev11g" name="START_DATE" id="5FFAC6BB-6307-7083-C32A-13D83A141B40">
         <createdBy>smharper</createdBy>
         <createdTime>2011-01-07 12:34:12 UTC</createdTime>
         <changedBy>smharper</changedBy>
         <changedTime>2011-01-07 12:34:12 UTC</changedTime>
         <ownerDesignName>HR</ownerDesignName>
      </ColumnProxy>
      <ColumnProxy class="oracle.dbtools.crest.model.design.storage.oracle.v11g.ColumnProxyOraclev11g" name="JOB_ID" id="819816A4-D465-CD1F-3609-8B5A4423FFF8">
         <createdBy>smharper</createdBy>
         <createdTime>2011-01-07 12:34:12 UTC</createdTime>
         <changedBy>smharper</changedBy>
         <changedTime>2011-01-07 12:34:12 UTC</changedTime>
         <ownerDesignName>HR</ownerDesignName>
      </ColumnProxy>
      <ColumnProxy class="oracle.dbtools.crest.model.design.storage.oracle.v11g.ColumnProxyOraclev11g" name="EMPLOYEE_ID" id="C9712DD4-E125-E532-3D7E-D18043A90C55">
         <createdBy>smharper</createdBy>
         <createdTime>2011-01-07 12:34:12 UTC</createdTime>
         <changedBy>smharper</changedBy>
         <changedTime>2011-01-07 12:34:12 UTC</changedTime>
         <ownerDesignName>HR</ownerDesignName>
      </ColumnProxy>
      <ColumnProxy class="oracle.dbtools.crest.model.design.storage.oracle.v11g.ColumnProxyOraclev11g" name="END_DATE" id="F0B1C3F4-B027-F85A-D2FE-6A8DCE22600E">
         <createdBy>smharper</createdBy>
         <createdTime>2011-01-07 12:34:12 UTC</createdTime>
         <changedBy>smharper</changedBy>
         <changedTime>2011-01-07 12:34:12 UTC</changedTime>
         <ownerDesignName>HR</ownerDesignName>
      </ColumnProxy>
   </columnProxies>
   <indexProxies>
      <IndexProxy class="oracle.dbtools.crest.model.design.storage.oracle.v10g.IndexProxyOraclev10g" name="JHIST_DEPT_IX" id="2584209C-10BE-725B-2F7A-CDAC38457204">
         <createdBy>smharper</createdBy>
         <createdTime>2011-01-07 12:34:12 UTC</createdTime>
         <changedBy>smharper</changedBy>
         <changedTime>2011-01-07 12:34:12 UTC</changedTime>
         <ownerDesignName>HR</ownerDesignName>
      </IndexProxy>
      <IndexProxy class="oracle.dbtools.crest.model.design.storage.oracle.v10g.IndexProxyOraclev10g" name="JHIST_JOB_IX" id="8960C351-DC52-5DC2-89BB-C9B3FD0BCD79">
         <createdBy>smharper</createdBy>
         <createdTime>2011-01-07 12:34:12 UTC</createdTime>
         <changedBy>smharper</changedBy>
         <changedTime>2011-01-07 12:34:12 UTC</changedTime>
         <ownerDesignName>HR</ownerDesignName>
      </IndexProxy>
      <IndexProxy class="oracle.dbtools.crest.model.design.storage.oracle.v10g.IndexProxyOraclev10g" name="JHIST_EMP_IX" id="AEE9BF87-99FE-3628-89DE-4A42AAFC06D1">
         <createdBy>smharper</createdBy>
         <createdTime>2011-01-07 12:34:12 UTC</createdTime>
         <changedBy>smharper</changedBy>
         <changedTime>2011-01-07 12:34:12 UTC</changedTime>
         <ownerDesignName>HR</ownerDesignName>
      </IndexProxy>
   </indexProxies>
   <foreignKeys>
      <ForeignKey class="oracle.dbtools.crest.model.design.storage.oracle.v10g.FKProxyOraclev10g" name="JHIST_EMP_FK" id="6A232D41-5EBD-EAAF-09CB-7AB60779082F">
         <createdBy>smharper</createdBy>
         <createdTime>2011-01-07 12:34:12 UTC</createdTime>
         <changedBy>smharper</changedBy>
         <changedTime>2011-01-07 12:34:12 UTC</changedTime>
         <ownerDesignName>HR</ownerDesignName>
      </ForeignKey>
      <ForeignKey class="oracle.dbtools.crest.model.design.storage.oracle.v10g.FKProxyOraclev10g" name="JHIST_JOB_FK" id="986D2B83-ABB6-940A-DF6F-206CF42ED9E8">
         <createdBy>smharper</createdBy>
         <createdTime>2011-01-07 12:34:12 UTC</createdTime>
         <changedBy>smharper</changedBy>
         <changedTime>2011-01-07 12:34:12 UTC</changedTime>
         <ownerDesignName>HR</ownerDesignName>
      </ForeignKey>
      <ForeignKey class="oracle.dbtools.crest.model.design.storage.oracle.v10g.FKProxyOraclev10g" name="JHIST_DEPT_FK" id="A3953FB5-0B60-BD6F-FCB9-A58B106CD452">
         <createdBy>smharper</createdBy>
         <createdTime>2011-01-07 12:34:12 UTC</createdTime>
         <changedBy>smharper</changedBy>
         <changedTime>2011-01-07 12:34:12 UTC</changedTime>
         <ownerDesignName>HR</ownerDesignName>
      </ForeignKey>
   </foreignKeys>
   <primaryKeys>
      <PrimaryKey class="oracle.dbtools.crest.model.design.storage.oracle.v10g.PKProxyOraclev10g" name="JHIST_ID_DATE_PK" id="ED8E9D29-E23D-CA2B-C8E3-3B9D20D5ED9A">
         <createdBy>smharper</createdBy>
         <createdTime>2011-01-07 12:34:12 UTC</createdTime>
         <changedBy>smharper</changedBy>
         <changedTime>2011-01-07 12:34:12 UTC</changedTime>
         <ownerDesignName>HR</ownerDesignName>
         <indexSort>NO</indexSort>
      </PrimaryKey>
   </primaryKeys>
   <tableCheckConstraints>
      <TableCheckConstraint class="oracle.dbtools.crest.model.design.storage.oracle.v10g.TableCheckConstraintOraclev10g" name="JHIST_DATE_CHECK" id="928E8AFD-CDD2-A855-0B32-4E9F52A9FD27">
         <createdBy>smharper</createdBy>
         <createdTime>2011-01-07 12:34:12 UTC</createdTime>
         <changedBy>smharper</changedBy>
         <changedTime>2011-01-07 12:34:12 UTC</changedTime>
         <ownerDesignName>HR</ownerDesignName>
      </TableCheckConstraint>
   </tableCheckConstraints>
</TableProxyOraclev11g>