<?xml version = '1.0' encoding = 'UTF-8'?>
<FKIndexAssociation class="oracle.dbtools.crest.model.design.relational.FKIndexAssociation" id="14334A30-FCE2-2859-86A9-DE9A3BC9BD19" directorySegmentName="seg_0" name="ORDER_ITEMS_ORDER_ID_FK">
   <createdBy>Administrator</createdBy>
   <createdTime>2009-06-20 11:25:56 UTC</createdTime>
   <changedBy>smharper</changedBy>
   <changedTime>2009-06-20 11:25:56 UTC</changedTime>
   <ownerDesignName>OE</ownerDesignName>
   <containerWithKeyObject>401325D6-D30A-4241-B81D-AF54654F75DC</containerWithKeyObject>
   <deleteRule>CASCADE</deleteRule>
   <localFKIndex>1E86C14F-ADC1-E30F-5208-1005457A902E</localFKIndex>
   <keyObject>C682B4F5-AC9C-E9BE-BAD8-9F8501176DB8</keyObject>
   <mandatory>true</mandatory>
   <transferable>true</transferable>
</FKIndexAssociation>