<?xml version = '1.0' encoding = 'UTF-8'?>
<FKIndexAssociation class="oracle.dbtools.crest.model.design.relational.FKIndexAssociation" id="9E8D8D83-2144-C166-E9E8-716BC4748270" directorySegmentName="seg_0" name="INVENTORIES_PRODUCT_ID_FK">
   <createdBy>Administrator</createdBy>
   <createdTime>2009-06-20 11:25:56 UTC</createdTime>
   <changedBy>smharper</changedBy>
   <changedTime>2009-06-20 11:25:56 UTC</changedTime>
   <ownerDesignName>OE</ownerDesignName>
   <containerWithKeyObject>3971E065-E62E-67CC-CCFF-C894132F1D64</containerWithKeyObject>
   <deleteRule>NO ACTION</deleteRule>
   <localFKIndex>5BD1E449-BE89-68D4-F05D-8E5D9CABB494</localFKIndex>
   <keyObject>3B9194DB-8A03-689A-9565-576735FC5B3B</keyObject>
   <mandatory>true</mandatory>
   <transferable>true</transferable>
</FKIndexAssociation>