<?xml version = '1.0' encoding = 'UTF-8'?>
<FKIndexAssociation class="oracle.dbtools.crest.model.design.relational.FKIndexAssociation" id="A456E521-562E-8042-CC0E-0CB62624702A" directorySegmentName="seg_0" name="PD_PRODUCT_ID_FK">
   <createdBy>Administrator</createdBy>
   <createdTime>2009-06-20 11:25:56 UTC</createdTime>
   <changedBy>smharper</changedBy>
   <changedTime>2009-06-20 11:25:56 UTC</changedTime>
   <ownerDesignName>OE</ownerDesignName>
   <containerWithKeyObject>F8CE6256-7AF5-7A05-2621-54E0C1F68382</containerWithKeyObject>
   <deleteRule>NO ACTION</deleteRule>
   <localFKIndex>9FD6AE99-D5E1-8E0A-3053-D8828719F038</localFKIndex>
   <keyObject>3B9194DB-8A03-689A-9565-576735FC5B3B</keyObject>
   <mandatory>true</mandatory>
   <transferable>true</transferable>
</FKIndexAssociation>