<?xml version = '1.0' encoding = 'UTF-8'?>
<Table class="oracle.dbtools.crest.model.design.relational.Table" directorySegmentName="seg_0" id="22E41E54-33D3-9163-52D3-DE04B0425E3B" schemaObject="92D7A384-7405-004C-11BA-2BF5FDFC8C3C" name="COSTS">
<createdBy>Administrator</createdBy>
<createdTime>2008-11-17 12:25:32 UTC</createdTime>
<ownerDesignName>all_schemas</ownerDesignName>
<parsed>true</parsed>
<columns itemClass="oracle.dbtools.crest.model.design.relational.Column">
<Column name="PROD_ID" id="77286860-60BA-FF10-D376-9ECAD1FF498D">
<createdBy>Administrator</createdBy>
<createdTime>2008-11-17 12:25:32 UTC</createdTime>
<ownerDesignName>all_schemas</ownerDesignName>
<useDomainConstraints>false</useDomainConstraints>
<use>1</use>
<logicalDatatype>LOGDT019</logicalDatatype>
<dataTypePrecision>6</dataTypePrecision>
<ownDataTypeParameters>,6,</ownDataTypeParameters>
<associations>
<colAssociation fkAssociation="DBADC01D-A6BD-60BB-39EE-16BA5AFC4A4E" referredColumn="B52BFF3B-B13D-5078-C759-EEBD55C8F413"/>
</associations>
</Column>
<Column name="TIME_ID" id="0B1F6B8B-5719-76D4-9577-5CFF862A6016">
<createdBy>Administrator</createdBy>
<createdTime>2008-11-17 12:25:32 UTC</createdTime>
<ownerDesignName>all_schemas</ownerDesignName>
<useDomainConstraints>false</useDomainConstraints>
<use>1</use>
<logicalDatatype>LOGDT007</logicalDatatype>
<ownDataTypeParameters>,,</ownDataTypeParameters>
<associations>
<colAssociation fkAssociation="E48444FD-0899-07E0-3DD4-A7212EF1ECC3" referredColumn="F09E0E0A-426D-A2D0-8146-CF8EB3774ABE"/>
</associations>
</Column>
<Column name="PROMO_ID" id="B8437426-5336-006A-C71F-56BE00F69565">
<createdBy>Administrator</createdBy>
<createdTime>2008-11-17 12:25:32 UTC</createdTime>
<ownerDesignName>all_schemas</ownerDesignName>
<useDomainConstraints>false</useDomainConstraints>
<use>1</use>
<logicalDatatype>LOGDT019</logicalDatatype>
<dataTypePrecision>6</dataTypePrecision>
<ownDataTypeParameters>,6,</ownDataTypeParameters>
<associations>
<colAssociation fkAssociation="B308D463-7B8B-92CF-6208-50903F517C55" referredColumn="BD5DB311-DD4E-B21F-CB61-4FAE00F179DA"/>
</associations>
</Column>
<Column name="CHANNEL_ID" id="C28241CA-EBC4-4219-2FAB-EA29E221CFBC">
<createdBy>Administrator</createdBy>
<createdTime>2008-11-17 12:25:32 UTC</createdTime>
<ownerDesignName>all_schemas</ownerDesignName>
<useDomainConstraints>false</useDomainConstraints>
<use>1</use>
<logicalDatatype>LOGDT019</logicalDatatype>
<ownDataTypeParameters>,,</ownDataTypeParameters>
<associations>
<colAssociation fkAssociation="B294B73E-CDE5-F4FA-A176-DBD0FB8C7B61" referredColumn="A00485DC-6F81-9371-3DC1-7F1BFA7A5D86"/>
</associations>
</Column>
<Column name="UNIT_COST" id="E62B0E6F-BBE7-7B45-469F-069F56C733E0">
<createdBy>Administrator</createdBy>
<createdTime>2008-11-17 12:25:32 UTC</createdTime>
<ownerDesignName>all_schemas</ownerDesignName>
<useDomainConstraints>false</useDomainConstraints>
<use>1</use>
<logicalDatatype>LOGDT019</logicalDatatype>
<dataTypePrecision>10</dataTypePrecision>
<dataTypeScale>2</dataTypeScale>
<ownDataTypeParameters>,10,2</ownDataTypeParameters>
</Column>
<Column name="UNIT_PRICE" id="0DDF8455-453F-3779-65B3-82ED614235F3">
<createdBy>Administrator</createdBy>
<createdTime>2008-11-17 12:25:32 UTC</createdTime>
<ownerDesignName>all_schemas</ownerDesignName>
<useDomainConstraints>false</useDomainConstraints>
<use>1</use>
<logicalDatatype>LOGDT019</logicalDatatype>
<dataTypePrecision>10</dataTypePrecision>
<dataTypeScale>2</dataTypeScale>
<ownDataTypeParameters>,10,2</ownDataTypeParameters>
</Column>
</columns>
<indexes itemClass="oracle.dbtools.crest.model.design.relational.Index">
<ind_PK_UK id="CA64B5A9-2FF1-6450-480D-986C68D76AAE" name="COSTS_PROD_BIX">
<createdBy>Administrator</createdBy>
<createdTime>2008-11-17 12:25:34 UTC</createdTime>
<ownerDesignName>all_schemas</ownerDesignName>
<indexColumnUsage>
<colUsage columnID="77286860-60BA-FF10-D376-9ECAD1FF498D"/>
</indexColumnUsage>
</ind_PK_UK>
<ind_PK_UK id="F0287B1F-E23A-52D4-02A2-360BADFBCC72" name="COSTS_TIME_BIX">
<createdBy>Administrator</createdBy>
<createdTime>2008-11-17 12:25:34 UTC</createdTime>
<ownerDesignName>all_schemas</ownerDesignName>
<indexColumnUsage>
<colUsage columnID="0B1F6B8B-5719-76D4-9577-5CFF862A6016"/>
</indexColumnUsage>
</ind_PK_UK>
<ind_PK_UK id="A5402850-9199-D954-3885-85848F778C96" name="COSTS_CHANNEL_FK">
<createdBy>Administrator</createdBy>
<createdTime>2008-11-17 12:25:40 UTC</createdTime>
<ownerDesignName>all_schemas</ownerDesignName>
<indexState>Foreign Key</indexState>
<indexColumnUsage>
<colUsage columnID="C28241CA-EBC4-4219-2FAB-EA29E221CFBC"/>
</indexColumnUsage>
</ind_PK_UK>
<ind_PK_UK id="32E162B4-A8DB-949A-639A-EA5AFA7BDF8F" name="COSTS_TIME_FK">
<createdBy>Administrator</createdBy>
<createdTime>2008-11-17 12:25:40 UTC</createdTime>
<ownerDesignName>all_schemas</ownerDesignName>
<indexState>Foreign Key</indexState>
<indexColumnUsage>
<colUsage columnID="0B1F6B8B-5719-76D4-9577-5CFF862A6016"/>
</indexColumnUsage>
</ind_PK_UK>
<ind_PK_UK id="8FF67ADF-8987-56CF-A939-2E8E3AFC7E07" name="COSTS_PRODUCT_FK">
<createdBy>Administrator</createdBy>
<createdTime>2008-11-17 12:25:40 UTC</createdTime>
<ownerDesignName>all_schemas</ownerDesignName>
<indexState>Foreign Key</indexState>
<indexColumnUsage>
<colUsage columnID="77286860-60BA-FF10-D376-9ECAD1FF498D"/>
</indexColumnUsage>
</ind_PK_UK>
<ind_PK_UK id="537549A8-226B-15D6-6085-77B6D11980CD" name="COSTS_PROMO_FK">
<createdBy>Administrator</createdBy>
<createdTime>2008-11-17 12:25:40 UTC</createdTime>
<ownerDesignName>all_schemas</ownerDesignName>
<indexState>Foreign Key</indexState>
<indexColumnUsage>
<colUsage columnID="B8437426-5336-006A-C71F-56BE00F69565"/>
</indexColumnUsage>
</ind_PK_UK>
</indexes>
</Table>