<?xml version = '1.0' encoding = 'UTF-8'?>
<Table class="oracle.dbtools.crest.model.design.relational.Table" directorySegmentName="seg_0" id="3FE9BDD9-8918-6064-3575-7DAE91E55797" schemaObject="A30D5C25-7C94-3B59-6BB5-14B696217C10" name="AQ$_STREAMS_QUEUE_TABLE_C">
<createdBy>Administrator</createdBy>
<createdTime>2008-11-17 12:25:32 UTC</createdTime>
<ownerDesignName>all_schemas</ownerDesignName>
<shouldEngineer>false</shouldEngineer>
<parsed>true</parsed>
<columns itemClass="oracle.dbtools.crest.model.design.relational.Column">
<Column name="CSCN" id="ACB4E7D7-9536-4F46-D162-B799AADB7971">
<createdBy>Administrator</createdBy>
<createdTime>2008-11-17 12:25:32 UTC</createdTime>
<ownerDesignName>all_schemas</ownerDesignName>
<useDomainConstraints>false</useDomainConstraints>
<use>1</use>
<logicalDatatype>LOGDT019</logicalDatatype>
<ownDataTypeParameters>,,</ownDataTypeParameters>
</Column>
<Column name="ENQ_TID" id="01AE7252-091C-9148-F91C-6C226A4D1EC2">
<createdBy>Administrator</createdBy>
<createdTime>2008-11-17 12:25:32 UTC</createdTime>
<ownerDesignName>all_schemas</ownerDesignName>
<useDomainConstraints>false</useDomainConstraints>
<use>1</use>
<logicalDatatype>LOGDT024</logicalDatatype>
<dataTypeSize>30 BYTE</dataTypeSize>
<ownDataTypeParameters>30 BYTE,,</ownDataTypeParameters>
</Column>
<Column name="MSGCNT" id="7BDC65B5-1F27-0C25-9878-FAB1B02ADFC3">
<createdBy>Administrator</createdBy>
<createdTime>2008-11-17 12:25:32 UTC</createdTime>
<ownerDesignName>all_schemas</ownerDesignName>
<nullsAllowed>true</nullsAllowed>
<useDomainConstraints>false</useDomainConstraints>
<use>1</use>
<logicalDatatype>LOGDT019</logicalDatatype>
<ownDataTypeParameters>,,</ownDataTypeParameters>
</Column>
</columns>
<indexes itemClass="oracle.dbtools.crest.model.design.relational.Index">
<ind_PK_UK id="56FE4184-81C4-4532-3F39-FD903BE90B01" name="SYS_IOT_TOP_70425">
<createdBy>Administrator</createdBy>
<createdTime>2008-11-17 12:25:34 UTC</createdTime>
<ownerDesignName>all_schemas</ownerDesignName>
<pk>true</pk>
<indexState>Primary Constraint</indexState>
<indexColumnUsage>
<colUsage columnID="ACB4E7D7-9536-4F46-D162-B799AADB7971"/>
<colUsage columnID="01AE7252-091C-9148-F91C-6C226A4D1EC2"/>
</indexColumnUsage>
</ind_PK_UK>
<ind_PK_UK id="7DDCE40D-2849-5E0D-8B73-2AAB618F3BBF" name="AQ$_STREAMS_QUEUE_TABLE_Y">
<createdBy>Administrator</createdBy>
<createdTime>2008-11-17 12:25:34 UTC</createdTime>
<ownerDesignName>all_schemas</ownerDesignName>
<indexState>Unique Plain Index</indexState>
<indexColumnUsage>
<colUsage columnID="01AE7252-091C-9148-F91C-6C226A4D1EC2"/>
</indexColumnUsage>
</ind_PK_UK>
</indexes>
</Table>