<?xml version = '1.0' encoding = 'UTF-8'?>
<Table class="oracle.dbtools.crest.model.design.relational.Table" directorySegmentName="seg_0" id="488D8AFD-6679-8EE8-7359-B240456FC754" schemaObject="6CBB3992-DF5E-72F4-3F69-975D6746DC2D" name="DEPARTMENTS">
<createdBy>Administrator</createdBy>
<createdTime>2008-11-17 12:25:32 UTC</createdTime>
<ownerDesignName>all_schemas</ownerDesignName>
<parsed>true</parsed>
<columns itemClass="oracle.dbtools.crest.model.design.relational.Column">
<Column name="DEPARTMENT_ID" id="72A19EF4-3F6A-8EE2-D5F3-181DE980F4F4">
<createdBy>Administrator</createdBy>
<createdTime>2008-11-17 12:25:32 UTC</createdTime>
<commentInRDBMS><![CDATA[Primary key column of departments table.]]></commentInRDBMS>
<ownerDesignName>all_schemas</ownerDesignName>
<useDomainConstraints>false</useDomainConstraints>
<use>1</use>
<logicalDatatype>LOGDT019</logicalDatatype>
<dataTypePrecision>4</dataTypePrecision>
<ownDataTypeParameters>,4,</ownDataTypeParameters>
</Column>
<Column name="DEPARTMENT_NAME" id="E69CE187-BE68-8837-2C5F-5AAFFF246CEB">
<createdBy>Administrator</createdBy>
<createdTime>2008-11-17 12:25:32 UTC</createdTime>
<commentInRDBMS><![CDATA[A not null column that shows name of a department. Administration, &lt;br&gt;Marketing, Purchasing, Human Resources, Shipping, IT, Executive, Public &lt;br&gt;Relations, Sales, Finance, and Accounting. ]]></commentInRDBMS>
<ownerDesignName>all_schemas</ownerDesignName>
<useDomainConstraints>false</useDomainConstraints>
<use>1</use>
<logicalDatatype>LOGDT024</logicalDatatype>
<dataTypeSize>30 BYTE</dataTypeSize>
<ownDataTypeParameters>30 BYTE,,</ownDataTypeParameters>
</Column>
<Column name="MANAGER_ID" id="8499DC36-0BFF-8456-5513-52EA8AC32FC8">
<createdBy>Administrator</createdBy>
<createdTime>2008-11-17 12:25:32 UTC</createdTime>
<commentInRDBMS><![CDATA[Manager_id of a department. Foreign key to employee_id column of employees table. The manager_id column of the employee table references this column.]]></commentInRDBMS>
<ownerDesignName>all_schemas</ownerDesignName>
<nullsAllowed>true</nullsAllowed>
<useDomainConstraints>false</useDomainConstraints>
<use>1</use>
<logicalDatatype>LOGDT019</logicalDatatype>
<dataTypePrecision>6</dataTypePrecision>
<ownDataTypeParameters>,6,</ownDataTypeParameters>
<associations>
<colAssociation fkAssociation="1FD3236E-935B-26C9-D57A-CC8421712955" referredColumn="9981EBCA-6588-A188-06A9-AAABF725B6F5"/>
</associations>
</Column>
<Column name="LOCATION_ID" id="C1E61870-67C0-8BFA-A2EF-FBCF4095DB85">
<createdBy>Administrator</createdBy>
<createdTime>2008-11-17 12:25:32 UTC</createdTime>
<commentInRDBMS><![CDATA[Location id where a department is located. Foreign key to location_id column of locations table.]]></commentInRDBMS>
<ownerDesignName>all_schemas</ownerDesignName>
<nullsAllowed>true</nullsAllowed>
<useDomainConstraints>false</useDomainConstraints>
<use>1</use>
<logicalDatatype>LOGDT019</logicalDatatype>
<dataTypePrecision>4</dataTypePrecision>
<ownDataTypeParameters>,4,</ownDataTypeParameters>
<associations>
<colAssociation fkAssociation="17F41959-B5E9-6C0F-97DC-26FCB1A69FE7" referredColumn="5FF83CBC-1C24-45D7-94CD-788A8DB6480B"/>
</associations>
</Column>
</columns>
<indexes itemClass="oracle.dbtools.crest.model.design.relational.Index">
<ind_PK_UK id="DFB9F817-369B-5FF4-9BFC-9DACE8D5462B" name="DEPT_ID_PK">
<createdBy>Administrator</createdBy>
<createdTime>2008-11-17 12:25:34 UTC</createdTime>
<ownerDesignName>all_schemas</ownerDesignName>
<pk>true</pk>
<indexState>Primary Constraint</indexState>
<indexColumnUsage>
<colUsage columnID="72A19EF4-3F6A-8EE2-D5F3-181DE980F4F4"/>
</indexColumnUsage>
</ind_PK_UK>
<ind_PK_UK id="FB78A4FB-F9E1-5350-543E-E4C0E1E2180B" name="DEPT_LOCATION_IX">
<createdBy>Administrator</createdBy>
<createdTime>2008-11-17 12:25:34 UTC</createdTime>
<ownerDesignName>all_schemas</ownerDesignName>
<indexColumnUsage>
<colUsage columnID="C1E61870-67C0-8BFA-A2EF-FBCF4095DB85"/>
</indexColumnUsage>
</ind_PK_UK>
<ind_PK_UK id="5F711463-0423-6756-5FA7-BCB34C586764" name="DEPT_LOC_FK">
<createdBy>Administrator</createdBy>
<createdTime>2008-11-17 12:25:40 UTC</createdTime>
<ownerDesignName>all_schemas</ownerDesignName>
<indexState>Foreign Key</indexState>
<indexColumnUsage>
<colUsage columnID="C1E61870-67C0-8BFA-A2EF-FBCF4095DB85"/>
</indexColumnUsage>
</ind_PK_UK>
<ind_PK_UK id="A679970D-6E38-7E00-3871-E85B828750F9" name="DEPT_MGR_FK">
<createdBy>Administrator</createdBy>
<createdTime>2008-11-17 12:25:40 UTC</createdTime>
<ownerDesignName>all_schemas</ownerDesignName>
<indexState>Foreign Key</indexState>
<indexColumnUsage>
<colUsage columnID="8499DC36-0BFF-8456-5513-52EA8AC32FC8"/>
</indexColumnUsage>
</ind_PK_UK>
</indexes>
</Table>