<?xml version = '1.0' encoding = 'UTF-8'?>
<Table class="oracle.dbtools.crest.model.design.relational.Table" directorySegmentName="seg_0" id="4967EC81-4213-65F8-490C-689F2C3AA263" schemaObject="64C43071-3C36-48BF-D630-895FB97CC32A" name="ORDERS">
<createdBy>Administrator</createdBy>
<createdTime>2008-11-17 12:25:32 UTC</createdTime>
<ownerDesignName>all_schemas</ownerDesignName>
<parsed>true</parsed>
<columns itemClass="oracle.dbtools.crest.model.design.relational.Column">
<Column name="ORDER_ID" id="4624050C-7BE6-2E61-F15B-C077895DE33B">
<createdBy>Administrator</createdBy>
<createdTime>2008-11-17 12:25:32 UTC</createdTime>
<ownerDesignName>all_schemas</ownerDesignName>
<useDomainConstraints>false</useDomainConstraints>
<use>1</use>
<logicalDatatype>LOGDT019</logicalDatatype>
<dataTypePrecision>12</dataTypePrecision>
<ownDataTypeParameters>,12,</ownDataTypeParameters>
</Column>
<Column name="ORDER_DATE" id="70D63F25-C408-7B60-743E-AFB48544B36A">
<createdBy>Administrator</createdBy>
<createdTime>2008-11-17 12:25:32 UTC</createdTime>
<ownerDesignName>all_schemas</ownerDesignName>
<useDomainConstraints>false</useDomainConstraints>
<use>1</use>
<logicalDatatype>LOGDT047</logicalDatatype>
<dataTypePrecision>6</dataTypePrecision>
<ownDataTypeParameters>,6,</ownDataTypeParameters>
</Column>
<Column name="ORDER_MODE" id="45C92A9C-A82A-E454-41F1-4F3FCF351DB6">
<createdBy>Administrator</createdBy>
<createdTime>2008-11-17 12:25:32 UTC</createdTime>
<ownerDesignName>all_schemas</ownerDesignName>
<constraintName>ORDER_MODE_LOV</constraintName>
<nullsAllowed>true</nullsAllowed>
<useDomainConstraints>false</useDomainConstraints>
<use>1</use>
<logicalDatatype>LOGDT024</logicalDatatype>
<dataTypeSize>8 BYTE</dataTypeSize>
<checkConstraint>
<implementationDef dbType="Oracle Database 10g" definition="order_mode in (&apos;direct&apos;,&apos;online&apos;)"/>
</checkConstraint>
<ownDataTypeParameters>8 BYTE,,</ownDataTypeParameters>
</Column>
<Column name="CUSTOMER_ID" id="94B9E9EC-890A-2461-3559-84311F5C8DB3">
<createdBy>Administrator</createdBy>
<createdTime>2008-11-17 12:25:32 UTC</createdTime>
<ownerDesignName>all_schemas</ownerDesignName>
<useDomainConstraints>false</useDomainConstraints>
<use>1</use>
<logicalDatatype>LOGDT019</logicalDatatype>
<dataTypePrecision>6</dataTypePrecision>
<ownDataTypeParameters>,6,</ownDataTypeParameters>
<associations>
<colAssociation fkAssociation="1B8FBB54-9EAF-8BDE-0DE6-98FE1A9C1878" referredColumn="33A1F3B4-D0BF-8E8B-CA73-DD195B796444"/>
</associations>
</Column>
<Column name="ORDER_STATUS" id="A9828A0F-9654-CF4C-5DA6-60A76D397F6F">
<createdBy>Administrator</createdBy>
<createdTime>2008-11-17 12:25:32 UTC</createdTime>
<ownerDesignName>all_schemas</ownerDesignName>
<nullsAllowed>true</nullsAllowed>
<useDomainConstraints>false</useDomainConstraints>
<use>1</use>
<logicalDatatype>LOGDT019</logicalDatatype>
<dataTypePrecision>2</dataTypePrecision>
<ownDataTypeParameters>,2,</ownDataTypeParameters>
</Column>
<Column name="ORDER_TOTAL" id="E7EF659B-E54A-C8EA-89BE-93B33FB2B55F">
<createdBy>Administrator</createdBy>
<createdTime>2008-11-17 12:25:32 UTC</createdTime>
<ownerDesignName>all_schemas</ownerDesignName>
<constraintName>ORDER_TOTAL_MIN</constraintName>
<nullsAllowed>true</nullsAllowed>
<useDomainConstraints>false</useDomainConstraints>
<use>1</use>
<logicalDatatype>LOGDT019</logicalDatatype>
<dataTypePrecision>8</dataTypePrecision>
<dataTypeScale>2</dataTypeScale>
<checkConstraint>
<implementationDef dbType="Oracle Database 10g" definition="order_total &gt;= 0"/>
</checkConstraint>
<ownDataTypeParameters>,8,2</ownDataTypeParameters>
</Column>
<Column name="SALES_REP_ID" id="7D47FD5D-2DB1-44CE-A285-6A548ADEDB26">
<createdBy>Administrator</createdBy>
<createdTime>2008-11-17 12:25:32 UTC</createdTime>
<ownerDesignName>all_schemas</ownerDesignName>
<nullsAllowed>true</nullsAllowed>
<useDomainConstraints>false</useDomainConstraints>
<use>1</use>
<logicalDatatype>LOGDT019</logicalDatatype>
<dataTypePrecision>6</dataTypePrecision>
<ownDataTypeParameters>,6,</ownDataTypeParameters>
<associations>
<colAssociation fkAssociation="0E02678F-6B1A-2259-CC3D-EFA0FB7B4690" referredColumn="9981EBCA-6588-A188-06A9-AAABF725B6F5"/>
</associations>
</Column>
<Column name="PROMOTION_ID" id="721527F3-1A4C-ED19-9952-D7833186ACBA">
<createdBy>Administrator</createdBy>
<createdTime>2008-11-17 12:25:32 UTC</createdTime>
<ownerDesignName>all_schemas</ownerDesignName>
<nullsAllowed>true</nullsAllowed>
<useDomainConstraints>false</useDomainConstraints>
<use>1</use>
<logicalDatatype>LOGDT019</logicalDatatype>
<dataTypePrecision>6</dataTypePrecision>
<ownDataTypeParameters>,6,</ownDataTypeParameters>
</Column>
</columns>
<indexes itemClass="oracle.dbtools.crest.model.design.relational.Index">
<ind_PK_UK id="CEA8E15B-FDCA-AB22-9EB0-4EF6E1CC28B8" name="ORDER_PK">
<createdBy>Administrator</createdBy>
<createdTime>2008-11-17 12:25:34 UTC</createdTime>
<ownerDesignName>all_schemas</ownerDesignName>
<pk>true</pk>
<indexState>Primary Constraint</indexState>
<indexColumnUsage>
<colUsage columnID="4624050C-7BE6-2E61-F15B-C077895DE33B"/>
</indexColumnUsage>
</ind_PK_UK>
<ind_PK_UK id="1D107F76-3B95-281E-3760-2B3525A0F140" name="ORD_SALES_REP_IX">
<createdBy>Administrator</createdBy>
<createdTime>2008-11-17 12:25:34 UTC</createdTime>
<ownerDesignName>all_schemas</ownerDesignName>
<indexColumnUsage>
<colUsage columnID="7D47FD5D-2DB1-44CE-A285-6A548ADEDB26"/>
</indexColumnUsage>
</ind_PK_UK>
<ind_PK_UK id="09488927-3FCA-BEA3-AF4D-226B043F3B43" name="ORD_CUSTOMER_IX">
<createdBy>Administrator</createdBy>
<createdTime>2008-11-17 12:25:34 UTC</createdTime>
<ownerDesignName>all_schemas</ownerDesignName>
<indexColumnUsage>
<colUsage columnID="94B9E9EC-890A-2461-3559-84311F5C8DB3"/>
</indexColumnUsage>
</ind_PK_UK>
<ind_PK_UK id="6D18E1DE-7D31-87F6-665D-102E6BBF0DA8" name="ORD_ORDER_DATE_IX">
<createdBy>Administrator</createdBy>
<createdTime>2008-11-17 12:25:34 UTC</createdTime>
<ownerDesignName>all_schemas</ownerDesignName>
<indexColumnUsage>
<colUsage columnID="70D63F25-C408-7B60-743E-AFB48544B36A"/>
</indexColumnUsage>
</ind_PK_UK>
<ind_PK_UK id="9DA867EE-8FFC-05CC-6FC5-AE3BB1D32B3C" name="ORDERS_SALES_REP_FK">
<createdBy>Administrator</createdBy>
<createdTime>2008-11-17 12:25:40 UTC</createdTime>
<ownerDesignName>all_schemas</ownerDesignName>
<indexState>Foreign Key</indexState>
<indexColumnUsage>
<colUsage columnID="7D47FD5D-2DB1-44CE-A285-6A548ADEDB26"/>
</indexColumnUsage>
</ind_PK_UK>
<ind_PK_UK id="AAACB201-7F7C-D3F6-2489-8D1BCE56279B" name="ORDERS_CUSTOMER_ID_FK">
<createdBy>Administrator</createdBy>
<createdTime>2008-11-17 12:25:40 UTC</createdTime>
<ownerDesignName>all_schemas</ownerDesignName>
<indexState>Foreign Key</indexState>
<indexColumnUsage>
<colUsage columnID="94B9E9EC-890A-2461-3559-84311F5C8DB3"/>
</indexColumnUsage>
</ind_PK_UK>
</indexes>
</Table>