<?xml version = '1.0' encoding = 'UTF-8'?>
<Table class="oracle.dbtools.crest.model.design.relational.Table" directorySegmentName="seg_0" id="4C9BD635-FE93-1075-EB4E-7E149AB32E9E" schemaObject="92D7A384-7405-004C-11BA-2BF5FDFC8C3C" name="FWEEK_PSCAT_SALES_MV">
<createdBy>Administrator</createdBy>
<createdTime>2008-11-17 12:25:32 UTC</createdTime>
<ownerDesignName>all_schemas</ownerDesignName>
<typeID>4</typeID>
<parsed>true</parsed>
<columns itemClass="oracle.dbtools.crest.model.design.relational.Column">
<Column name="WEEK_ENDING_DAY" id="9BF2DC8D-FD54-B4BF-52FC-69A9E43DA9A0">
<createdBy>Administrator</createdBy>
<createdTime>2008-11-17 12:25:32 UTC</createdTime>
<ownerDesignName>all_schemas</ownerDesignName>
<useDomainConstraints>false</useDomainConstraints>
<use>1</use>
<logicalDatatype>LOGDT007</logicalDatatype>
<ownDataTypeParameters>,,</ownDataTypeParameters>
</Column>
<Column name="PROD_SUBCATEGORY" id="54997B34-8E87-3889-EB1D-1D6DE2690EDF">
<createdBy>Administrator</createdBy>
<createdTime>2008-11-17 12:25:32 UTC</createdTime>
<ownerDesignName>all_schemas</ownerDesignName>
<useDomainConstraints>false</useDomainConstraints>
<use>1</use>
<logicalDatatype>LOGDT024</logicalDatatype>
<dataTypeSize>50 BYTE</dataTypeSize>
<ownDataTypeParameters>50 BYTE,,</ownDataTypeParameters>
</Column>
<Column name="DOLLARS" id="C5321F7F-A02F-81C5-A894-7BFBAB4F07F1">
<createdBy>Administrator</createdBy>
<createdTime>2008-11-17 12:25:32 UTC</createdTime>
<ownerDesignName>all_schemas</ownerDesignName>
<formulaDesc>SUM(&amp;amp;quot;SH&amp;amp;quot;.&amp;amp;quot;S&amp;amp;quot;.&amp;amp;quot;AMOUNT_SOLD&amp;amp;quot;)</formulaDesc>
<nullsAllowed>true</nullsAllowed>
<sourceType>Aggregate</sourceType>
<useDomainConstraints>false</useDomainConstraints>
<use>1</use>
<logicalDatatype>LOGDT019</logicalDatatype>
<ownDataTypeParameters>,,</ownDataTypeParameters>
</Column>
<Column name="CHANNEL_ID" id="2D6C6C95-2F9C-70D4-675E-3F38D40E86CE">
<createdBy>Administrator</createdBy>
<createdTime>2008-11-17 12:25:32 UTC</createdTime>
<ownerDesignName>all_schemas</ownerDesignName>
<useDomainConstraints>false</useDomainConstraints>
<use>1</use>
<logicalDatatype>LOGDT019</logicalDatatype>
<ownDataTypeParameters>,,</ownDataTypeParameters>
</Column>
<Column name="PROMO_ID" id="2FAA5ABA-E91A-6372-C4B9-5FB09C57BC12">
<createdBy>Administrator</createdBy>
<createdTime>2008-11-17 12:25:32 UTC</createdTime>
<ownerDesignName>all_schemas</ownerDesignName>
<useDomainConstraints>false</useDomainConstraints>
<use>1</use>
<logicalDatatype>LOGDT019</logicalDatatype>
<ownDataTypeParameters>,,</ownDataTypeParameters>
</Column>
</columns>
<indexes itemClass="oracle.dbtools.crest.model.design.relational.Index">
<ind_PK_UK id="16D2A90E-8B3F-AF24-4DA5-8E8ADA526D75" name="FW_PSC_S_MV_SUBCAT_BIX">
<createdBy>Administrator</createdBy>
<createdTime>2008-11-17 12:25:34 UTC</createdTime>
<ownerDesignName>all_schemas</ownerDesignName>
<indexColumnUsage>
<colUsage columnID="54997B34-8E87-3889-EB1D-1D6DE2690EDF"/>
</indexColumnUsage>
</ind_PK_UK>
<ind_PK_UK id="DE0889D3-DF59-C7B6-B0F1-344B5A1DFCA7" name="FW_PSC_S_MV_CHAN_BIX">
<createdBy>Administrator</createdBy>
<createdTime>2008-11-17 12:25:34 UTC</createdTime>
<ownerDesignName>all_schemas</ownerDesignName>
<indexColumnUsage>
<colUsage columnID="2D6C6C95-2F9C-70D4-675E-3F38D40E86CE"/>
</indexColumnUsage>
</ind_PK_UK>
<ind_PK_UK id="D16ABD80-1C3F-386C-7CB7-7924A6A61608" name="FW_PSC_S_MV_PROMO_BIX">
<createdBy>Administrator</createdBy>
<createdTime>2008-11-17 12:25:34 UTC</createdTime>
<ownerDesignName>all_schemas</ownerDesignName>
<indexColumnUsage>
<colUsage columnID="2FAA5ABA-E91A-6372-C4B9-5FB09C57BC12"/>
</indexColumnUsage>
</ind_PK_UK>
<ind_PK_UK id="5DD8E4BA-5483-B781-61F5-03A27065D065" name="FW_PSC_S_MV_WD_BIX">
<createdBy>Administrator</createdBy>
<createdTime>2008-11-17 12:25:34 UTC</createdTime>
<ownerDesignName>all_schemas</ownerDesignName>
<indexColumnUsage>
<colUsage columnID="9BF2DC8D-FD54-B4BF-52FC-69A9E43DA9A0"/>
</indexColumnUsage>
</ind_PK_UK>
</indexes>
</Table>