<?xml version = '1.0' encoding = 'UTF-8'?>
<Table class="oracle.dbtools.crest.model.design.relational.Table" directorySegmentName="seg_0" id="53351FA5-C8DD-8D1F-0336-1F96256F014D" schemaObject="92D7A384-7405-004C-11BA-2BF5FDFC8C3C" name="SUM_SALES">
<createdBy>Administrator</createdBy>
<createdTime>2008-11-17 12:25:32 UTC</createdTime>
<ownerDesignName>all_schemas</ownerDesignName>
<typeID>4</typeID>
<parsed>true</parsed>
<columns itemClass="oracle.dbtools.crest.model.design.relational.Column">
<Column name="PROD_ID" id="4F6C6183-FB17-96F6-3F67-9A1625780E32">
<createdBy>Administrator</createdBy>
<createdTime>2008-11-17 12:25:33 UTC</createdTime>
<ownerDesignName>all_schemas</ownerDesignName>
<useDomainConstraints>false</useDomainConstraints>
<use>1</use>
<logicalDatatype>LOGDT019</logicalDatatype>
<ownDataTypeParameters>,,</ownDataTypeParameters>
</Column>
<Column name="TIME_ID" id="9B8AC9C7-B3A9-65F1-3378-E545324279F7">
<createdBy>Administrator</createdBy>
<createdTime>2008-11-17 12:25:33 UTC</createdTime>
<ownerDesignName>all_schemas</ownerDesignName>
<useDomainConstraints>false</useDomainConstraints>
<use>1</use>
<logicalDatatype>LOGDT007</logicalDatatype>
<ownDataTypeParameters>,,</ownDataTypeParameters>
</Column>
<Column name="COUNT_GRP" id="685AAD23-5501-DA1B-FE90-1EB68BCBBE44">
<createdBy>Administrator</createdBy>
<createdTime>2008-11-17 12:25:33 UTC</createdTime>
<ownerDesignName>all_schemas</ownerDesignName>
<formulaDesc>COUNT(*)</formulaDesc>
<nullsAllowed>true</nullsAllowed>
<sourceType>Aggregate</sourceType>
<useDomainConstraints>false</useDomainConstraints>
<use>1</use>
<logicalDatatype>LOGDT019</logicalDatatype>
<ownDataTypeParameters>,,</ownDataTypeParameters>
</Column>
<Column name="SUM_DOLLAR_SALES" id="B5324DE0-FB72-5904-B9C1-E3E15C785C61">
<createdBy>Administrator</createdBy>
<createdTime>2008-11-17 12:25:33 UTC</createdTime>
<ownerDesignName>all_schemas</ownerDesignName>
<formulaDesc>SUM(&amp;amp;quot;SH&amp;amp;quot;.&amp;amp;quot;S&amp;amp;quot;.&amp;amp;quot;AMOUNT_SOLD&amp;amp;quot;)</formulaDesc>
<nullsAllowed>true</nullsAllowed>
<sourceType>Aggregate</sourceType>
<useDomainConstraints>false</useDomainConstraints>
<use>1</use>
<logicalDatatype>LOGDT019</logicalDatatype>
<ownDataTypeParameters>,,</ownDataTypeParameters>
</Column>
<Column name="COUNT_DOLLAR_SALES" id="EE5B7091-0901-02A5-D739-990C85A68838">
<createdBy>Administrator</createdBy>
<createdTime>2008-11-17 12:25:33 UTC</createdTime>
<ownerDesignName>all_schemas</ownerDesignName>
<formulaDesc>COUNT(&amp;amp;quot;SH&amp;amp;quot;.&amp;amp;quot;S&amp;amp;quot;.&amp;amp;quot;AMOUNT_SOLD&amp;amp;quot;)</formulaDesc>
<nullsAllowed>true</nullsAllowed>
<sourceType>Aggregate</sourceType>
<useDomainConstraints>false</useDomainConstraints>
<use>1</use>
<logicalDatatype>LOGDT019</logicalDatatype>
<ownDataTypeParameters>,,</ownDataTypeParameters>
</Column>
<Column name="SUM_QUANTITY_SALES" id="16F6813E-690F-41FF-6D95-3F48F255CA0D">
<createdBy>Administrator</createdBy>
<createdTime>2008-11-17 12:25:33 UTC</createdTime>
<ownerDesignName>all_schemas</ownerDesignName>
<formulaDesc>SUM(&amp;amp;quot;SH&amp;amp;quot;.&amp;amp;quot;S&amp;amp;quot;.&amp;amp;quot;QUANTITY_SOLD&amp;amp;quot;)</formulaDesc>
<nullsAllowed>true</nullsAllowed>
<sourceType>Aggregate</sourceType>
<useDomainConstraints>false</useDomainConstraints>
<use>1</use>
<logicalDatatype>LOGDT019</logicalDatatype>
<ownDataTypeParameters>,,</ownDataTypeParameters>
</Column>
<Column name="COUNT_QUANTITY_SALES" id="698E9AFE-D2F8-F9D6-2851-E7F1F6B912DA">
<createdBy>Administrator</createdBy>
<createdTime>2008-11-17 12:25:33 UTC</createdTime>
<ownerDesignName>all_schemas</ownerDesignName>
<formulaDesc>COUNT(&amp;amp;quot;SH&amp;amp;quot;.&amp;amp;quot;S&amp;amp;quot;.&amp;amp;quot;QUANTITY_SOLD&amp;amp;quot;)</formulaDesc>
<nullsAllowed>true</nullsAllowed>
<sourceType>Aggregate</sourceType>
<useDomainConstraints>false</useDomainConstraints>
<use>1</use>
<logicalDatatype>LOGDT019</logicalDatatype>
<ownDataTypeParameters>,,</ownDataTypeParameters>
</Column>
</columns>
<indexes itemClass="oracle.dbtools.crest.model.design.relational.Index">
<ind_PK_UK id="5F34FB62-2A6E-126B-3008-D5EADCCEAC47" name="I_SNAP$_SUM_SALES">
<createdBy>Administrator</createdBy>
<createdTime>2008-11-17 12:25:35 UTC</createdTime>
<ownerDesignName>all_schemas</ownerDesignName>
<indexExpression>SYS_OP_MAP_NONNULL(&amp;amp;quot;PROD_ID&amp;amp;quot;),SYS_OP_MAP_NONNULL(&amp;amp;quot;TIME_ID&amp;amp;quot;)</indexExpression>
<indexState>Unique Plain Index</indexState>
</ind_PK_UK>
</indexes>
</Table>