<?xml version = '1.0' encoding = 'UTF-8'?>
<Table class="oracle.dbtools.crest.model.design.relational.Table" directorySegmentName="seg_0" id="66001FBA-016E-3A68-EC0A-6F0DA8AD7813" schemaObject="92D7A384-7405-004C-11BA-2BF5FDFC8C3C" name="COUNTRIES">
<createdBy>Administrator</createdBy>
<createdTime>2008-11-17 12:25:32 UTC</createdTime>
<ownerDesignName>all_schemas</ownerDesignName>
<parsed>true</parsed>
<columns itemClass="oracle.dbtools.crest.model.design.relational.Column">
<Column name="COUNTRY_ID" id="E11930AA-C092-D5AD-4DD1-8A0F75870A18">
<createdBy>Administrator</createdBy>
<createdTime>2008-11-17 12:25:32 UTC</createdTime>
<commentInRDBMS><![CDATA[primary key]]></commentInRDBMS>
<ownerDesignName>all_schemas</ownerDesignName>
<useDomainConstraints>false</useDomainConstraints>
<use>1</use>
<logicalDatatype>LOGDT019</logicalDatatype>
<ownDataTypeParameters>,,</ownDataTypeParameters>
</Column>
<Column name="COUNTRY_ISO_CODE" id="4D355A14-6588-D19C-9173-14A9CCFBAECD">
<createdBy>Administrator</createdBy>
<createdTime>2008-11-17 12:25:32 UTC</createdTime>
<ownerDesignName>all_schemas</ownerDesignName>
<useDomainConstraints>false</useDomainConstraints>
<use>1</use>
<logicalDatatype>LOGDT025</logicalDatatype>
<dataTypeSize>2 BYTE</dataTypeSize>
<ownDataTypeParameters>2 BYTE,,</ownDataTypeParameters>
</Column>
<Column name="COUNTRY_NAME" id="4FCE8F2E-1CC9-560A-38DA-5B820C1F185E">
<createdBy>Administrator</createdBy>
<createdTime>2008-11-17 12:25:32 UTC</createdTime>
<commentInRDBMS><![CDATA[country name]]></commentInRDBMS>
<ownerDesignName>all_schemas</ownerDesignName>
<useDomainConstraints>false</useDomainConstraints>
<use>1</use>
<logicalDatatype>LOGDT024</logicalDatatype>
<dataTypeSize>40 BYTE</dataTypeSize>
<ownDataTypeParameters>40 BYTE,,</ownDataTypeParameters>
</Column>
<Column name="COUNTRY_SUBREGION" id="6FA48550-FE57-35D2-B011-3517DA4B1CA7">
<createdBy>Administrator</createdBy>
<createdTime>2008-11-17 12:25:32 UTC</createdTime>
<commentInRDBMS><![CDATA[e.g. Western Europe, to allow hierarchies]]></commentInRDBMS>
<ownerDesignName>all_schemas</ownerDesignName>
<useDomainConstraints>false</useDomainConstraints>
<use>1</use>
<logicalDatatype>LOGDT024</logicalDatatype>
<dataTypeSize>30 BYTE</dataTypeSize>
<ownDataTypeParameters>30 BYTE,,</ownDataTypeParameters>
</Column>
<Column name="COUNTRY_SUBREGION_ID" id="AAF04473-D58A-B36F-CFFC-BFD54E745CAE">
<createdBy>Administrator</createdBy>
<createdTime>2008-11-17 12:25:32 UTC</createdTime>
<ownerDesignName>all_schemas</ownerDesignName>
<useDomainConstraints>false</useDomainConstraints>
<use>1</use>
<logicalDatatype>LOGDT019</logicalDatatype>
<ownDataTypeParameters>,,</ownDataTypeParameters>
</Column>
<Column name="COUNTRY_REGION" id="3A38301D-BEA2-4A0D-FCAB-B12EE146D647">
<createdBy>Administrator</createdBy>
<createdTime>2008-11-17 12:25:32 UTC</createdTime>
<commentInRDBMS><![CDATA[e.g. Europe, Asia]]></commentInRDBMS>
<ownerDesignName>all_schemas</ownerDesignName>
<useDomainConstraints>false</useDomainConstraints>
<use>1</use>
<logicalDatatype>LOGDT024</logicalDatatype>
<dataTypeSize>20 BYTE</dataTypeSize>
<ownDataTypeParameters>20 BYTE,,</ownDataTypeParameters>
</Column>
<Column name="COUNTRY_REGION_ID" id="13719D6F-2D05-2D52-13D3-10D2B35BE4E5">
<createdBy>Administrator</createdBy>
<createdTime>2008-11-17 12:25:32 UTC</createdTime>
<ownerDesignName>all_schemas</ownerDesignName>
<useDomainConstraints>false</useDomainConstraints>
<use>1</use>
<logicalDatatype>LOGDT019</logicalDatatype>
<ownDataTypeParameters>,,</ownDataTypeParameters>
</Column>
<Column name="COUNTRY_TOTAL" id="B2723C27-BE13-BE9D-FAA7-030086C17E3D">
<createdBy>Administrator</createdBy>
<createdTime>2008-11-17 12:25:32 UTC</createdTime>
<ownerDesignName>all_schemas</ownerDesignName>
<useDomainConstraints>false</useDomainConstraints>
<use>1</use>
<logicalDatatype>LOGDT024</logicalDatatype>
<dataTypeSize>11 BYTE</dataTypeSize>
<ownDataTypeParameters>11 BYTE,,</ownDataTypeParameters>
</Column>
<Column name="COUNTRY_TOTAL_ID" id="39240442-14B8-D37F-A7C9-1D7DB6E799DE">
<createdBy>Administrator</createdBy>
<createdTime>2008-11-17 12:25:32 UTC</createdTime>
<ownerDesignName>all_schemas</ownerDesignName>
<useDomainConstraints>false</useDomainConstraints>
<use>1</use>
<logicalDatatype>LOGDT019</logicalDatatype>
<ownDataTypeParameters>,,</ownDataTypeParameters>
</Column>
<Column name="COUNTRY_NAME_HIST" id="566F978D-8B0F-84DD-6C0C-766285D9EC27">
<createdBy>Administrator</createdBy>
<createdTime>2008-11-17 12:25:32 UTC</createdTime>
<ownerDesignName>all_schemas</ownerDesignName>
<nullsAllowed>true</nullsAllowed>
<useDomainConstraints>false</useDomainConstraints>
<use>1</use>
<logicalDatatype>LOGDT024</logicalDatatype>
<dataTypeSize>40 BYTE</dataTypeSize>
<ownDataTypeParameters>40 BYTE,,</ownDataTypeParameters>
</Column>
</columns>
<indexes itemClass="oracle.dbtools.crest.model.design.relational.Index">
<ind_PK_UK id="802DA376-DD7F-E933-F335-99E674B17234" name="COUNTRIES_PK">
<createdBy>Administrator</createdBy>
<createdTime>2008-11-17 12:25:34 UTC</createdTime>
<ownerDesignName>all_schemas</ownerDesignName>
<pk>true</pk>
<indexState>Primary Constraint</indexState>
<indexColumnUsage>
<colUsage columnID="E11930AA-C092-D5AD-4DD1-8A0F75870A18"/>
</indexColumnUsage>
</ind_PK_UK>
</indexes>
</Table>