<?xml version = '1.0' encoding = 'UTF-8'?>
<Table class="oracle.dbtools.crest.model.design.relational.Table" directorySegmentName="seg_0" id="674A3173-75FD-1B4B-F7C1-27C59D147834" schemaObject="64C43071-3C36-48BF-D630-895FB97CC32A" name="PRODUCT_DESCRIPTIONS">
<createdBy>Administrator</createdBy>
<createdTime>2008-11-17 12:25:32 UTC</createdTime>
<ownerDesignName>all_schemas</ownerDesignName>
<parsed>true</parsed>
<columns itemClass="oracle.dbtools.crest.model.design.relational.Column">
<Column name="PRODUCT_ID" id="E27FB626-691E-A78D-7F47-4BF24322F2E8">
<createdBy>Administrator</createdBy>
<createdTime>2008-11-17 12:25:32 UTC</createdTime>
<ownerDesignName>all_schemas</ownerDesignName>
<useDomainConstraints>false</useDomainConstraints>
<use>1</use>
<logicalDatatype>LOGDT019</logicalDatatype>
<dataTypePrecision>6</dataTypePrecision>
<ownDataTypeParameters>,6,</ownDataTypeParameters>
</Column>
<Column name="LANGUAGE_ID" id="84C6CE21-6A6E-28A5-1436-073CE127A7FB">
<createdBy>Administrator</createdBy>
<createdTime>2008-11-17 12:25:32 UTC</createdTime>
<ownerDesignName>all_schemas</ownerDesignName>
<useDomainConstraints>false</useDomainConstraints>
<use>1</use>
<logicalDatatype>LOGDT024</logicalDatatype>
<dataTypeSize>3 BYTE</dataTypeSize>
<ownDataTypeParameters>3 BYTE,,</ownDataTypeParameters>
</Column>
<Column name="TRANSLATED_NAME" id="11933B0B-A35D-48CC-78DF-0330679955F9">
<createdBy>Administrator</createdBy>
<createdTime>2008-11-17 12:25:32 UTC</createdTime>
<ownerDesignName>all_schemas</ownerDesignName>
<useDomainConstraints>false</useDomainConstraints>
<use>1</use>
<logicalDatatype>LOGDT037</logicalDatatype>
<dataTypeSize>100</dataTypeSize>
<ownDataTypeParameters>100,,</ownDataTypeParameters>
</Column>
<Column name="TRANSLATED_DESCRIPTION" id="BE111727-0671-3895-934D-08A6EF37A306">
<createdBy>Administrator</createdBy>
<createdTime>2008-11-17 12:25:32 UTC</createdTime>
<ownerDesignName>all_schemas</ownerDesignName>
<useDomainConstraints>false</useDomainConstraints>
<use>1</use>
<logicalDatatype>LOGDT037</logicalDatatype>
<dataTypeSize>4000</dataTypeSize>
<ownDataTypeParameters>4000,,</ownDataTypeParameters>
</Column>
</columns>
<indexes itemClass="oracle.dbtools.crest.model.design.relational.Index">
<ind_PK_UK id="EDF7814B-45E5-E3BF-A2E6-11AE2E93F1F4" name="PRODUCT_DESCRIPTIONS_PK">
<createdBy>Administrator</createdBy>
<createdTime>2008-11-17 12:25:37 UTC</createdTime>
<ownerDesignName>all_schemas</ownerDesignName>
<pk>true</pk>
<indexState>Primary Constraint</indexState>
</ind_PK_UK>
<ind_PK_UK id="C49F34FD-DAF3-7360-56D5-A342806294A5" name="PRD_DESC_PK">
<createdBy>Administrator</createdBy>
<createdTime>2008-11-17 12:25:34 UTC</createdTime>
<ownerDesignName>all_schemas</ownerDesignName>
<indexState>Unique Plain Index</indexState>
<indexColumnUsage>
<colUsage columnID="E27FB626-691E-A78D-7F47-4BF24322F2E8"/>
<colUsage columnID="84C6CE21-6A6E-28A5-1436-073CE127A7FB"/>
</indexColumnUsage>
</ind_PK_UK>
<ind_PK_UK id="B149C85D-232C-98BE-335C-4CDDC6A6285B" name="PROD_NAME_IX">
<createdBy>Administrator</createdBy>
<createdTime>2008-11-17 12:25:34 UTC</createdTime>
<ownerDesignName>all_schemas</ownerDesignName>
<indexColumnUsage>
<colUsage columnID="11933B0B-A35D-48CC-78DF-0330679955F9"/>
</indexColumnUsage>
</ind_PK_UK>
</indexes>
</Table>