<?xml version = '1.0' encoding = 'UTF-8'?>
<Table class="oracle.dbtools.crest.model.design.relational.Table" directorySegmentName="seg_0" id="67C0D93E-0C2C-F597-56D0-9C0BAC5F12D1" schemaObject="92D7A384-7405-004C-11BA-2BF5FDFC8C3C" name="DR$SUP_TEXT_IDX$I">
<createdBy>Administrator</createdBy>
<createdTime>2008-11-17 12:25:32 UTC</createdTime>
<ownerDesignName>all_schemas</ownerDesignName>
<shouldEngineer>false</shouldEngineer>
<parsed>true</parsed>
<columns itemClass="oracle.dbtools.crest.model.design.relational.Column">
<Column name="TOKEN_TEXT" id="4E7A3FEE-3952-A6F3-BF22-74A4AFA21267">
<createdBy>Administrator</createdBy>
<createdTime>2008-11-17 12:25:32 UTC</createdTime>
<ownerDesignName>all_schemas</ownerDesignName>
<useDomainConstraints>false</useDomainConstraints>
<use>1</use>
<logicalDatatype>LOGDT024</logicalDatatype>
<dataTypeSize>64 BYTE</dataTypeSize>
<ownDataTypeParameters>64 BYTE,,</ownDataTypeParameters>
</Column>
<Column name="TOKEN_TYPE" id="C86267A5-13B9-43C5-BDE0-BAF51BF2ACB8">
<createdBy>Administrator</createdBy>
<createdTime>2008-11-17 12:25:32 UTC</createdTime>
<ownerDesignName>all_schemas</ownerDesignName>
<useDomainConstraints>false</useDomainConstraints>
<use>1</use>
<logicalDatatype>LOGDT019</logicalDatatype>
<dataTypePrecision>3</dataTypePrecision>
<ownDataTypeParameters>,3,</ownDataTypeParameters>
</Column>
<Column name="TOKEN_FIRST" id="465ABDD9-B72F-5307-204D-998D9055FBA5">
<createdBy>Administrator</createdBy>
<createdTime>2008-11-17 12:25:32 UTC</createdTime>
<ownerDesignName>all_schemas</ownerDesignName>
<useDomainConstraints>false</useDomainConstraints>
<use>1</use>
<logicalDatatype>LOGDT019</logicalDatatype>
<dataTypePrecision>10</dataTypePrecision>
<ownDataTypeParameters>,10,</ownDataTypeParameters>
</Column>
<Column name="TOKEN_LAST" id="2F208702-5C92-71C1-52F7-9D4EC8201D5C">
<createdBy>Administrator</createdBy>
<createdTime>2008-11-17 12:25:32 UTC</createdTime>
<ownerDesignName>all_schemas</ownerDesignName>
<useDomainConstraints>false</useDomainConstraints>
<use>1</use>
<logicalDatatype>LOGDT019</logicalDatatype>
<dataTypePrecision>10</dataTypePrecision>
<ownDataTypeParameters>,10,</ownDataTypeParameters>
</Column>
<Column name="TOKEN_COUNT" id="C54D3A30-D06E-8B3E-B5FE-C1E1E9DCC11B">
<createdBy>Administrator</createdBy>
<createdTime>2008-11-17 12:25:32 UTC</createdTime>
<ownerDesignName>all_schemas</ownerDesignName>
<useDomainConstraints>false</useDomainConstraints>
<use>1</use>
<logicalDatatype>LOGDT019</logicalDatatype>
<dataTypePrecision>10</dataTypePrecision>
<ownDataTypeParameters>,10,</ownDataTypeParameters>
</Column>
<Column name="TOKEN_INFO" id="34BA3EFF-ED56-0571-C7C1-4ECA67A2F546">
<createdBy>Administrator</createdBy>
<createdTime>2008-11-17 12:25:32 UTC</createdTime>
<ownerDesignName>all_schemas</ownerDesignName>
<nullsAllowed>true</nullsAllowed>
<useDomainConstraints>false</useDomainConstraints>
<use>1</use>
<logicalDatatype>LOGDT029</logicalDatatype>
<ownDataTypeParameters>,,</ownDataTypeParameters>
</Column>
</columns>
<indexes itemClass="oracle.dbtools.crest.model.design.relational.Index">
<ind_PK_UK id="5D6176B2-BEB6-FC36-5A85-F7C5C9C8696D" name="DR$SUP_TEXT_IDX$X">
<createdBy>Administrator</createdBy>
<createdTime>2008-11-17 12:25:34 UTC</createdTime>
<ownerDesignName>all_schemas</ownerDesignName>
<indexColumnUsage>
<colUsage columnID="4E7A3FEE-3952-A6F3-BF22-74A4AFA21267"/>
<colUsage columnID="C86267A5-13B9-43C5-BDE0-BAF51BF2ACB8"/>
<colUsage columnID="465ABDD9-B72F-5307-204D-998D9055FBA5"/>
<colUsage columnID="2F208702-5C92-71C1-52F7-9D4EC8201D5C"/>
<colUsage columnID="C54D3A30-D06E-8B3E-B5FE-C1E1E9DCC11B"/>
</indexColumnUsage>
</ind_PK_UK>
</indexes>
</Table>