<?xml version = '1.0' encoding = 'UTF-8'?>
<Table class="oracle.dbtools.crest.model.design.relational.Table" directorySegmentName="seg_0" id="892A0937-1265-F663-3E16-9D9CF2706DB9" schemaObject="64C43071-3C36-48BF-D630-895FB97CC32A" name="WAREHOUSES">
<createdBy>Administrator</createdBy>
<createdTime>2008-11-17 12:25:32 UTC</createdTime>
<ownerDesignName>all_schemas</ownerDesignName>
<parsed>true</parsed>
<columns itemClass="oracle.dbtools.crest.model.design.relational.Column">
<Column name="WAREHOUSE_ID" id="02695593-86EE-A649-319C-E78AF364F515">
<createdBy>Administrator</createdBy>
<createdTime>2008-11-17 12:25:32 UTC</createdTime>
<ownerDesignName>all_schemas</ownerDesignName>
<useDomainConstraints>false</useDomainConstraints>
<use>1</use>
<logicalDatatype>LOGDT019</logicalDatatype>
<dataTypePrecision>3</dataTypePrecision>
<ownDataTypeParameters>,3,</ownDataTypeParameters>
</Column>
<Column name="WAREHOUSE_SPEC" id="9F9399AB-2994-7789-2D2F-EC68C3C9F758">
<createdBy>Administrator</createdBy>
<createdTime>2008-11-17 12:25:32 UTC</createdTime>
<ownerDesignName>all_schemas</ownerDesignName>
<nullsAllowed>true</nullsAllowed>
<useDomainConstraints>false</useDomainConstraints>
<use>1</use>
<logicalDatatype>LOGDT050</logicalDatatype>
<ownDataTypeParameters>,,</ownDataTypeParameters>
</Column>
<Column name="WAREHOUSE_NAME" id="E5AB3603-39ED-FABA-3335-D34D22C327BB">
<createdBy>Administrator</createdBy>
<createdTime>2008-11-17 12:25:32 UTC</createdTime>
<ownerDesignName>all_schemas</ownerDesignName>
<nullsAllowed>true</nullsAllowed>
<useDomainConstraints>false</useDomainConstraints>
<use>1</use>
<logicalDatatype>LOGDT024</logicalDatatype>
<dataTypeSize>35 BYTE</dataTypeSize>
<ownDataTypeParameters>35 BYTE,,</ownDataTypeParameters>
</Column>
<Column name="LOCATION_ID" id="645FC513-F2EA-D9AA-7C92-12FA5EDF3341">
<createdBy>Administrator</createdBy>
<createdTime>2008-11-17 12:25:32 UTC</createdTime>
<ownerDesignName>all_schemas</ownerDesignName>
<nullsAllowed>true</nullsAllowed>
<useDomainConstraints>false</useDomainConstraints>
<use>1</use>
<logicalDatatype>LOGDT019</logicalDatatype>
<dataTypePrecision>4</dataTypePrecision>
<ownDataTypeParameters>,4,</ownDataTypeParameters>
<associations>
<colAssociation fkAssociation="CA7D141D-18B4-E3B3-CDCA-6DE203897E5A" referredColumn="5FF83CBC-1C24-45D7-94CD-788A8DB6480B"/>
</associations>
</Column>
<Column name="WH_GEO_LOCATION" id="EC8CA241-3F53-9E6F-1CB4-0CFA31D2650D">
<createdBy>Administrator</createdBy>
<createdTime>2008-11-17 12:25:32 UTC</createdTime>
<ownerDesignName>all_schemas</ownerDesignName>
<nullsAllowed>true</nullsAllowed>
<useDomainConstraints>false</useDomainConstraints>
<use>3</use>
<structuredType>DT-B107DE30-053D-730C-ABBE-9E7B9BF83724@StructuredType0</structuredType>
<ownDataTypeParameters>,,</ownDataTypeParameters>
</Column>
</columns>
<indexes itemClass="oracle.dbtools.crest.model.design.relational.Index">
<ind_PK_UK id="07640160-0A98-F983-FFB5-E3685114D9D4" name="WAREHOUSES_PK">
<createdBy>Administrator</createdBy>
<createdTime>2008-11-17 12:25:34 UTC</createdTime>
<ownerDesignName>all_schemas</ownerDesignName>
<pk>true</pk>
<indexState>Primary Constraint</indexState>
<indexColumnUsage>
<colUsage columnID="02695593-86EE-A649-319C-E78AF364F515"/>
</indexColumnUsage>
</ind_PK_UK>
<ind_PK_UK id="D3EC0CFD-196B-CEE6-86DB-B58389122784" name="WHS_LOCATION_IX">
<createdBy>Administrator</createdBy>
<createdTime>2008-11-17 12:25:34 UTC</createdTime>
<ownerDesignName>all_schemas</ownerDesignName>
<indexColumnUsage>
<colUsage columnID="645FC513-F2EA-D9AA-7C92-12FA5EDF3341"/>
</indexColumnUsage>
</ind_PK_UK>
<ind_PK_UK id="E64B6A16-A28C-C734-8FA3-7797C945469E" name="WAREHOUSES_LOCATION_FK">
<createdBy>Administrator</createdBy>
<createdTime>2008-11-17 12:25:40 UTC</createdTime>
<ownerDesignName>all_schemas</ownerDesignName>
<indexState>Foreign Key</indexState>
<indexColumnUsage>
<colUsage columnID="645FC513-F2EA-D9AA-7C92-12FA5EDF3341"/>
</indexColumnUsage>
</ind_PK_UK>
</indexes>
</Table>