<?xml version = '1.0' encoding = 'UTF-8'?>
<Table class="oracle.dbtools.crest.model.design.relational.Table" directorySegmentName="seg_0" id="9FA847E3-6D39-CC59-133F-EF03AF70EA72" schemaObject="A30D5C25-7C94-3B59-6BB5-14B696217C10" name="AQ$_STREAMS_QUEUE_TABLE_T">
<createdBy>Administrator</createdBy>
<createdTime>2008-11-17 12:25:32 UTC</createdTime>
<ownerDesignName>all_schemas</ownerDesignName>
<shouldEngineer>false</shouldEngineer>
<parsed>true</parsed>
<columns itemClass="oracle.dbtools.crest.model.design.relational.Column">
<Column name="NEXT_DATE" id="CA3BD4E4-CD4A-2A2A-9A9C-38BF782D93B6">
<createdBy>Administrator</createdBy>
<createdTime>2008-11-17 12:25:32 UTC</createdTime>
<ownerDesignName>all_schemas</ownerDesignName>
<useDomainConstraints>false</useDomainConstraints>
<use>1</use>
<logicalDatatype>LOGDT015</logicalDatatype>
<dataTypePrecision>6</dataTypePrecision>
<ownDataTypeParameters>,6,</ownDataTypeParameters>
</Column>
<Column name="TXN_ID" id="BCE920C3-1329-A639-344D-2A3DA22219D8">
<createdBy>Administrator</createdBy>
<createdTime>2008-11-17 12:25:32 UTC</createdTime>
<ownerDesignName>all_schemas</ownerDesignName>
<useDomainConstraints>false</useDomainConstraints>
<use>1</use>
<logicalDatatype>LOGDT024</logicalDatatype>
<dataTypeSize>30 BYTE</dataTypeSize>
<ownDataTypeParameters>30 BYTE,,</ownDataTypeParameters>
</Column>
<Column name="MSGID" id="95784E9C-465C-58BA-3E60-54B4FC3F0C45">
<createdBy>Administrator</createdBy>
<createdTime>2008-11-17 12:25:32 UTC</createdTime>
<ownerDesignName>all_schemas</ownerDesignName>
<useDomainConstraints>false</useDomainConstraints>
<use>1</use>
<logicalDatatype>LogDes-4BABEC65-108B-2A3C-F7C4-84AC47D292B0@LOGDT10040</logicalDatatype>
<dataTypeSize>16</dataTypeSize>
<ownDataTypeParameters>16,,</ownDataTypeParameters>
</Column>
<Column name="ACTION" id="4D1A84A6-529E-77E7-40B3-BB1BA80BB6FF">
<createdBy>Administrator</createdBy>
<createdTime>2008-11-17 12:25:32 UTC</createdTime>
<ownerDesignName>all_schemas</ownerDesignName>
<nullsAllowed>true</nullsAllowed>
<useDomainConstraints>false</useDomainConstraints>
<use>1</use>
<logicalDatatype>LOGDT019</logicalDatatype>
<ownDataTypeParameters>,,</ownDataTypeParameters>
</Column>
</columns>
<indexes itemClass="oracle.dbtools.crest.model.design.relational.Index">
<ind_PK_UK id="A5CBEBB0-FB39-7C53-2E3B-629539459B1A" name="SYS_IOT_TOP_70416">
<createdBy>Administrator</createdBy>
<createdTime>2008-11-17 12:25:34 UTC</createdTime>
<ownerDesignName>all_schemas</ownerDesignName>
<pk>true</pk>
<indexState>Primary Constraint</indexState>
<indexColumnUsage>
<colUsage columnID="CA3BD4E4-CD4A-2A2A-9A9C-38BF782D93B6"/>
<colUsage columnID="BCE920C3-1329-A639-344D-2A3DA22219D8"/>
<colUsage columnID="95784E9C-465C-58BA-3E60-54B4FC3F0C45"/>
</indexColumnUsage>
</ind_PK_UK>
</indexes>
</Table>