<?xml version = '1.0' encoding = 'UTF-8'?>
<Table class="oracle.dbtools.crest.model.design.relational.Table" directorySegmentName="seg_0" id="ACFDBD4E-C2A9-60D1-639A-3841326467E9" schemaObject="6CBB3992-DF5E-72F4-3F69-975D6746DC2D" name="EMPLOYEES">
<createdBy>Administrator</createdBy>
<createdTime>2008-11-17 12:25:32 UTC</createdTime>
<ownerDesignName>all_schemas</ownerDesignName>
<parsed>true</parsed>
<columns itemClass="oracle.dbtools.crest.model.design.relational.Column">
<Column name="EMPLOYEE_ID" id="9981EBCA-6588-A188-06A9-AAABF725B6F5">
<createdBy>Administrator</createdBy>
<createdTime>2008-11-17 12:25:32 UTC</createdTime>
<commentInRDBMS><![CDATA[Primary key of employees table.]]></commentInRDBMS>
<ownerDesignName>all_schemas</ownerDesignName>
<useDomainConstraints>false</useDomainConstraints>
<use>1</use>
<logicalDatatype>LOGDT019</logicalDatatype>
<dataTypePrecision>6</dataTypePrecision>
<ownDataTypeParameters>,6,</ownDataTypeParameters>
</Column>
<Column name="FIRST_NAME" id="AC329F15-852B-3C0A-208D-9A799D99DBE7">
<createdBy>Administrator</createdBy>
<createdTime>2008-11-17 12:25:32 UTC</createdTime>
<commentInRDBMS><![CDATA[First name of the employee. A not null column.]]></commentInRDBMS>
<ownerDesignName>all_schemas</ownerDesignName>
<nullsAllowed>true</nullsAllowed>
<useDomainConstraints>false</useDomainConstraints>
<use>1</use>
<logicalDatatype>LOGDT024</logicalDatatype>
<dataTypeSize>20 BYTE</dataTypeSize>
<ownDataTypeParameters>20 BYTE,,</ownDataTypeParameters>
</Column>
<Column name="LAST_NAME" id="776BF374-911C-AA1D-3C26-931C215013DA">
<createdBy>Administrator</createdBy>
<createdTime>2008-11-17 12:25:32 UTC</createdTime>
<commentInRDBMS><![CDATA[Last name of the employee. A not null column.]]></commentInRDBMS>
<ownerDesignName>all_schemas</ownerDesignName>
<useDomainConstraints>false</useDomainConstraints>
<use>1</use>
<logicalDatatype>LOGDT024</logicalDatatype>
<dataTypeSize>25 BYTE</dataTypeSize>
<ownDataTypeParameters>25 BYTE,,</ownDataTypeParameters>
</Column>
<Column name="EMAIL" id="5985A5B6-50DB-7325-BA07-4D6F1EA8D0C8">
<createdBy>Administrator</createdBy>
<createdTime>2008-11-17 12:25:32 UTC</createdTime>
<commentInRDBMS><![CDATA[Email id of the employee]]></commentInRDBMS>
<ownerDesignName>all_schemas</ownerDesignName>
<useDomainConstraints>false</useDomainConstraints>
<use>1</use>
<logicalDatatype>LOGDT024</logicalDatatype>
<dataTypeSize>25 BYTE</dataTypeSize>
<ownDataTypeParameters>25 BYTE,,</ownDataTypeParameters>
</Column>
<Column name="PHONE_NUMBER" id="0D999FF3-0FA8-A25A-6011-991420F7FEF7">
<createdBy>Administrator</createdBy>
<createdTime>2008-11-17 12:25:32 UTC</createdTime>
<commentInRDBMS><![CDATA[Phone number of the employee; includes country code and area code]]></commentInRDBMS>
<ownerDesignName>all_schemas</ownerDesignName>
<nullsAllowed>true</nullsAllowed>
<useDomainConstraints>false</useDomainConstraints>
<use>1</use>
<logicalDatatype>LOGDT024</logicalDatatype>
<dataTypeSize>20 BYTE</dataTypeSize>
<ownDataTypeParameters>20 BYTE,,</ownDataTypeParameters>
</Column>
<Column name="HIRE_DATE" id="FEA8B9BC-F2F2-59D0-9B6D-1EB8CAF35232">
<createdBy>Administrator</createdBy>
<createdTime>2008-11-17 12:25:32 UTC</createdTime>
<commentInRDBMS><![CDATA[Date when the employee started on this job. A not null column.]]></commentInRDBMS>
<ownerDesignName>all_schemas</ownerDesignName>
<useDomainConstraints>false</useDomainConstraints>
<use>1</use>
<logicalDatatype>LOGDT007</logicalDatatype>
<ownDataTypeParameters>,,</ownDataTypeParameters>
</Column>
<Column name="JOB_ID" id="49F1A42A-B62C-4663-FE0E-0B5BCD37E001">
<createdBy>Administrator</createdBy>
<createdTime>2008-11-17 12:25:32 UTC</createdTime>
<commentInRDBMS><![CDATA[Current job of the employee; foreign key to job_id column of the &lt;br&gt;jobs table. A not null column.]]></commentInRDBMS>
<ownerDesignName>all_schemas</ownerDesignName>
<useDomainConstraints>false</useDomainConstraints>
<use>1</use>
<logicalDatatype>LOGDT024</logicalDatatype>
<dataTypeSize>10 BYTE</dataTypeSize>
<ownDataTypeParameters>10 BYTE,,</ownDataTypeParameters>
<associations>
<colAssociation fkAssociation="FDE005A4-2C82-3ABE-C985-BBE8C37C4626" referredColumn="51EDC8E7-0670-BEE2-CCE6-5F7C13A445C6"/>
</associations>
</Column>
<Column name="SALARY" id="8043B74B-2324-03FD-BFB4-292AC4845831">
<createdBy>Administrator</createdBy>
<createdTime>2008-11-17 12:25:32 UTC</createdTime>
<commentInRDBMS><![CDATA[Monthly salary of the employee. Must be greater &lt;br&gt;than zero (enforced by constraint emp_salary_min)]]></commentInRDBMS>
<ownerDesignName>all_schemas</ownerDesignName>
<constraintName>EMP_SALARY_MIN</constraintName>
<nullsAllowed>true</nullsAllowed>
<useDomainConstraints>false</useDomainConstraints>
<use>1</use>
<logicalDatatype>LOGDT019</logicalDatatype>
<dataTypePrecision>8</dataTypePrecision>
<dataTypeScale>2</dataTypeScale>
<checkConstraint>
<implementationDef dbType="Oracle Database 10g" definition="salary &gt; 0"/>
</checkConstraint>
<ownDataTypeParameters>,8,2</ownDataTypeParameters>
</Column>
<Column name="COMMISSION_PCT" id="527839D3-1753-B42F-41A4-73B92B6C7146">
<createdBy>Administrator</createdBy>
<createdTime>2008-11-17 12:25:32 UTC</createdTime>
<commentInRDBMS><![CDATA[Commission percentage of the employee; Only employees in sales &lt;br&gt;department elgible for commission percentage]]></commentInRDBMS>
<ownerDesignName>all_schemas</ownerDesignName>
<nullsAllowed>true</nullsAllowed>
<useDomainConstraints>false</useDomainConstraints>
<use>1</use>
<logicalDatatype>LOGDT019</logicalDatatype>
<dataTypePrecision>2</dataTypePrecision>
<dataTypeScale>2</dataTypeScale>
<ownDataTypeParameters>,2,2</ownDataTypeParameters>
</Column>
<Column name="MANAGER_ID" id="891972D6-E2DD-8A27-9AF7-F9072DE2CA92">
<createdBy>Administrator</createdBy>
<createdTime>2008-11-17 12:25:32 UTC</createdTime>
<commentInRDBMS><![CDATA[Manager id of the employee; has same domain as manager_id in &lt;br&gt;departments table. Foreign key to employee_id column of employees table.&lt;br&gt;(useful for reflexive joins and CONNECT BY query)]]></commentInRDBMS>
<ownerDesignName>all_schemas</ownerDesignName>
<nullsAllowed>true</nullsAllowed>
<useDomainConstraints>false</useDomainConstraints>
<use>1</use>
<logicalDatatype>LOGDT019</logicalDatatype>
<dataTypePrecision>6</dataTypePrecision>
<ownDataTypeParameters>,6,</ownDataTypeParameters>
<associations>
<colAssociation fkAssociation="58BAE124-4B7D-15BC-0836-6B0A83AF4DCF" referredColumn="9981EBCA-6588-A188-06A9-AAABF725B6F5"/>
</associations>
</Column>
<Column name="DEPARTMENT_ID" id="3A9025F8-FC34-EA15-9B4B-3FAE887C21A1">
<createdBy>Administrator</createdBy>
<createdTime>2008-11-17 12:25:32 UTC</createdTime>
<commentInRDBMS><![CDATA[Department id where employee works; foreign key to department_id &lt;br&gt;column of the departments table]]></commentInRDBMS>
<ownerDesignName>all_schemas</ownerDesignName>
<nullsAllowed>true</nullsAllowed>
<useDomainConstraints>false</useDomainConstraints>
<use>1</use>
<logicalDatatype>LOGDT019</logicalDatatype>
<dataTypePrecision>4</dataTypePrecision>
<ownDataTypeParameters>,4,</ownDataTypeParameters>
<associations>
<colAssociation fkAssociation="6F0C4A28-192C-E915-1029-054EE0D77907" referredColumn="72A19EF4-3F6A-8EE2-D5F3-181DE980F4F4"/>
</associations>
</Column>
</columns>
<indexes itemClass="oracle.dbtools.crest.model.design.relational.Index">
<ind_PK_UK id="B625395C-D403-2E10-C92D-217174C035C0" name="EMP_EMP_ID_PK">
<createdBy>Administrator</createdBy>
<createdTime>2008-11-17 12:25:34 UTC</createdTime>
<ownerDesignName>all_schemas</ownerDesignName>
<pk>true</pk>
<indexState>Primary Constraint</indexState>
<indexColumnUsage>
<colUsage columnID="9981EBCA-6588-A188-06A9-AAABF725B6F5"/>
</indexColumnUsage>
</ind_PK_UK>
<ind_PK_UK id="FA5EB36A-D69C-7427-BD42-F76F23AD0950" name="EMP_EMAIL_UK">
<createdBy>Administrator</createdBy>
<createdTime>2008-11-17 12:25:34 UTC</createdTime>
<ownerDesignName>all_schemas</ownerDesignName>
<indexState>Unique Constraint</indexState>
<indexColumnUsage>
<colUsage columnID="5985A5B6-50DB-7325-BA07-4D6F1EA8D0C8"/>
</indexColumnUsage>
</ind_PK_UK>
<ind_PK_UK id="23402DD3-6CA8-FEEA-2930-CF1D67177CBC" name="EMP_DEPARTMENT_IX">
<createdBy>Administrator</createdBy>
<createdTime>2008-11-17 12:25:34 UTC</createdTime>
<ownerDesignName>all_schemas</ownerDesignName>
<indexColumnUsage>
<colUsage columnID="3A9025F8-FC34-EA15-9B4B-3FAE887C21A1"/>
</indexColumnUsage>
</ind_PK_UK>
<ind_PK_UK id="E566361D-1253-5D58-A721-0E105DA194EB" name="EMP_JOB_IX">
<createdBy>Administrator</createdBy>
<createdTime>2008-11-17 12:25:34 UTC</createdTime>
<ownerDesignName>all_schemas</ownerDesignName>
<indexColumnUsage>
<colUsage columnID="49F1A42A-B62C-4663-FE0E-0B5BCD37E001"/>
</indexColumnUsage>
</ind_PK_UK>
<ind_PK_UK id="0A2FB169-29EA-2F2D-42A4-261E6177C6B8" name="EMP_MANAGER_IX">
<createdBy>Administrator</createdBy>
<createdTime>2008-11-17 12:25:34 UTC</createdTime>
<ownerDesignName>all_schemas</ownerDesignName>
<indexColumnUsage>
<colUsage columnID="891972D6-E2DD-8A27-9AF7-F9072DE2CA92"/>
</indexColumnUsage>
</ind_PK_UK>
<ind_PK_UK id="F5D2E570-5CFF-3BE2-C5BA-039EED66A463" name="EMP_NAME_IX">
<createdBy>Administrator</createdBy>
<createdTime>2008-11-17 12:25:34 UTC</createdTime>
<ownerDesignName>all_schemas</ownerDesignName>
<indexColumnUsage>
<colUsage columnID="776BF374-911C-AA1D-3C26-931C215013DA"/>
<colUsage columnID="AC329F15-852B-3C0A-208D-9A799D99DBE7"/>
</indexColumnUsage>
</ind_PK_UK>
<ind_PK_UK id="85E2BA90-0ADA-DEBE-04E7-BF0ABE4AF8AE" name="EMP_MANAGER_FK">
<createdBy>Administrator</createdBy>
<createdTime>2008-11-17 12:25:40 UTC</createdTime>
<ownerDesignName>all_schemas</ownerDesignName>
<indexState>Foreign Key</indexState>
<indexColumnUsage>
<colUsage columnID="891972D6-E2DD-8A27-9AF7-F9072DE2CA92"/>
</indexColumnUsage>
</ind_PK_UK>
<ind_PK_UK id="495BE249-EC3C-7471-145D-DEED960B8BB4" name="EMP_JOB_FK">
<createdBy>Administrator</createdBy>
<createdTime>2008-11-17 12:25:40 UTC</createdTime>
<ownerDesignName>all_schemas</ownerDesignName>
<indexState>Foreign Key</indexState>
<indexColumnUsage>
<colUsage columnID="49F1A42A-B62C-4663-FE0E-0B5BCD37E001"/>
</indexColumnUsage>
</ind_PK_UK>
<ind_PK_UK id="FBEB355B-C06E-5DE7-71C8-A3B6EB9135EC" name="EMP_DEPT_FK">
<createdBy>Administrator</createdBy>
<createdTime>2008-11-17 12:25:40 UTC</createdTime>
<ownerDesignName>all_schemas</ownerDesignName>
<indexState>Foreign Key</indexState>
<indexColumnUsage>
<colUsage columnID="3A9025F8-FC34-EA15-9B4B-3FAE887C21A1"/>
</indexColumnUsage>
</ind_PK_UK>
</indexes>
</Table>