<?xml version = '1.0' encoding = 'UTF-8'?>
<Table class="oracle.dbtools.crest.model.design.relational.Table" directorySegmentName="seg_0" id="B20129C4-1399-9E2C-058E-500AB376E5D4" schemaObject="64C43071-3C36-48BF-D630-895FB97CC32A" name="ORDER_ITEMS">
<createdBy>Administrator</createdBy>
<createdTime>2008-11-17 12:25:32 UTC</createdTime>
<ownerDesignName>all_schemas</ownerDesignName>
<parsed>true</parsed>
<columns itemClass="oracle.dbtools.crest.model.design.relational.Column">
<Column name="ORDER_ID" id="A9A23896-9859-D75F-986C-2A5551021D1B">
<createdBy>Administrator</createdBy>
<createdTime>2008-11-17 12:25:32 UTC</createdTime>
<ownerDesignName>all_schemas</ownerDesignName>
<useDomainConstraints>false</useDomainConstraints>
<use>1</use>
<logicalDatatype>LOGDT019</logicalDatatype>
<dataTypePrecision>12</dataTypePrecision>
<ownDataTypeParameters>,12,</ownDataTypeParameters>
<associations>
<colAssociation fkAssociation="81B22722-FFB0-8C4B-9B6B-EC492939B180" referredColumn="4624050C-7BE6-2E61-F15B-C077895DE33B"/>
</associations>
</Column>
<Column name="LINE_ITEM_ID" id="766D649D-68AC-5F72-2ECA-61739008951A">
<createdBy>Administrator</createdBy>
<createdTime>2008-11-17 12:25:32 UTC</createdTime>
<ownerDesignName>all_schemas</ownerDesignName>
<useDomainConstraints>false</useDomainConstraints>
<use>1</use>
<logicalDatatype>LOGDT019</logicalDatatype>
<dataTypePrecision>3</dataTypePrecision>
<ownDataTypeParameters>,3,</ownDataTypeParameters>
</Column>
<Column name="PRODUCT_ID" id="A6AB7BD4-8892-DE1F-8FA0-CD2DB7A73C5B">
<createdBy>Administrator</createdBy>
<createdTime>2008-11-17 12:25:32 UTC</createdTime>
<ownerDesignName>all_schemas</ownerDesignName>
<useDomainConstraints>false</useDomainConstraints>
<use>1</use>
<logicalDatatype>LOGDT019</logicalDatatype>
<dataTypePrecision>6</dataTypePrecision>
<ownDataTypeParameters>,6,</ownDataTypeParameters>
<associations>
<colAssociation fkAssociation="9AFADFB4-E08B-96E2-D682-CF118BAFA670" referredColumn="5EEAC46F-600D-353C-4E00-19A6C060A083"/>
</associations>
</Column>
<Column name="UNIT_PRICE" id="179B7840-5D75-0D5F-289F-5DB8AB2D23C6">
<createdBy>Administrator</createdBy>
<createdTime>2008-11-17 12:25:32 UTC</createdTime>
<ownerDesignName>all_schemas</ownerDesignName>
<nullsAllowed>true</nullsAllowed>
<useDomainConstraints>false</useDomainConstraints>
<use>1</use>
<logicalDatatype>LOGDT019</logicalDatatype>
<dataTypePrecision>8</dataTypePrecision>
<dataTypeScale>2</dataTypeScale>
<ownDataTypeParameters>,8,2</ownDataTypeParameters>
</Column>
<Column name="QUANTITY" id="5234D034-72EC-8686-3A9B-82DEAFEDD90E">
<createdBy>Administrator</createdBy>
<createdTime>2008-11-17 12:25:32 UTC</createdTime>
<ownerDesignName>all_schemas</ownerDesignName>
<nullsAllowed>true</nullsAllowed>
<useDomainConstraints>false</useDomainConstraints>
<use>1</use>
<logicalDatatype>LOGDT019</logicalDatatype>
<dataTypePrecision>8</dataTypePrecision>
<ownDataTypeParameters>,8,</ownDataTypeParameters>
</Column>
</columns>
<indexes itemClass="oracle.dbtools.crest.model.design.relational.Index">
<ind_PK_UK id="766E6F4C-4398-0A09-14E3-C8332CA18B48" name="ORDER_ITEMS_PK">
<createdBy>Administrator</createdBy>
<createdTime>2008-11-17 12:25:34 UTC</createdTime>
<ownerDesignName>all_schemas</ownerDesignName>
<pk>true</pk>
<indexState>Primary Constraint</indexState>
<indexColumnUsage>
<colUsage columnID="A9A23896-9859-D75F-986C-2A5551021D1B"/>
<colUsage columnID="766D649D-68AC-5F72-2ECA-61739008951A"/>
</indexColumnUsage>
</ind_PK_UK>
<ind_PK_UK id="616E07EC-76B7-F3C6-C18A-4F5F409FA1AF" name="ITEM_ORDER_IX">
<createdBy>Administrator</createdBy>
<createdTime>2008-11-17 12:25:34 UTC</createdTime>
<ownerDesignName>all_schemas</ownerDesignName>
<indexColumnUsage>
<colUsage columnID="A9A23896-9859-D75F-986C-2A5551021D1B"/>
</indexColumnUsage>
</ind_PK_UK>
<ind_PK_UK id="39F9CD7F-BE9A-7F4D-8C4F-7BBFF6E12A2E" name="ITEM_PRODUCT_IX">
<createdBy>Administrator</createdBy>
<createdTime>2008-11-17 12:25:34 UTC</createdTime>
<ownerDesignName>all_schemas</ownerDesignName>
<indexColumnUsage>
<colUsage columnID="A6AB7BD4-8892-DE1F-8FA0-CD2DB7A73C5B"/>
</indexColumnUsage>
</ind_PK_UK>
<ind_PK_UK id="00FABDEB-5C8F-F3F7-A233-B21D7162EB1A" name="ORDER_ITEMS_UK">
<createdBy>Administrator</createdBy>
<createdTime>2008-11-17 12:25:34 UTC</createdTime>
<ownerDesignName>all_schemas</ownerDesignName>
<indexState>Unique Plain Index</indexState>
<indexColumnUsage>
<colUsage columnID="A9A23896-9859-D75F-986C-2A5551021D1B"/>
<colUsage columnID="A6AB7BD4-8892-DE1F-8FA0-CD2DB7A73C5B"/>
</indexColumnUsage>
</ind_PK_UK>
<ind_PK_UK id="D04B6F28-C1F6-7155-233C-AB2102D04757" name="ORDER_ITEMS_ORDER_ID_FK">
<createdBy>Administrator</createdBy>
<createdTime>2008-11-17 12:25:40 UTC</createdTime>
<ownerDesignName>all_schemas</ownerDesignName>
<indexState>Foreign Key</indexState>
<indexColumnUsage>
<colUsage columnID="A9A23896-9859-D75F-986C-2A5551021D1B"/>
</indexColumnUsage>
</ind_PK_UK>
<ind_PK_UK id="33E8E87D-58D7-7414-4BF2-159834E8EEC9" name="ORDER_ITEMS_PRODUCT_ID_FK">
<createdBy>Administrator</createdBy>
<createdTime>2008-11-17 12:25:40 UTC</createdTime>
<ownerDesignName>all_schemas</ownerDesignName>
<indexState>Foreign Key</indexState>
<indexColumnUsage>
<colUsage columnID="A6AB7BD4-8892-DE1F-8FA0-CD2DB7A73C5B"/>
</indexColumnUsage>
</ind_PK_UK>
</indexes>
</Table>