<?xml version = '1.0' encoding = 'UTF-8'?>
<Table class="oracle.dbtools.crest.model.design.relational.Table" directorySegmentName="seg_0" id="BE0F0A9F-0561-BB7C-19CE-D8BED34BB5B7" schemaObject="64C43071-3C36-48BF-D630-895FB97CC32A" name="CUSTOMERS2">
<createdBy>Administrator</createdBy>
<createdTime>2008-11-17 12:25:32 UTC</createdTime>
<ownerDesignName>all_schemas</ownerDesignName>
<parsed>true</parsed>
<columns itemClass="oracle.dbtools.crest.model.design.relational.Column">
<Column name="CUSTOMER_ID" id="33A1F3B4-D0BF-8E8B-CA73-DD195B796444">
<createdBy>Administrator</createdBy>
<createdTime>2008-11-17 12:25:32 UTC</createdTime>
<ownerDesignName>all_schemas</ownerDesignName>
<constraintName>CUSTOMER_ID_MIN</constraintName>
<useDomainConstraints>false</useDomainConstraints>
<use>1</use>
<logicalDatatype>LOGDT019</logicalDatatype>
<dataTypePrecision>6</dataTypePrecision>
<checkConstraint>
<implementationDef dbType="Oracle Database 10g" definition="customer_id &gt; 0"/>
</checkConstraint>
<ownDataTypeParameters>,6,</ownDataTypeParameters>
</Column>
<Column name="CUST_FIRST_NAME" id="D3B1D360-6F70-BA35-E630-40FE6369FA47">
<createdBy>Administrator</createdBy>
<createdTime>2008-11-17 12:25:32 UTC</createdTime>
<ownerDesignName>all_schemas</ownerDesignName>
<useDomainConstraints>false</useDomainConstraints>
<use>1</use>
<logicalDatatype>LOGDT024</logicalDatatype>
<dataTypeSize>20 BYTE</dataTypeSize>
<ownDataTypeParameters>20 BYTE,,</ownDataTypeParameters>
</Column>
<Column name="CUST_LAST_NAME" id="07A63FB7-8EC8-7FC1-480C-31F6A0075946">
<createdBy>Administrator</createdBy>
<createdTime>2008-11-17 12:25:32 UTC</createdTime>
<ownerDesignName>all_schemas</ownerDesignName>
<useDomainConstraints>false</useDomainConstraints>
<use>1</use>
<logicalDatatype>LOGDT024</logicalDatatype>
<dataTypeSize>20 BYTE</dataTypeSize>
<ownDataTypeParameters>20 BYTE,,</ownDataTypeParameters>
</Column>
<Column name="CUST_ADDRESS" id="6873CAF5-B3D7-6348-AFAB-630A96315260">
<createdBy>Administrator</createdBy>
<createdTime>2008-11-17 12:25:32 UTC</createdTime>
<ownerDesignName>all_schemas</ownerDesignName>
<nullsAllowed>true</nullsAllowed>
<useDomainConstraints>false</useDomainConstraints>
<use>3</use>
<structuredType>27EEB3C3-4630-9227-E6E6-92A40FFAFA93</structuredType>
<ownDataTypeParameters>,,</ownDataTypeParameters>
</Column>
<Column name="PHONE_NUMBERS" id="6EE27FCE-3CF9-6C56-75A4-87A672D676A5">
<createdBy>Administrator</createdBy>
<createdTime>2008-11-17 12:25:32 UTC</createdTime>
<ownerDesignName>all_schemas</ownerDesignName>
<nullsAllowed>true</nullsAllowed>
<useDomainConstraints>false</useDomainConstraints>
<use>4</use>
<collectionType>6A84652E-E6BC-EB77-E843-C67570AFEE6F</collectionType>
<ownDataTypeParameters>,,</ownDataTypeParameters>
</Column>
<Column name="NLS_LANGUAGE" id="01474B02-DAAC-3562-C3A1-E0F9963BDA3A">
<createdBy>Administrator</createdBy>
<createdTime>2008-11-17 12:25:32 UTC</createdTime>
<ownerDesignName>all_schemas</ownerDesignName>
<nullsAllowed>true</nullsAllowed>
<useDomainConstraints>false</useDomainConstraints>
<use>1</use>
<logicalDatatype>LOGDT024</logicalDatatype>
<dataTypeSize>3 BYTE</dataTypeSize>
<ownDataTypeParameters>3 BYTE,,</ownDataTypeParameters>
</Column>
<Column name="NLS_TERRITORY" id="29933467-F151-2A90-31B9-FA537FEC51A6">
<createdBy>Administrator</createdBy>
<createdTime>2008-11-17 12:25:32 UTC</createdTime>
<ownerDesignName>all_schemas</ownerDesignName>
<nullsAllowed>true</nullsAllowed>
<useDomainConstraints>false</useDomainConstraints>
<use>1</use>
<logicalDatatype>LOGDT024</logicalDatatype>
<dataTypeSize>30 BYTE</dataTypeSize>
<ownDataTypeParameters>30 BYTE,,</ownDataTypeParameters>
</Column>
<Column name="CREDIT_LIMIT" id="F40AF5A2-70BD-1E23-1743-37A9A81060D1">
<createdBy>Administrator</createdBy>
<createdTime>2008-11-17 12:25:32 UTC</createdTime>
<ownerDesignName>all_schemas</ownerDesignName>
<constraintName>CUSTOMER_CREDIT_LIMIT_MAX</constraintName>
<nullsAllowed>true</nullsAllowed>
<useDomainConstraints>false</useDomainConstraints>
<use>1</use>
<logicalDatatype>LOGDT019</logicalDatatype>
<dataTypePrecision>9</dataTypePrecision>
<dataTypeScale>2</dataTypeScale>
<checkConstraint>
<implementationDef dbType="Oracle Database 10g" definition="credit_limit &lt;= 5000"/>
</checkConstraint>
<ownDataTypeParameters>,9,2</ownDataTypeParameters>
</Column>
<Column name="CUST_EMAIL" id="3845646C-79B4-F388-5542-8CC56CE54BB9">
<createdBy>Administrator</createdBy>
<createdTime>2008-11-17 12:25:32 UTC</createdTime>
<ownerDesignName>all_schemas</ownerDesignName>
<nullsAllowed>true</nullsAllowed>
<useDomainConstraints>false</useDomainConstraints>
<use>1</use>
<logicalDatatype>LOGDT024</logicalDatatype>
<dataTypeSize>30 BYTE</dataTypeSize>
<ownDataTypeParameters>30 BYTE,,</ownDataTypeParameters>
</Column>
<Column name="ACCOUNT_MGR_ID" id="760714C7-6583-B51E-465A-972A82C2F6D8">
<createdBy>Administrator</createdBy>
<createdTime>2008-11-17 12:25:32 UTC</createdTime>
<ownerDesignName>all_schemas</ownerDesignName>
<nullsAllowed>true</nullsAllowed>
<useDomainConstraints>false</useDomainConstraints>
<use>1</use>
<logicalDatatype>LOGDT019</logicalDatatype>
<dataTypePrecision>6</dataTypePrecision>
<ownDataTypeParameters>,6,</ownDataTypeParameters>
<associations>
<colAssociation fkAssociation="B3CFB3B8-D73C-99A6-42CF-3EF802A8AD4D" referredColumn="9981EBCA-6588-A188-06A9-AAABF725B6F5"/>
</associations>
</Column>
<Column name="CUST_GEO_LOCATION" id="EBC099D5-8924-51E2-1BBA-DF9E0493A2E6">
<createdBy>Administrator</createdBy>
<createdTime>2008-11-17 12:25:32 UTC</createdTime>
<ownerDesignName>all_schemas</ownerDesignName>
<nullsAllowed>true</nullsAllowed>
<useDomainConstraints>false</useDomainConstraints>
<use>3</use>
<structuredType>DT-B107DE30-053D-730C-ABBE-9E7B9BF83724@StructuredType0</structuredType>
<ownDataTypeParameters>,,</ownDataTypeParameters>
</Column>
<Column name="DATE_OF_BIRTH" id="A5DFFE44-D8E5-9132-DF31-E331266F96CE">
<createdBy>Administrator</createdBy>
<createdTime>2008-11-17 12:25:32 UTC</createdTime>
<ownerDesignName>all_schemas</ownerDesignName>
<nullsAllowed>true</nullsAllowed>
<useDomainConstraints>false</useDomainConstraints>
<use>1</use>
<logicalDatatype>LOGDT007</logicalDatatype>
<ownDataTypeParameters>,,</ownDataTypeParameters>
</Column>
<Column name="MARITAL_STATUS" id="DECCC049-379D-8E25-56D8-F1AC76102945">
<createdBy>Administrator</createdBy>
<createdTime>2008-11-17 12:25:32 UTC</createdTime>
<ownerDesignName>all_schemas</ownerDesignName>
<nullsAllowed>true</nullsAllowed>
<useDomainConstraints>false</useDomainConstraints>
<use>1</use>
<logicalDatatype>LOGDT024</logicalDatatype>
<dataTypeSize>20 BYTE</dataTypeSize>
<ownDataTypeParameters>20 BYTE,,</ownDataTypeParameters>
</Column>
<Column name="GENDER" id="7DFCAAED-2928-9619-F592-C739F44DA454">
<createdBy>Administrator</createdBy>
<createdTime>2008-11-17 12:25:32 UTC</createdTime>
<ownerDesignName>all_schemas</ownerDesignName>
<nullsAllowed>true</nullsAllowed>
<useDomainConstraints>false</useDomainConstraints>
<use>1</use>
<logicalDatatype>LOGDT024</logicalDatatype>
<dataTypeSize>1 BYTE</dataTypeSize>
<ownDataTypeParameters>1 BYTE,,</ownDataTypeParameters>
</Column>
<Column name="INCOME_LEVEL" id="5CB48FCF-1FFD-7E57-3473-9B2EB208C3B3">
<createdBy>Administrator</createdBy>
<createdTime>2008-11-17 12:25:32 UTC</createdTime>
<ownerDesignName>all_schemas</ownerDesignName>
<nullsAllowed>true</nullsAllowed>
<useDomainConstraints>false</useDomainConstraints>
<use>1</use>
<logicalDatatype>LOGDT024</logicalDatatype>
<dataTypeSize>20 BYTE</dataTypeSize>
<ownDataTypeParameters>20 BYTE,,</ownDataTypeParameters>
</Column>
</columns>
<indexes itemClass="oracle.dbtools.crest.model.design.relational.Index">
<ind_PK_UK id="9E582595-12F8-54C5-A42E-53C4A2B881D0" name="CUSTOMERS_PK">
<createdBy>Administrator</createdBy>
<createdTime>2008-11-17 12:25:34 UTC</createdTime>
<ownerDesignName>all_schemas</ownerDesignName>
<pk>true</pk>
<indexState>Primary Constraint</indexState>
<indexColumnUsage>
<colUsage columnID="33A1F3B4-D0BF-8E8B-CA73-DD195B796444"/>
</indexColumnUsage>
</ind_PK_UK>
<ind_PK_UK id="121291F4-A410-AE41-0F87-0519DD6E1DAB" name="CUST_ACCOUNT_MANAGER_IX">
<createdBy>Administrator</createdBy>
<createdTime>2008-11-17 12:25:34 UTC</createdTime>
<ownerDesignName>all_schemas</ownerDesignName>
<indexColumnUsage>
<colUsage columnID="760714C7-6583-B51E-465A-972A82C2F6D8"/>
</indexColumnUsage>
</ind_PK_UK>
<ind_PK_UK id="A7B848DE-DF50-F61B-E8A4-FA0948C4863D" name="CUST_LNAME_IX">
<createdBy>Administrator</createdBy>
<createdTime>2008-11-17 12:25:34 UTC</createdTime>
<ownerDesignName>all_schemas</ownerDesignName>
<indexColumnUsage>
<colUsage columnID="07A63FB7-8EC8-7FC1-480C-31F6A0075946"/>
</indexColumnUsage>
</ind_PK_UK>
<ind_PK_UK id="97BE5C21-0A2A-9A59-D91F-30254ABC6740" name="CUST_EMAIL_IX">
<createdBy>Administrator</createdBy>
<createdTime>2008-11-17 12:25:34 UTC</createdTime>
<ownerDesignName>all_schemas</ownerDesignName>
<indexColumnUsage>
<colUsage columnID="3845646C-79B4-F388-5542-8CC56CE54BB9"/>
</indexColumnUsage>
</ind_PK_UK>
<ind_PK_UK id="7C373076-0A0B-7E36-8D83-85BD3B558BBD" name="CUST_UPPER_NAME_IX">
<createdBy>Administrator</createdBy>
<createdTime>2008-11-17 12:25:34 UTC</createdTime>
<ownerDesignName>all_schemas</ownerDesignName>
<indexExpression>UPPER(&amp;amp;quot;CUST_LAST_NAME&amp;amp;quot;),UPPER(&amp;amp;quot;CUST_FIRST_NAME&amp;amp;quot;)</indexExpression>
</ind_PK_UK>
<ind_PK_UK id="2B19AE9A-F0AD-40F5-3274-273B286EE810" name="CUSTOMERS_ACCOUNT_MANAGER_FK">
<createdBy>Administrator</createdBy>
<createdTime>2008-11-17 12:25:40 UTC</createdTime>
<ownerDesignName>all_schemas</ownerDesignName>
<indexState>Foreign Key</indexState>
<indexColumnUsage>
<colUsage columnID="760714C7-6583-B51E-465A-972A82C2F6D8"/>
</indexColumnUsage>
</ind_PK_UK>
</indexes>
</Table>