<?xml version = '1.0' encoding = 'UTF-8'?>
<Table class="oracle.dbtools.crest.model.design.relational.Table" directorySegmentName="seg_0" id="C45D80C9-783F-A6E8-C8E1-D4F283B94463" schemaObject="6CBB3992-DF5E-72F4-3F69-975D6746DC2D" name="JOBS">
<createdBy>Administrator</createdBy>
<createdTime>2008-11-17 12:25:32 UTC</createdTime>
<ownerDesignName>all_schemas</ownerDesignName>
<parsed>true</parsed>
<columns itemClass="oracle.dbtools.crest.model.design.relational.Column">
<Column name="JOB_ID" id="51EDC8E7-0670-BEE2-CCE6-5F7C13A445C6">
<createdBy>Administrator</createdBy>
<createdTime>2008-11-17 12:25:32 UTC</createdTime>
<commentInRDBMS><![CDATA[Primary key of jobs table.]]></commentInRDBMS>
<ownerDesignName>all_schemas</ownerDesignName>
<useDomainConstraints>false</useDomainConstraints>
<use>1</use>
<logicalDatatype>LOGDT024</logicalDatatype>
<dataTypeSize>10 BYTE</dataTypeSize>
<ownDataTypeParameters>10 BYTE,,</ownDataTypeParameters>
</Column>
<Column name="JOB_TITLE" id="46BDF120-295F-4F08-AA1D-296851D8A94B">
<createdBy>Administrator</createdBy>
<createdTime>2008-11-17 12:25:32 UTC</createdTime>
<commentInRDBMS><![CDATA[A not null column that shows job title, e.g. AD_VP, FI_ACCOUNTANT]]></commentInRDBMS>
<ownerDesignName>all_schemas</ownerDesignName>
<useDomainConstraints>false</useDomainConstraints>
<use>1</use>
<logicalDatatype>LOGDT024</logicalDatatype>
<dataTypeSize>35 BYTE</dataTypeSize>
<ownDataTypeParameters>35 BYTE,,</ownDataTypeParameters>
</Column>
<Column name="MIN_SALARY" id="94D2F896-D6DC-838E-2CE2-5873135CAD05">
<createdBy>Administrator</createdBy>
<createdTime>2008-11-17 12:25:32 UTC</createdTime>
<commentInRDBMS><![CDATA[Minimum salary for a job title.]]></commentInRDBMS>
<ownerDesignName>all_schemas</ownerDesignName>
<nullsAllowed>true</nullsAllowed>
<useDomainConstraints>false</useDomainConstraints>
<use>1</use>
<logicalDatatype>LOGDT019</logicalDatatype>
<dataTypePrecision>6</dataTypePrecision>
<ownDataTypeParameters>,6,</ownDataTypeParameters>
</Column>
<Column name="MAX_SALARY" id="1DEBEBCE-326D-09D4-EBC1-CAC6D1EE1D14">
<createdBy>Administrator</createdBy>
<createdTime>2008-11-17 12:25:32 UTC</createdTime>
<commentInRDBMS><![CDATA[Maximum salary for a job title]]></commentInRDBMS>
<ownerDesignName>all_schemas</ownerDesignName>
<nullsAllowed>true</nullsAllowed>
<useDomainConstraints>false</useDomainConstraints>
<use>1</use>
<logicalDatatype>LOGDT019</logicalDatatype>
<dataTypePrecision>6</dataTypePrecision>
<ownDataTypeParameters>,6,</ownDataTypeParameters>
</Column>
</columns>
<indexes itemClass="oracle.dbtools.crest.model.design.relational.Index">
<ind_PK_UK id="3D3FE630-97B4-4E1C-7237-DB73F575CEC4" name="JOB_ID_PK">
<createdBy>Administrator</createdBy>
<createdTime>2008-11-17 12:25:34 UTC</createdTime>
<ownerDesignName>all_schemas</ownerDesignName>
<pk>true</pk>
<indexState>Primary Constraint</indexState>
<indexColumnUsage>
<colUsage columnID="51EDC8E7-0670-BEE2-CCE6-5F7C13A445C6"/>
</indexColumnUsage>
</ind_PK_UK>
</indexes>
</Table>