<?xml version = '1.0' encoding = 'UTF-8'?>
<Table class="oracle.dbtools.crest.model.design.relational.Table" directorySegmentName="seg_0" id="E00A3C90-7D3A-EBF7-E318-8C6ED8D0AD9D" schemaObject="A30D5C25-7C94-3B59-6BB5-14B696217C10" name="AQ$_STREAMS_QUEUE_TABLE_S">
<createdBy>Administrator</createdBy>
<createdTime>2008-11-17 12:25:32 UTC</createdTime>
<ownerDesignName>all_schemas</ownerDesignName>
<shouldEngineer>false</shouldEngineer>
<parsed>true</parsed>
<columns itemClass="oracle.dbtools.crest.model.design.relational.Column">
<Column name="SUBSCRIBER_ID" id="AD28C599-E9DE-7314-77E3-E24B21F68416">
<createdBy>Administrator</createdBy>
<createdTime>2008-11-17 12:25:32 UTC</createdTime>
<ownerDesignName>all_schemas</ownerDesignName>
<useDomainConstraints>false</useDomainConstraints>
<use>1</use>
<logicalDatatype>LOGDT019</logicalDatatype>
<ownDataTypeParameters>,,</ownDataTypeParameters>
</Column>
<Column name="QUEUE_NAME" id="B4C2BE69-3A2D-6E37-B7B1-89C13F2DF727">
<createdBy>Administrator</createdBy>
<createdTime>2008-11-17 12:25:32 UTC</createdTime>
<ownerDesignName>all_schemas</ownerDesignName>
<useDomainConstraints>false</useDomainConstraints>
<use>1</use>
<logicalDatatype>LOGDT024</logicalDatatype>
<dataTypeSize>30 BYTE</dataTypeSize>
<ownDataTypeParameters>30 BYTE,,</ownDataTypeParameters>
</Column>
<Column name="NAME" id="4502DB6E-1BB8-EA70-8F1D-5C9DB26DB788">
<createdBy>Administrator</createdBy>
<createdTime>2008-11-17 12:25:32 UTC</createdTime>
<ownerDesignName>all_schemas</ownerDesignName>
<nullsAllowed>true</nullsAllowed>
<useDomainConstraints>false</useDomainConstraints>
<use>1</use>
<logicalDatatype>LOGDT024</logicalDatatype>
<dataTypeSize>30 BYTE</dataTypeSize>
<ownDataTypeParameters>30 BYTE,,</ownDataTypeParameters>
</Column>
<Column name="ADDRESS" id="F4FF4EFC-3303-A647-AC11-46976A55E983">
<createdBy>Administrator</createdBy>
<createdTime>2008-11-17 12:25:32 UTC</createdTime>
<ownerDesignName>all_schemas</ownerDesignName>
<nullsAllowed>true</nullsAllowed>
<useDomainConstraints>false</useDomainConstraints>
<use>1</use>
<logicalDatatype>LOGDT024</logicalDatatype>
<dataTypeSize>1024 BYTE</dataTypeSize>
<ownDataTypeParameters>1024 BYTE,,</ownDataTypeParameters>
</Column>
<Column name="PROTOCOL" id="0C307B98-9A7A-6202-25F1-9A133F331325">
<createdBy>Administrator</createdBy>
<createdTime>2008-11-17 12:25:32 UTC</createdTime>
<ownerDesignName>all_schemas</ownerDesignName>
<nullsAllowed>true</nullsAllowed>
<useDomainConstraints>false</useDomainConstraints>
<use>1</use>
<logicalDatatype>LOGDT019</logicalDatatype>
<ownDataTypeParameters>,,</ownDataTypeParameters>
</Column>
<Column name="SUBSCRIBER_TYPE" id="F04E5B91-B8EE-D91E-D986-2608F720A3E4">
<createdBy>Administrator</createdBy>
<createdTime>2008-11-17 12:25:32 UTC</createdTime>
<ownerDesignName>all_schemas</ownerDesignName>
<nullsAllowed>true</nullsAllowed>
<useDomainConstraints>false</useDomainConstraints>
<use>1</use>
<logicalDatatype>LOGDT019</logicalDatatype>
<ownDataTypeParameters>,,</ownDataTypeParameters>
</Column>
<Column name="RULE_NAME" id="22B33FAC-570F-2C11-8E11-D0FF508F42BF">
<createdBy>Administrator</createdBy>
<createdTime>2008-11-17 12:25:32 UTC</createdTime>
<ownerDesignName>all_schemas</ownerDesignName>
<nullsAllowed>true</nullsAllowed>
<useDomainConstraints>false</useDomainConstraints>
<use>1</use>
<logicalDatatype>LOGDT024</logicalDatatype>
<dataTypeSize>30 BYTE</dataTypeSize>
<ownDataTypeParameters>30 BYTE,,</ownDataTypeParameters>
</Column>
<Column name="TRANS_NAME" id="C560ACC1-DDDC-D49A-D84F-170F3BBF0896">
<createdBy>Administrator</createdBy>
<createdTime>2008-11-17 12:25:32 UTC</createdTime>
<ownerDesignName>all_schemas</ownerDesignName>
<nullsAllowed>true</nullsAllowed>
<useDomainConstraints>false</useDomainConstraints>
<use>1</use>
<logicalDatatype>LOGDT024</logicalDatatype>
<dataTypeSize>65 BYTE</dataTypeSize>
<ownDataTypeParameters>65 BYTE,,</ownDataTypeParameters>
</Column>
<Column name="RULESET_NAME" id="24BFF370-3DDF-D53F-B870-5B9249FE2E24">
<createdBy>Administrator</createdBy>
<createdTime>2008-11-17 12:25:32 UTC</createdTime>
<ownerDesignName>all_schemas</ownerDesignName>
<nullsAllowed>true</nullsAllowed>
<useDomainConstraints>false</useDomainConstraints>
<use>1</use>
<logicalDatatype>LOGDT024</logicalDatatype>
<dataTypeSize>65 BYTE</dataTypeSize>
<ownDataTypeParameters>65 BYTE,,</ownDataTypeParameters>
</Column>
<Column name="NEGATIVE_RULESET_NAME" id="D1824C43-D7C6-9FE3-9964-C2C7F61AC3F2">
<createdBy>Administrator</createdBy>
<createdTime>2008-11-17 12:25:32 UTC</createdTime>
<ownerDesignName>all_schemas</ownerDesignName>
<nullsAllowed>true</nullsAllowed>
<useDomainConstraints>false</useDomainConstraints>
<use>1</use>
<logicalDatatype>LOGDT024</logicalDatatype>
<dataTypeSize>65 BYTE</dataTypeSize>
<ownDataTypeParameters>65 BYTE,,</ownDataTypeParameters>
</Column>
<Column name="CSCN_LWM" id="7A4CA04F-F633-3E07-2A11-9E4A3E26271D">
<createdBy>Administrator</createdBy>
<createdTime>2008-11-17 12:25:32 UTC</createdTime>
<ownerDesignName>all_schemas</ownerDesignName>
<nullsAllowed>true</nullsAllowed>
<useDomainConstraints>false</useDomainConstraints>
<use>1</use>
<logicalDatatype>LOGDT019</logicalDatatype>
<ownDataTypeParameters>,,</ownDataTypeParameters>
</Column>
<Column name="CREATION_TIME" id="D130F7B7-8046-CDAC-3041-FB6A1F776751">
<createdBy>Administrator</createdBy>
<createdTime>2008-11-17 12:25:32 UTC</createdTime>
<ownerDesignName>all_schemas</ownerDesignName>
<nullsAllowed>true</nullsAllowed>
<useDomainConstraints>false</useDomainConstraints>
<use>1</use>
<logicalDatatype>LOGDT046</logicalDatatype>
<dataTypePrecision>6</dataTypePrecision>
<ownDataTypeParameters>,6,</ownDataTypeParameters>
</Column>
<Column name="MODIFICATION_TIME" id="368BD555-1208-DB5A-383E-5A3B5242BC52">
<createdBy>Administrator</createdBy>
<createdTime>2008-11-17 12:25:32 UTC</createdTime>
<ownerDesignName>all_schemas</ownerDesignName>
<nullsAllowed>true</nullsAllowed>
<useDomainConstraints>false</useDomainConstraints>
<use>1</use>
<logicalDatatype>LOGDT046</logicalDatatype>
<dataTypePrecision>6</dataTypePrecision>
<ownDataTypeParameters>,6,</ownDataTypeParameters>
</Column>
<Column name="DELETION_TIME" id="90B4783F-D5E2-4E98-496C-390D9D125547">
<createdBy>Administrator</createdBy>
<createdTime>2008-11-17 12:25:32 UTC</createdTime>
<ownerDesignName>all_schemas</ownerDesignName>
<nullsAllowed>true</nullsAllowed>
<useDomainConstraints>false</useDomainConstraints>
<use>1</use>
<logicalDatatype>LOGDT046</logicalDatatype>
<dataTypePrecision>6</dataTypePrecision>
<ownDataTypeParameters>,6,</ownDataTypeParameters>
</Column>
<Column name="SCN_AT_REMOVE" id="183A2331-FFA3-932D-2368-A823D428B6C4">
<createdBy>Administrator</createdBy>
<createdTime>2008-11-17 12:25:32 UTC</createdTime>
<ownerDesignName>all_schemas</ownerDesignName>
<nullsAllowed>true</nullsAllowed>
<useDomainConstraints>false</useDomainConstraints>
<use>1</use>
<logicalDatatype>LOGDT019</logicalDatatype>
<ownDataTypeParameters>,,</ownDataTypeParameters>
</Column>
</columns>
<indexes itemClass="oracle.dbtools.crest.model.design.relational.Index">
<ind_PK_UK id="8393EA42-31A2-C2B6-CEC7-30ADE6EFD15D" name="SYS_C009427">
<createdBy>Administrator</createdBy>
<createdTime>2008-11-17 12:25:34 UTC</createdTime>
<ownerDesignName>all_schemas</ownerDesignName>
<pk>true</pk>
<indexState>Primary Constraint</indexState>
<indexColumnUsage>
<colUsage columnID="AD28C599-E9DE-7314-77E3-E24B21F68416"/>
</indexColumnUsage>
</ind_PK_UK>
</indexes>
</Table>