<?xml version = '1.0' encoding = 'UTF-8'?>
<Table class="oracle.dbtools.crest.model.design.relational.Table" directorySegmentName="seg_0" id="ED524B91-2544-C32F-046F-37416495BC2F" schemaObject="62ED94B8-0C91-A572-0359-9EDB4F384642" name="MEDICAL_IMAGE_TABLE">
<createdBy>Administrator</createdBy>
<createdTime>2008-11-17 12:25:32 UTC</createdTime>
<ownerDesignName>all_schemas</ownerDesignName>
<parsed>true</parsed>
<columns itemClass="oracle.dbtools.crest.model.design.relational.Column">
<Column name="ID" id="B1D80CBF-EDA7-1A25-6E17-704A204087CD">
<createdBy>Administrator</createdBy>
<createdTime>2008-11-17 12:25:32 UTC</createdTime>
<ownerDesignName>all_schemas</ownerDesignName>
<useDomainConstraints>false</useDomainConstraints>
<use>1</use>
<logicalDatatype>LOGDT019</logicalDatatype>
<dataTypePrecision>38</dataTypePrecision>
<ownDataTypeParameters>,38,</ownDataTypeParameters>
</Column>
<Column name="DICOM" id="E2FAB37B-B41D-9737-ABC7-D72EAF6E090C">
<createdBy>Administrator</createdBy>
<createdTime>2008-11-17 12:25:32 UTC</createdTime>
<ownerDesignName>all_schemas</ownerDesignName>
<nullsAllowed>true</nullsAllowed>
<useDomainConstraints>false</useDomainConstraints>
<use>3</use>
<structuredType>F50951CE-857B-9553-025E-745702AB9018</structuredType>
<ownDataTypeParameters>,,</ownDataTypeParameters>
</Column>
<Column name="IMAGETHUMB" id="367012DE-2F1C-115D-9020-650286C9CB07">
<createdBy>Administrator</createdBy>
<createdTime>2008-11-17 12:25:32 UTC</createdTime>
<ownerDesignName>all_schemas</ownerDesignName>
<nullsAllowed>true</nullsAllowed>
<useDomainConstraints>false</useDomainConstraints>
<use>1</use>
<logicalDatatype>LogDes-4972B6D2-6F93-8AE5-6E24-3599E65A7CFE@LOGDT10006</logicalDatatype>
<ownDataTypeParameters>,,</ownDataTypeParameters>
</Column>
<Column name="ANONDICOM" id="9061E515-71BC-74E1-95E6-8E25DC29A08B">
<createdBy>Administrator</createdBy>
<createdTime>2008-11-17 12:25:32 UTC</createdTime>
<ownerDesignName>all_schemas</ownerDesignName>
<nullsAllowed>true</nullsAllowed>
<useDomainConstraints>false</useDomainConstraints>
<use>3</use>
<structuredType>F50951CE-857B-9553-025E-745702AB9018</structuredType>
<ownDataTypeParameters>,,</ownDataTypeParameters>
</Column>
</columns>
<indexes itemClass="oracle.dbtools.crest.model.design.relational.Index">
<ind_PK_UK id="741C307F-4776-6E04-BA89-67138611E202" name="SYS_C0021583">
<createdBy>Administrator</createdBy>
<createdTime>2008-11-17 12:25:34 UTC</createdTime>
<ownerDesignName>all_schemas</ownerDesignName>
<pk>true</pk>
<indexState>Primary Constraint</indexState>
<indexColumnUsage>
<colUsage columnID="B1D80CBF-EDA7-1A25-6E17-704A204087CD"/>
</indexColumnUsage>
</ind_PK_UK>
</indexes>
</Table>