<?xml version = '1.0' encoding = 'UTF-8'?>
<Diagram class="oracle.dbtools.crest.swingui.datatypes.DPVDataTypes" name="DataTypes" id="6AF01EF1-C195-4CF4-955B-0E3096ECAAF1">
   <createdBy>Administrator</createdBy>
   <createdTime>2009-06-20 10:59:53 UTC</createdTime>
   <changedBy>Administrator</changedBy>
   <changedTime>2009-06-20 11:00:11 UTC</changedTime>
   <autoRoute>false</autoRoute>
   <boxInbox>true</boxInbox>
   <showLegend>false</showLegend>
   <showLabels>false</showLabels>
   <showGrid>false</showGrid>
   <diagramColor>-1</diagramColor>
   <display>false</display>
   <notation>1</notation>
   <objectViews>
      <OView class="oracle.dbtools.crest.swingui.datatypes.TVStructuredType" oid="47E390DE-0671-C4B1-8428-0F45CBEE18F8" otype="StructuredType" vid="10159E9F-7E24-9732-4A33-B1D3DC46B22D">
         <bounds x="20" y="20" width="100" height="100"/>
      </OView>
   </objectViews>
</Diagram>