<?xml version = '1.0' encoding = 'UTF-8'?>
<UserOraclev10g class="oracle.dbtools.crest.model.design.storage.oracle.v10g.UserOraclev10g" name="HR" id="92207E35-11A8-9268-F77A-55B54E7AB125" directorySegmentName="seg_0">
   <createdBy>smharper</createdBy>
   <createdTime>2011-01-07 12:57:52 UTC</createdTime>
   <changedBy>smharper</changedBy>
   <changedTime>2011-01-07 12:57:52 UTC</changedTime>
   <ownerDesignName>HR</ownerDesignName>
   <privileges>CREATE VIEW, UNLIMITED TABLESPACE, CREATE DATABASE LINK, ADVISOR, CREATE SEQUENCE, CREATE SESSION, ALTER SESSION, CREATE SYNONYM</privileges>
   <profile>DEFAULT</profile>
</UserOraclev10g>