<?xml version = '1.0' encoding = 'UTF-8'?>
<Table class="oracle.dbtools.crest.model.design.relational.Table" directorySegmentName="seg_0" id="1662C568-217F-2A8F-375F-977BA9E49D08" name="REGIONS">
<createdBy>Administrator</createdBy>
<createdTime>2008-11-18 12:37:43 UTC</createdTime>
<ownerDesignName>all_schemas</ownerDesignName>
<importedID>3CD14317-A2AC-945F-BDC9-47DC4A1FB878</importedID>
<parsed>true</parsed>
<columns itemClass="oracle.dbtools.crest.model.design.relational.Column">
<Column name="REGION_ID" id="FA0AF43E-6B19-F9E6-6F2C-4497977BE827">
<createdBy>Administrator</createdBy>
<createdTime>2008-11-18 12:37:43 UTC</createdTime>
<commentInRDBMS><![CDATA[Primary key of regions table.]]></commentInRDBMS>
<ownerDesignName>all_schemas</ownerDesignName>
<useDomainConstraints>false</useDomainConstraints>
<use>1</use>
<logicalDatatype>LOGDT019</logicalDatatype>
<ownDataTypeParameters>,,</ownDataTypeParameters>
</Column>
<Column name="REGION_NAME" id="C75EAEB4-EA3A-4845-A71D-37649DE51EA2">
<createdBy>Administrator</createdBy>
<createdTime>2008-11-18 12:37:43 UTC</createdTime>
<commentInRDBMS><![CDATA[Names of regions. Locations are in the countries of these regions.]]></commentInRDBMS>
<ownerDesignName>all_schemas</ownerDesignName>
<nullsAllowed>true</nullsAllowed>
<useDomainConstraints>false</useDomainConstraints>
<use>1</use>
<logicalDatatype>LOGDT024</logicalDatatype>
<dataTypeSize>25 BYTE</dataTypeSize>
<ownDataTypeParameters>25 BYTE,,</ownDataTypeParameters>
</Column>
</columns>
<indexes itemClass="oracle.dbtools.crest.model.design.relational.Index">
<ind_PK_UK id="51BD973B-5D6E-7061-2C54-2A6595F7282D" name="REGIONS_PK">
<createdBy>Administrator</createdBy>
<createdTime>2008-11-18 12:37:43 UTC</createdTime>
<ownerDesignName>all_schemas</ownerDesignName>
<pk>true</pk>
<indexState>Primary Constraint</indexState>
<indexColumnUsage>
<colUsage columnID="FA0AF43E-6B19-F9E6-6F2C-4497977BE827"/>
</indexColumnUsage>
</ind_PK_UK>
</indexes>
</Table>