<?xml version = '1.0' encoding = 'UTF-8'?>
<Table class="oracle.dbtools.crest.model.design.relational.Table" directorySegmentName="seg_0" id="5106E8EF-D700-FE2B-2B8E-F6F83380D00E" name="EMPLOYEES">
<createdBy>Administrator</createdBy>
<createdTime>2008-11-18 12:37:43 UTC</createdTime>
<ownerDesignName>all_schemas</ownerDesignName>
<importedID>ECE45546-FF00-ED03-206B-1B78320A9B99</importedID>
<parsed>true</parsed>
<columns itemClass="oracle.dbtools.crest.model.design.relational.Column">
<Column name="EMPLOYEE_ID" id="3CAE3F8D-2339-F179-97F8-2A3B2F9E5444">
<createdBy>Administrator</createdBy>
<createdTime>2008-11-18 12:37:43 UTC</createdTime>
<commentInRDBMS><![CDATA[Primary key of employees table.]]></commentInRDBMS>
<ownerDesignName>all_schemas</ownerDesignName>
<useDomainConstraints>false</useDomainConstraints>
<use>1</use>
<logicalDatatype>LOGDT019</logicalDatatype>
<dataTypePrecision>6</dataTypePrecision>
<ownDataTypeParameters>,6,</ownDataTypeParameters>
</Column>
<Column name="FIRST_NAME" id="124D2222-1CA8-C7B6-704B-823604E2CFB5">
<createdBy>Administrator</createdBy>
<createdTime>2008-11-18 12:37:43 UTC</createdTime>
<commentInRDBMS><![CDATA[First name of the employee. A not null column.]]></commentInRDBMS>
<ownerDesignName>all_schemas</ownerDesignName>
<nullsAllowed>true</nullsAllowed>
<useDomainConstraints>false</useDomainConstraints>
<use>1</use>
<logicalDatatype>LOGDT024</logicalDatatype>
<dataTypeSize>20 BYTE</dataTypeSize>
<ownDataTypeParameters>20 BYTE,,</ownDataTypeParameters>
</Column>
<Column name="LAST_NAME" id="51D52C50-C736-28D0-1843-93DE1C81A141">
<createdBy>Administrator</createdBy>
<createdTime>2008-11-18 12:37:43 UTC</createdTime>
<commentInRDBMS><![CDATA[Last name of the employee. A not null column.]]></commentInRDBMS>
<ownerDesignName>all_schemas</ownerDesignName>
<useDomainConstraints>false</useDomainConstraints>
<use>1</use>
<logicalDatatype>LOGDT024</logicalDatatype>
<dataTypeSize>25 BYTE</dataTypeSize>
<ownDataTypeParameters>25 BYTE,,</ownDataTypeParameters>
</Column>
<Column name="EMAIL" id="B2F73057-6AD6-A7C4-CAED-6503E7C85366">
<createdBy>Administrator</createdBy>
<createdTime>2008-11-18 12:37:43 UTC</createdTime>
<commentInRDBMS><![CDATA[Email id of the employee]]></commentInRDBMS>
<ownerDesignName>all_schemas</ownerDesignName>
<useDomainConstraints>false</useDomainConstraints>
<use>1</use>
<logicalDatatype>LOGDT024</logicalDatatype>
<dataTypeSize>25 BYTE</dataTypeSize>
<ownDataTypeParameters>25 BYTE,,</ownDataTypeParameters>
</Column>
<Column name="PHONE_NUMBER" id="9259F9E5-D59E-A648-CE3B-82D6D7C74249">
<createdBy>Administrator</createdBy>
<createdTime>2008-11-18 12:37:43 UTC</createdTime>
<commentInRDBMS><![CDATA[Phone number of the employee; includes country code and area code]]></commentInRDBMS>
<ownerDesignName>all_schemas</ownerDesignName>
<nullsAllowed>true</nullsAllowed>
<useDomainConstraints>false</useDomainConstraints>
<use>1</use>
<logicalDatatype>LOGDT024</logicalDatatype>
<dataTypeSize>20 BYTE</dataTypeSize>
<ownDataTypeParameters>20 BYTE,,</ownDataTypeParameters>
</Column>
<Column name="HIRE_DATE" id="A9D8C27A-4E38-6D00-D24C-44DC7ED222C3">
<createdBy>Administrator</createdBy>
<createdTime>2008-11-18 12:37:43 UTC</createdTime>
<commentInRDBMS><![CDATA[Date when the employee started on this job. A not null column.]]></commentInRDBMS>
<ownerDesignName>all_schemas</ownerDesignName>
<useDomainConstraints>false</useDomainConstraints>
<use>1</use>
<logicalDatatype>LOGDT007</logicalDatatype>
<ownDataTypeParameters>,,</ownDataTypeParameters>
</Column>
<Column name="JOB_ID" id="0BE31A2F-13EB-50B4-C1ED-ED8A86A24705">
<createdBy>Administrator</createdBy>
<createdTime>2008-11-18 12:37:43 UTC</createdTime>
<commentInRDBMS><![CDATA[Current job of the employee; foreign key to job_id column of the &lt;br&gt;jobs table. A not null column.]]></commentInRDBMS>
<ownerDesignName>all_schemas</ownerDesignName>
<useDomainConstraints>false</useDomainConstraints>
<use>1</use>
<logicalDatatype>LOGDT024</logicalDatatype>
<dataTypeSize>10 BYTE</dataTypeSize>
<ownDataTypeParameters>10 BYTE,,</ownDataTypeParameters>
<associations>
<colAssociation fkAssociation="2D3ADA18-52EE-9A40-172B-EB372827939F" referredColumn="F9CFC716-D804-B1D7-C291-E08DA8B4424A"/>
</associations>
</Column>
<Column name="SALARY" id="08D7BA39-1638-CA5C-9DE3-53B173D2161B">
<createdBy>Administrator</createdBy>
<createdTime>2008-11-18 12:37:43 UTC</createdTime>
<commentInRDBMS><![CDATA[Monthly salary of the employee. Must be greater &lt;br&gt;than zero (enforced by constraint emp_salary_min)]]></commentInRDBMS>
<ownerDesignName>all_schemas</ownerDesignName>
<nullsAllowed>true</nullsAllowed>
<useDomainConstraints>false</useDomainConstraints>
<use>1</use>
<logicalDatatype>LOGDT019</logicalDatatype>
<dataTypePrecision>8</dataTypePrecision>
<dataTypeScale>2</dataTypeScale>
<ownDataTypeParameters>,8,2</ownDataTypeParameters>
</Column>
<Column name="COMMISSION_PCT" id="831318F2-8AB6-9F62-3476-083AA1081BF2">
<createdBy>Administrator</createdBy>
<createdTime>2008-11-18 12:37:43 UTC</createdTime>
<commentInRDBMS><![CDATA[Commission percentage of the employee; Only employees in sales &lt;br&gt;department elgible for commission percentage]]></commentInRDBMS>
<ownerDesignName>all_schemas</ownerDesignName>
<nullsAllowed>true</nullsAllowed>
<useDomainConstraints>false</useDomainConstraints>
<use>1</use>
<logicalDatatype>LOGDT019</logicalDatatype>
<dataTypePrecision>2</dataTypePrecision>
<dataTypeScale>2</dataTypeScale>
<ownDataTypeParameters>,2,2</ownDataTypeParameters>
</Column>
<Column name="MANAGER_ID" id="7711947B-623D-AF5C-C136-FA6C13D80A11">
<createdBy>Administrator</createdBy>
<createdTime>2008-11-18 12:37:43 UTC</createdTime>
<commentInRDBMS><![CDATA[Manager id of the employee; has same domain as manager_id in &lt;br&gt;departments table. Foreign key to employee_id column of employees table.&lt;br&gt;(useful for reflexive joins and CONNECT BY query)]]></commentInRDBMS>
<ownerDesignName>all_schemas</ownerDesignName>
<useDomainConstraints>false</useDomainConstraints>
<use>1</use>
<logicalDatatype>LOGDT019</logicalDatatype>
<dataTypePrecision>6</dataTypePrecision>
<ownDataTypeParameters>,6,</ownDataTypeParameters>
<associations>
<colAssociation fkAssociation="99860053-B15B-7031-770D-9FCB9B7C531B" referredColumn="3CAE3F8D-2339-F179-97F8-2A3B2F9E5444"/>
</associations>
</Column>
<Column name="DEPARTMENT_ID" id="B50FB2B8-2C3E-4B33-39CC-58E3433A880C">
<createdBy>Administrator</createdBy>
<createdTime>2008-11-18 12:37:43 UTC</createdTime>
<commentInRDBMS><![CDATA[Department id where employee works; foreign key to department_id &lt;br&gt;column of the departments table]]></commentInRDBMS>
<ownerDesignName>all_schemas</ownerDesignName>
<useDomainConstraints>false</useDomainConstraints>
<use>1</use>
<logicalDatatype>LOGDT019</logicalDatatype>
<dataTypePrecision>4</dataTypePrecision>
<ownDataTypeParameters>,4,</ownDataTypeParameters>
<associations>
<colAssociation fkAssociation="A56DFE37-AF7B-6A38-CA9B-A0FDEA024318" referredColumn="C361EB61-C2C3-63C6-5A3F-D020C28B6201"/>
</associations>
</Column>
</columns>
<indexes itemClass="oracle.dbtools.crest.model.design.relational.Index">
<ind_PK_UK id="FD7AE972-C438-9722-6A6A-EE7F672FB51E" name="EMPLOYEES_PK">
<createdBy>Administrator</createdBy>
<createdTime>2008-11-18 12:37:43 UTC</createdTime>
<ownerDesignName>all_schemas</ownerDesignName>
<pk>true</pk>
<indexState>Primary Constraint</indexState>
<indexColumnUsage>
<colUsage columnID="3CAE3F8D-2339-F179-97F8-2A3B2F9E5444"/>
</indexColumnUsage>
</ind_PK_UK>
<ind_PK_UK id="57ECA6B6-AF6E-9437-70E5-8FC38DAB1236" name="EMPLOYEES_EMAIL_UN">
<createdBy>Administrator</createdBy>
<createdTime>2008-11-18 12:37:43 UTC</createdTime>
<ownerDesignName>all_schemas</ownerDesignName>
<indexState>Unique Constraint</indexState>
<indexColumnUsage>
<colUsage columnID="B2F73057-6AD6-A7C4-CAED-6503E7C85366"/>
</indexColumnUsage>
</ind_PK_UK>
<ind_PK_UK id="8B5BDEAE-7B0A-5C91-081A-1BCFDAE70981" name="EMPLOYEES_DEPARTMENT_ID_IDX">
<createdBy>Administrator</createdBy>
<createdTime>2008-11-18 12:37:43 UTC</createdTime>
<ownerDesignName>all_schemas</ownerDesignName>
<indexColumnUsage>
<colUsage columnID="B50FB2B8-2C3E-4B33-39CC-58E3433A880C"/>
</indexColumnUsage>
</ind_PK_UK>
<ind_PK_UK id="06000322-ABCF-C24F-03EB-4DB80E5A96CA" name="EMPLOYEES_JOB_ID_IDX">
<createdBy>Administrator</createdBy>
<createdTime>2008-11-18 12:37:43 UTC</createdTime>
<ownerDesignName>all_schemas</ownerDesignName>
<indexColumnUsage>
<colUsage columnID="0BE31A2F-13EB-50B4-C1ED-ED8A86A24705"/>
</indexColumnUsage>
</ind_PK_UK>
<ind_PK_UK id="69492E1E-0506-B9BF-C33D-647EE1570309" name="EMPLOYEES_MANAGER_ID_IDX">
<createdBy>Administrator</createdBy>
<createdTime>2008-11-18 12:37:43 UTC</createdTime>
<ownerDesignName>all_schemas</ownerDesignName>
<indexColumnUsage>
<colUsage columnID="7711947B-623D-AF5C-C136-FA6C13D80A11"/>
</indexColumnUsage>
</ind_PK_UK>
<ind_PK_UK id="9B884E5E-02AE-1021-F99C-AEBF846DB4E6" name="EMPLOYEES_LAST_NAME_IDX">
<createdBy>Administrator</createdBy>
<createdTime>2008-11-18 12:37:43 UTC</createdTime>
<ownerDesignName>all_schemas</ownerDesignName>
<indexColumnUsage>
<colUsage columnID="51D52C50-C736-28D0-1843-93DE1C81A141"/>
<colUsage columnID="124D2222-1CA8-C7B6-704B-823604E2CFB5"/>
</indexColumnUsage>
</ind_PK_UK>
<ind_PK_UK id="E54C4DD5-90F7-D593-51FC-5086DA1E2D9D" name="EMPLOYEES_DEPARTMENTS_FK">
<createdBy>Administrator</createdBy>
<createdTime>2008-11-18 12:37:43 UTC</createdTime>
<ownerDesignName>all_schemas</ownerDesignName>
<indexState>Foreign Key</indexState>
<indexColumnUsage>
<colUsage columnID="B50FB2B8-2C3E-4B33-39CC-58E3433A880C"/>
</indexColumnUsage>
</ind_PK_UK>
<ind_PK_UK id="97202E7F-5ACD-5557-3116-484F1F572EF8" name="EMPLOYEES_EMPLOYEES_FK">
<createdBy>Administrator</createdBy>
<createdTime>2008-11-18 12:37:43 UTC</createdTime>
<ownerDesignName>all_schemas</ownerDesignName>
<indexState>Foreign Key</indexState>
<indexColumnUsage>
<colUsage columnID="7711947B-623D-AF5C-C136-FA6C13D80A11"/>
</indexColumnUsage>
</ind_PK_UK>
<ind_PK_UK id="40C02BA3-E800-D1AA-0D44-5AA2F44124AB" name="EMPLOYEES_JOBS_FK">
<createdBy>Administrator</createdBy>
<createdTime>2008-11-18 12:37:43 UTC</createdTime>
<ownerDesignName>all_schemas</ownerDesignName>
<indexState>Foreign Key</indexState>
<indexColumnUsage>
<colUsage columnID="0BE31A2F-13EB-50B4-C1ED-ED8A86A24705"/>
</indexColumnUsage>
</ind_PK_UK>
</indexes>
</Table>