<?xml version = '1.0' encoding = 'UTF-8'?>
<Table class="oracle.dbtools.crest.model.design.relational.Table" directorySegmentName="seg_0" id="AF81CABC-2071-B987-C66E-99E426DB6F8D" name="LOCATIONS">
<createdBy>Administrator</createdBy>
<createdTime>2008-11-18 12:37:43 UTC</createdTime>
<ownerDesignName>all_schemas</ownerDesignName>
<importedID>7E9EE746-1DE4-7253-EDBB-4027B7B33AC6</importedID>
<parsed>true</parsed>
<columns itemClass="oracle.dbtools.crest.model.design.relational.Column">
<Column name="LOCATION_ID" id="206D352F-FA19-0527-27EE-E8EF8507E5AB">
<createdBy>Administrator</createdBy>
<createdTime>2008-11-18 12:37:43 UTC</createdTime>
<commentInRDBMS><![CDATA[Primary key of locations table]]></commentInRDBMS>
<ownerDesignName>all_schemas</ownerDesignName>
<useDomainConstraints>false</useDomainConstraints>
<use>1</use>
<logicalDatatype>LOGDT019</logicalDatatype>
<dataTypePrecision>4</dataTypePrecision>
<ownDataTypeParameters>,4,</ownDataTypeParameters>
</Column>
<Column name="STREET_ADDRESS" id="057E7003-992A-82B7-489B-4E9F2B740095">
<createdBy>Administrator</createdBy>
<createdTime>2008-11-18 12:37:43 UTC</createdTime>
<commentInRDBMS><![CDATA[Street address of an office, warehouse, or production site of a company.&lt;br&gt;Contains building number and street name]]></commentInRDBMS>
<ownerDesignName>all_schemas</ownerDesignName>
<nullsAllowed>true</nullsAllowed>
<useDomainConstraints>false</useDomainConstraints>
<use>1</use>
<logicalDatatype>LOGDT024</logicalDatatype>
<dataTypeSize>40 BYTE</dataTypeSize>
<ownDataTypeParameters>40 BYTE,,</ownDataTypeParameters>
</Column>
<Column name="POSTAL_CODE" id="8366F154-CFAF-E37E-0DFE-FAC2FBB6E180">
<createdBy>Administrator</createdBy>
<createdTime>2008-11-18 12:37:43 UTC</createdTime>
<commentInRDBMS><![CDATA[Postal code of the location of an office, warehouse, or production site &lt;br&gt;of a company. ]]></commentInRDBMS>
<ownerDesignName>all_schemas</ownerDesignName>
<nullsAllowed>true</nullsAllowed>
<useDomainConstraints>false</useDomainConstraints>
<use>1</use>
<logicalDatatype>LOGDT024</logicalDatatype>
<dataTypeSize>12 BYTE</dataTypeSize>
<ownDataTypeParameters>12 BYTE,,</ownDataTypeParameters>
</Column>
<Column name="CITY" id="77CF1CE7-F01B-A54E-1E42-F7496AF36D3B">
<createdBy>Administrator</createdBy>
<createdTime>2008-11-18 12:37:43 UTC</createdTime>
<commentInRDBMS><![CDATA[A not null column that shows city where an office, warehouse, or &lt;br&gt;production site of a company is located. ]]></commentInRDBMS>
<ownerDesignName>all_schemas</ownerDesignName>
<useDomainConstraints>false</useDomainConstraints>
<use>1</use>
<logicalDatatype>LOGDT024</logicalDatatype>
<dataTypeSize>30 BYTE</dataTypeSize>
<ownDataTypeParameters>30 BYTE,,</ownDataTypeParameters>
</Column>
<Column name="STATE_PROVINCE" id="F071A6F0-7543-E73A-C8DE-8EA960E23E5E">
<createdBy>Administrator</createdBy>
<createdTime>2008-11-18 12:37:43 UTC</createdTime>
<commentInRDBMS><![CDATA[State or Province where an office, warehouse, or production site of a &lt;br&gt;company is located.]]></commentInRDBMS>
<ownerDesignName>all_schemas</ownerDesignName>
<nullsAllowed>true</nullsAllowed>
<useDomainConstraints>false</useDomainConstraints>
<use>1</use>
<logicalDatatype>LOGDT024</logicalDatatype>
<dataTypeSize>25 BYTE</dataTypeSize>
<ownDataTypeParameters>25 BYTE,,</ownDataTypeParameters>
</Column>
<Column name="COUNTRY_ID" id="1AF21665-3642-9B8E-9F8C-650FEB76E82F">
<createdBy>Administrator</createdBy>
<createdTime>2008-11-18 12:37:43 UTC</createdTime>
<commentInRDBMS><![CDATA[Country where an office, warehouse, or production site of a company is&lt;br&gt;located. Foreign key to country_id column of the countries table.]]></commentInRDBMS>
<ownerDesignName>all_schemas</ownerDesignName>
<useDomainConstraints>false</useDomainConstraints>
<use>1</use>
<logicalDatatype>LOGDT025</logicalDatatype>
<dataTypeSize>2 BYTE</dataTypeSize>
<ownDataTypeParameters>2 BYTE,,</ownDataTypeParameters>
<associations>
<colAssociation fkAssociation="2B6EA016-7DBF-A151-2B21-9AFAADADC768" referredColumn="513EB368-E502-385B-6641-B2BE988A1F95"/>
</associations>
</Column>
</columns>
<indexes itemClass="oracle.dbtools.crest.model.design.relational.Index">
<ind_PK_UK id="BAB908D6-5673-408D-ED56-E96D30381A43" name="LOCATIONS_PK">
<createdBy>Administrator</createdBy>
<createdTime>2008-11-18 12:37:43 UTC</createdTime>
<ownerDesignName>all_schemas</ownerDesignName>
<pk>true</pk>
<indexState>Primary Constraint</indexState>
<indexColumnUsage>
<colUsage columnID="206D352F-FA19-0527-27EE-E8EF8507E5AB"/>
</indexColumnUsage>
</ind_PK_UK>
<ind_PK_UK id="AB81B205-A090-11E8-5D3A-CEF98704E637" name="LOCATIONS_CITY_IDX">
<createdBy>Administrator</createdBy>
<createdTime>2008-11-18 12:37:43 UTC</createdTime>
<ownerDesignName>all_schemas</ownerDesignName>
<indexColumnUsage>
<colUsage columnID="77CF1CE7-F01B-A54E-1E42-F7496AF36D3B"/>
</indexColumnUsage>
</ind_PK_UK>
<ind_PK_UK id="C69E1CCE-6AC4-E099-5B1C-16D3307BFA58" name="LOCATIONS_STATE_PROVINCE_IDX">
<createdBy>Administrator</createdBy>
<createdTime>2008-11-18 12:37:43 UTC</createdTime>
<ownerDesignName>all_schemas</ownerDesignName>
<indexColumnUsage>
<colUsage columnID="F071A6F0-7543-E73A-C8DE-8EA960E23E5E"/>
</indexColumnUsage>
</ind_PK_UK>
<ind_PK_UK id="18BBDEB9-F790-4FCF-32A1-2F69333C6D89" name="LOCATIONS_COUNTRY_ID_IDX">
<createdBy>Administrator</createdBy>
<createdTime>2008-11-18 12:37:43 UTC</createdTime>
<ownerDesignName>all_schemas</ownerDesignName>
<indexColumnUsage>
<colUsage columnID="1AF21665-3642-9B8E-9F8C-650FEB76E82F"/>
</indexColumnUsage>
</ind_PK_UK>
<ind_PK_UK id="07B431A9-7086-A623-DE9F-9E69B8145FA8" name="LOCATIONS_COUNTRIES_FK">
<createdBy>Administrator</createdBy>
<createdTime>2008-11-18 12:37:43 UTC</createdTime>
<ownerDesignName>all_schemas</ownerDesignName>
<indexState>Foreign Key</indexState>
<indexColumnUsage>
<colUsage columnID="1AF21665-3642-9B8E-9F8C-650FEB76E82F"/>
</indexColumnUsage>
</ind_PK_UK>
</indexes>
</Table>