<?xml version = '1.0' encoding = 'UTF-8'?>
<Table class="oracle.dbtools.crest.model.design.relational.Table" directorySegmentName="seg_0" id="EF9A3EB5-2AA0-5FD0-7325-126AB44DE486" name="JOBS">
<createdBy>Administrator</createdBy>
<createdTime>2008-11-18 12:37:43 UTC</createdTime>
<ownerDesignName>all_schemas</ownerDesignName>
<importedID>DD8FF083-9C2C-7469-9C72-93AC70BCAD2D</importedID>
<parsed>true</parsed>
<columns itemClass="oracle.dbtools.crest.model.design.relational.Column">
<Column name="JOB_ID" id="F9CFC716-D804-B1D7-C291-E08DA8B4424A">
<createdBy>Administrator</createdBy>
<createdTime>2008-11-18 12:37:43 UTC</createdTime>
<commentInRDBMS><![CDATA[Primary key of jobs table.]]></commentInRDBMS>
<ownerDesignName>all_schemas</ownerDesignName>
<useDomainConstraints>false</useDomainConstraints>
<use>1</use>
<logicalDatatype>LOGDT024</logicalDatatype>
<dataTypeSize>10 BYTE</dataTypeSize>
<ownDataTypeParameters>10 BYTE,,</ownDataTypeParameters>
</Column>
<Column name="JOB_TITLE" id="DC5F3334-C7B2-6F12-8243-7ED5D4F1E2C2">
<createdBy>Administrator</createdBy>
<createdTime>2008-11-18 12:37:43 UTC</createdTime>
<commentInRDBMS><![CDATA[A not null column that shows job title, e.g. AD_VP, FI_ACCOUNTANT]]></commentInRDBMS>
<ownerDesignName>all_schemas</ownerDesignName>
<useDomainConstraints>false</useDomainConstraints>
<use>1</use>
<logicalDatatype>LOGDT024</logicalDatatype>
<dataTypeSize>35 BYTE</dataTypeSize>
<ownDataTypeParameters>35 BYTE,,</ownDataTypeParameters>
</Column>
<Column name="MIN_SALARY" id="9F68B15B-1117-7352-62E8-C6EA1182A944">
<createdBy>Administrator</createdBy>
<createdTime>2008-11-18 12:37:43 UTC</createdTime>
<commentInRDBMS><![CDATA[Minimum salary for a job title.]]></commentInRDBMS>
<ownerDesignName>all_schemas</ownerDesignName>
<nullsAllowed>true</nullsAllowed>
<useDomainConstraints>false</useDomainConstraints>
<use>1</use>
<logicalDatatype>LOGDT019</logicalDatatype>
<dataTypePrecision>6</dataTypePrecision>
<ownDataTypeParameters>,6,</ownDataTypeParameters>
</Column>
<Column name="MAX_SALARY" id="B884FF10-8961-583D-8FA5-7E7276903AE0">
<createdBy>Administrator</createdBy>
<createdTime>2008-11-18 12:37:43 UTC</createdTime>
<commentInRDBMS><![CDATA[Maximum salary for a job title]]></commentInRDBMS>
<ownerDesignName>all_schemas</ownerDesignName>
<nullsAllowed>true</nullsAllowed>
<useDomainConstraints>false</useDomainConstraints>
<use>1</use>
<logicalDatatype>LOGDT019</logicalDatatype>
<dataTypePrecision>6</dataTypePrecision>
<ownDataTypeParameters>,6,</ownDataTypeParameters>
</Column>
</columns>
<indexes itemClass="oracle.dbtools.crest.model.design.relational.Index">
<ind_PK_UK id="792565A4-2FEB-F537-2AD8-FCCEAFDE2EA1" name="JOBS_PK">
<createdBy>Administrator</createdBy>
<createdTime>2008-11-18 12:37:43 UTC</createdTime>
<ownerDesignName>all_schemas</ownerDesignName>
<pk>true</pk>
<indexState>Primary Constraint</indexState>
<indexColumnUsage>
<colUsage columnID="F9CFC716-D804-B1D7-C291-E08DA8B4424A"/>
</indexColumnUsage>
</ind_PK_UK>
</indexes>
</Table>