<?xml version = '1.0' encoding = 'UTF-8'?>
<Table class="oracle.dbtools.crest.model.design.relational.Table" id="08A70725-8D8C-FDE5-9ABC-4C7EAF2AF162" directorySegmentName="seg_0" name="COUNTRIES">
   <createdBy>Administrator</createdBy>
   <createdTime>2008-11-20 15:56:35 UTC</createdTime>
   <changedBy>smharper</changedBy>
   <changedTime>2008-11-20 15:56:37 UTC</changedTime>
   <ownerDesignName>HR</ownerDesignName>
   <schemaObject>1A5CE9BD-7795-B09D-0D62-14DBD4F43ED4</schemaObject>
   <pkName>COUNTRY_C_ID_PK</pkName>
   <fonts>
      <FontObject class="oracle.dbtools.crest.model.design.FontObjectWr">
         <foType>Title</foType>
         <fontStyle>1</fontStyle>
         <colorRGB>-16776961</colorRGB>
      </FontObject>
      <FontObject class="oracle.dbtools.crest.model.design.FontObjectWr">
         <foType>Column</foType>
         <colorRGB>-16777216</colorRGB>
      </FontObject>
      <FontObject class="oracle.dbtools.crest.model.design.FontObjectWr">
         <foType>Datatype</foType>
         <colorRGB>-16744448</colorRGB>
      </FontObject>
      <FontObject class="oracle.dbtools.crest.model.design.FontObjectWr">
         <foType>PK Element</foType>
         <colorRGB>-16776961</colorRGB>
      </FontObject>
      <FontObject class="oracle.dbtools.crest.model.design.FontObjectWr">
         <foType>FK Element</foType>
         <colorRGB>-16777216</colorRGB>
      </FontObject>
      <FontObject class="oracle.dbtools.crest.model.design.FontObjectWr">
         <foType>UK Element</foType>
         <colorRGB>-16776961</colorRGB>
      </FontObject>
      <FontObject class="oracle.dbtools.crest.model.design.FontObjectWr">
         <foType>Not Null</foType>
         <colorRGB>-65536</colorRGB>
      </FontObject>
      <FontObject class="oracle.dbtools.crest.model.design.FontObjectWr">
         <foType>Key</foType>
         <colorRGB>-16777216</colorRGB>
      </FontObject>
   </fonts>
   <columns>
      <Column class="oracle.dbtools.crest.model.design.relational.Column" name="COUNTRY_ID" id="946F352F-E110-C771-1C5F-F59C554A353B">
         <createdBy>Administrator</createdBy>
         <createdTime>2008-11-20 15:56:35 UTC</createdTime>
         <changedBy>Administrator</changedBy>
         <changedTime>2008-11-20 15:56:36 UTC</changedTime>
         <commentInRDBMS>Primary key of countries table.</commentInRDBMS>
         <ownerDesignName>HR</ownerDesignName>
         <use>1</use>
         <logicalDatatype>LOGDT025</logicalDatatype>
         <dataTypeSize>2 BYTE</dataTypeSize>
      </Column>
      <Column class="oracle.dbtools.crest.model.design.relational.Column" name="COUNTRY_NAME" id="9FFBC59C-47E6-BF5F-048B-92A5B4ECBDA0">
         <createdBy>Administrator</createdBy>
         <createdTime>2008-11-20 15:56:36 UTC</createdTime>
         <changedBy>Administrator</changedBy>
         <changedTime>2008-11-20 15:56:36 UTC</changedTime>
         <commentInRDBMS>Country name</commentInRDBMS>
         <ownerDesignName>HR</ownerDesignName>
         <nullsAllowed>true</nullsAllowed>
         <use>1</use>
         <logicalDatatype>LOGDT024</logicalDatatype>
         <dataTypeSize>40 BYTE</dataTypeSize>
      </Column>
      <Column class="oracle.dbtools.crest.model.design.relational.Column" name="REGION_ID" id="5A5727FB-0DA6-1335-EDCA-1D25765F3EE0">
         <createdBy>Administrator</createdBy>
         <createdTime>2008-11-20 15:56:36 UTC</createdTime>
         <changedBy>Administrator</changedBy>
         <changedTime>2008-11-20 15:56:36 UTC</changedTime>
         <commentInRDBMS>Region ID for the country. Foreign key to region_id column in the departments table.</commentInRDBMS>
         <ownerDesignName>HR</ownerDesignName>
         <nullsAllowed>true</nullsAllowed>
         <use>1</use>
         <logicalDatatype>LOGDT019</logicalDatatype>
         <delegate>910A3D82-A333-8B10-57E3-BC00D21F048D</delegate>
         <associations>
            <colAssociation fkAssociation="3788F335-B075-CF3B-808E-8BDFF9345396" referredColumn="910A3D82-A333-8B10-57E3-BC00D21F048D"/>
         </associations>
      </Column>
   </columns>
   <indexes>
      <ind_PK_UK class="oracle.dbtools.crest.model.design.relational.Index" id="8FA9C23C-3C57-58F7-5C49-6B83B2B45D51" name="COUNTRY_C_ID_PK">
         <createdBy>Administrator</createdBy>
         <createdTime>2008-11-20 15:56:36 UTC</createdTime>
         <changedBy>Administrator</changedBy>
         <changedTime>2008-11-20 15:56:36 UTC</changedTime>
         <ownerDesignName>HR</ownerDesignName>
         <pk>true</pk>
         <indexState>Primary Constraint</indexState>
         <indexColumnUsage>
            <colUsage columnID="946F352F-E110-C771-1C5F-F59C554A353B"/>
         </indexColumnUsage>
      </ind_PK_UK>
      <ind_PK_UK class="oracle.dbtools.crest.model.design.relational.Index" id="F4BEA952-5B74-1B3C-1349-DCE3A9ACAAA7" name="COUNTR_REG_FK">
         <createdBy>Administrator</createdBy>
         <createdTime>2008-11-20 15:56:37 UTC</createdTime>
         <changedBy>Administrator</changedBy>
         <changedTime>2008-11-20 15:56:37 UTC</changedTime>
         <ownerDesignName>HR</ownerDesignName>
         <indexColumnUsage>
            <colUsage columnID="5A5727FB-0DA6-1335-EDCA-1D25765F3EE0"/>
         </indexColumnUsage>
      </ind_PK_UK>
   </indexes>
</Table>