<?xml version = '1.0' encoding = 'UTF-8'?>
<Table class="oracle.dbtools.crest.model.design.relational.Table" id="2F01554D-52FC-06CC-2354-41801BC283E7" directorySegmentName="seg_0" name="JOB_HISTORY">
   <createdBy>Administrator</createdBy>
   <createdTime>2008-11-20 15:56:35 UTC</createdTime>
   <changedBy>smharper</changedBy>
   <changedTime>2009-06-20 11:23:22 UTC</changedTime>
   <ownerDesignName>HR</ownerDesignName>
   <schemaObject>1A5CE9BD-7795-B09D-0D62-14DBD4F43ED4</schemaObject>
   <pkName>JHIST_ID_DATE_PK</pkName>
   <fonts>
      <FontObject class="oracle.dbtools.crest.model.design.FontObjectWr">
         <foType>Title</foType>
         <fontStyle>1</fontStyle>
         <colorRGB>-16776961</colorRGB>
      </FontObject>
      <FontObject class="oracle.dbtools.crest.model.design.FontObjectWr">
         <foType>Column</foType>
         <colorRGB>-16777216</colorRGB>
      </FontObject>
      <FontObject class="oracle.dbtools.crest.model.design.FontObjectWr">
         <foType>Datatype</foType>
         <colorRGB>-16744448</colorRGB>
      </FontObject>
      <FontObject class="oracle.dbtools.crest.model.design.FontObjectWr">
         <foType>PK Element</foType>
         <colorRGB>-16776961</colorRGB>
      </FontObject>
      <FontObject class="oracle.dbtools.crest.model.design.FontObjectWr">
         <foType>FK Element</foType>
         <colorRGB>-16777216</colorRGB>
      </FontObject>
      <FontObject class="oracle.dbtools.crest.model.design.FontObjectWr">
         <foType>UK Element</foType>
         <colorRGB>-16776961</colorRGB>
      </FontObject>
      <FontObject class="oracle.dbtools.crest.model.design.FontObjectWr">
         <foType>Not Null</foType>
         <colorRGB>-65536</colorRGB>
      </FontObject>
      <FontObject class="oracle.dbtools.crest.model.design.FontObjectWr">
         <foType>Key</foType>
         <colorRGB>-16777216</colorRGB>
      </FontObject>
   </fonts>
   <columns>
      <Column class="oracle.dbtools.crest.model.design.relational.Column" name="EMPLOYEE_ID" id="C9712DD4-E125-E532-3D7E-D18043A90C55">
         <createdBy>Administrator</createdBy>
         <createdTime>2008-11-20 15:56:36 UTC</createdTime>
         <changedBy>Administrator</changedBy>
         <changedTime>2009-06-20 11:23:22 UTC</changedTime>
         <commentInRDBMS>A not null column in the complex primary key employee_id+start_date.&amp;lt;br&amp;gt;Foreign key to employee_id column of the employee table</commentInRDBMS>
         <ownerDesignName>HR</ownerDesignName>
         <use>1</use>
         <logicalDatatype>LOGDT019</logicalDatatype>
         <dataTypePrecision>6</dataTypePrecision>
         <delegate>E820E265-F29B-283C-2859-7A14FFD8DD20</delegate>
         <associations>
            <colAssociation fkAssociation="DFEAA925-18D5-468A-1740-DA12947CDB00" referredColumn="E820E265-F29B-283C-2859-7A14FFD8DD20"/>
         </associations>
      </Column>
      <Column class="oracle.dbtools.crest.model.design.relational.Column" name="START_DATE" id="5FFAC6BB-6307-7083-C32A-13D83A141B40">
         <createdBy>Administrator</createdBy>
         <createdTime>2008-11-20 15:56:36 UTC</createdTime>
         <changedBy>Administrator</changedBy>
         <changedTime>2009-06-20 11:23:22 UTC</changedTime>
         <commentInRDBMS>A not null column in the complex primary key employee_id+start_date.&amp;lt;br&amp;gt;Must be less than the end_date of the job_history table. (enforced by&amp;lt;br&amp;gt;constraint jhist_date_interval)</commentInRDBMS>
         <ownerDesignName>HR</ownerDesignName>
         <use>1</use>
         <logicalDatatype>LOGDT007</logicalDatatype>
      </Column>
      <Column class="oracle.dbtools.crest.model.design.relational.Column" name="END_DATE" id="F0B1C3F4-B027-F85A-D2FE-6A8DCE22600E">
         <createdBy>Administrator</createdBy>
         <createdTime>2008-11-20 15:56:36 UTC</createdTime>
         <changedBy>Administrator</changedBy>
         <changedTime>2009-06-20 11:23:22 UTC</changedTime>
         <commentInRDBMS>Last day of the employee in this job role. A not null column. Must be&amp;lt;br&amp;gt;greater than the start_date of the job_history table.&amp;lt;br&amp;gt;(enforced by constraint jhist_date_interval)</commentInRDBMS>
         <ownerDesignName>HR</ownerDesignName>
         <use>1</use>
         <logicalDatatype>LOGDT007</logicalDatatype>
      </Column>
      <Column class="oracle.dbtools.crest.model.design.relational.Column" name="JOB_ID" id="819816A4-D465-CD1F-3609-8B5A4423FFF8">
         <createdBy>Administrator</createdBy>
         <createdTime>2008-11-20 15:56:36 UTC</createdTime>
         <changedBy>Administrator</changedBy>
         <changedTime>2009-06-20 11:23:22 UTC</changedTime>
         <commentInRDBMS>Job role in which the employee worked in the past; foreign key to&amp;lt;br&amp;gt;job_id column in the jobs table. A not null column.</commentInRDBMS>
         <ownerDesignName>HR</ownerDesignName>
         <use>1</use>
         <logicalDatatype>LOGDT024</logicalDatatype>
         <dataTypeSize>10 BYTE</dataTypeSize>
         <delegate>FA4DCA0A-E5B8-00B0-B509-CC8051E85105</delegate>
         <associations>
            <colAssociation fkAssociation="36C05208-6E79-F913-61CA-E1BE8EE83079" referredColumn="FA4DCA0A-E5B8-00B0-B509-CC8051E85105"/>
         </associations>
      </Column>
      <Column class="oracle.dbtools.crest.model.design.relational.Column" name="DEPARTMENT_ID" id="0311D711-48BD-B542-85B3-AD0CD597A404">
         <createdBy>Administrator</createdBy>
         <createdTime>2008-11-20 15:56:36 UTC</createdTime>
         <changedBy>Administrator</changedBy>
         <changedTime>2009-06-20 11:23:22 UTC</changedTime>
         <commentInRDBMS>Department id in which the employee worked in the past; foreign key to deparment_id column in the departments table</commentInRDBMS>
         <ownerDesignName>HR</ownerDesignName>
         <nullsAllowed>true</nullsAllowed>
         <use>1</use>
         <logicalDatatype>LOGDT019</logicalDatatype>
         <dataTypePrecision>4</dataTypePrecision>
         <delegate>8335C45E-8394-64DA-73F5-8BA3C6C79A90</delegate>
         <associations>
            <colAssociation fkAssociation="39BED0AC-22C5-2EE4-E49F-C9304525BD92" referredColumn="8335C45E-8394-64DA-73F5-8BA3C6C79A90"/>
         </associations>
      </Column>
   </columns>
   <indexes>
      <ind_PK_UK class="oracle.dbtools.crest.model.design.relational.Index" id="ED8E9D29-E23D-CA2B-C8E3-3B9D20D5ED9A" name="JHIST_ID_DATE_PK">
         <createdBy>Administrator</createdBy>
         <createdTime>2008-11-20 15:56:36 UTC</createdTime>
         <changedBy>Administrator</changedBy>
         <changedTime>2009-06-20 11:19:49 UTC</changedTime>
         <ownerDesignName>HR</ownerDesignName>
         <pk>true</pk>
         <indexState>Primary Constraint</indexState>
         <indexColumnUsage>
            <colUsage columnID="C9712DD4-E125-E532-3D7E-D18043A90C55"/>
            <colUsage columnID="5FFAC6BB-6307-7083-C32A-13D83A141B40"/>
         </indexColumnUsage>
      </ind_PK_UK>
      <ind_PK_UK class="oracle.dbtools.crest.model.design.relational.Index" id="8960C351-DC52-5DC2-89BB-C9B3FD0BCD79" name="JHIST_JOB_IX">
         <createdBy>Administrator</createdBy>
         <createdTime>2008-11-20 15:56:36 UTC</createdTime>
         <changedBy>Administrator</changedBy>
         <changedTime>2008-11-20 15:56:36 UTC</changedTime>
         <ownerDesignName>HR</ownerDesignName>
         <indexColumnUsage>
            <colUsage columnID="819816A4-D465-CD1F-3609-8B5A4423FFF8"/>
         </indexColumnUsage>
      </ind_PK_UK>
      <ind_PK_UK class="oracle.dbtools.crest.model.design.relational.Index" id="AEE9BF87-99FE-3628-89DE-4A42AAFC06D1" name="JHIST_EMP_IX">
         <createdBy>Administrator</createdBy>
         <createdTime>2008-11-20 15:56:36 UTC</createdTime>
         <changedBy>Administrator</changedBy>
         <changedTime>2009-06-20 11:20:51 UTC</changedTime>
         <ownerDesignName>HR</ownerDesignName>
         <indexColumnUsage>
            <colUsage columnID="C9712DD4-E125-E532-3D7E-D18043A90C55"/>
         </indexColumnUsage>
      </ind_PK_UK>
      <ind_PK_UK class="oracle.dbtools.crest.model.design.relational.Index" id="2584209C-10BE-725B-2F7A-CDAC38457204" name="JHIST_DEPT_IX">
         <createdBy>Administrator</createdBy>
         <createdTime>2008-11-20 15:56:36 UTC</createdTime>
         <changedBy>Administrator</changedBy>
         <changedTime>2009-06-20 11:20:51 UTC</changedTime>
         <ownerDesignName>HR</ownerDesignName>
         <indexColumnUsage>
            <colUsage columnID="0311D711-48BD-B542-85B3-AD0CD597A404"/>
         </indexColumnUsage>
      </ind_PK_UK>
      <ind_PK_UK class="oracle.dbtools.crest.model.design.relational.Index" id="986D2B83-ABB6-940A-DF6F-206CF42ED9E8" name="JHIST_JOB_FK">
         <createdBy>Administrator</createdBy>
         <createdTime>2008-11-20 15:56:37 UTC</createdTime>
         <changedBy>Administrator</changedBy>
         <changedTime>2008-11-20 15:56:37 UTC</changedTime>
         <ownerDesignName>HR</ownerDesignName>
         <indexColumnUsage>
            <colUsage columnID="819816A4-D465-CD1F-3609-8B5A4423FFF8"/>
         </indexColumnUsage>
      </ind_PK_UK>
      <ind_PK_UK class="oracle.dbtools.crest.model.design.relational.Index" id="6A232D41-5EBD-EAAF-09CB-7AB60779082F" name="JHIST_EMP_FK">
         <createdBy>Administrator</createdBy>
         <createdTime>2008-11-20 15:56:37 UTC</createdTime>
         <changedBy>Administrator</changedBy>
         <changedTime>2008-11-20 15:56:37 UTC</changedTime>
         <ownerDesignName>HR</ownerDesignName>
         <indexColumnUsage>
            <colUsage columnID="C9712DD4-E125-E532-3D7E-D18043A90C55"/>
         </indexColumnUsage>
      </ind_PK_UK>
      <ind_PK_UK class="oracle.dbtools.crest.model.design.relational.Index" id="A3953FB5-0B60-BD6F-FCB9-A58B106CD452" name="JHIST_DEPT_FK">
         <createdBy>Administrator</createdBy>
         <createdTime>2008-11-20 15:56:37 UTC</createdTime>
         <changedBy>Administrator</changedBy>
         <changedTime>2008-11-20 15:56:37 UTC</changedTime>
         <ownerDesignName>HR</ownerDesignName>
         <indexColumnUsage>
            <colUsage columnID="0311D711-48BD-B542-85B3-AD0CD597A404"/>
         </indexColumnUsage>
      </ind_PK_UK>
   </indexes>
   <tableCheckConstraints>
      <tableCheckConstraint class="oracle.dbtools.crest.model.design.constraint.TableLevelConstraint" name="JHIST_DATE_CHECK" id="928E8AFD-CDD2-A855-0B32-4E9F52A9FD27" directorySegmentName="seg_0">
         <createdBy>smharper</createdBy>
         <createdTime>2011-01-06 19:13:47 UTC</createdTime>
         <changedBy>smharper</changedBy>
         <changedTime>2011-01-06 19:13:47 UTC</changedTime>
         <ownerDesignName>HR</ownerDesignName>
         <rule>end_date &amp;gt; start_date</rule>
      </tableCheckConstraint>
   </tableCheckConstraints>
</Table>