<?xml version = '1.0' encoding = 'UTF-8'?>
<Table class="oracle.dbtools.crest.model.design.relational.Table" id="7F9F1810-B04F-2188-81CF-B05B6FCE4D67" directorySegmentName="seg_0" name="LOCATIONS">
   <createdBy>Administrator</createdBy>
   <createdTime>2008-11-20 15:56:35 UTC</createdTime>
   <changedBy>smharper</changedBy>
   <changedTime>2009-06-20 11:22:29 UTC</changedTime>
   <ownerDesignName>HR</ownerDesignName>
   <schemaObject>1A5CE9BD-7795-B09D-0D62-14DBD4F43ED4</schemaObject>
   <pkName>LOC_ID_PK</pkName>
   <fonts>
      <FontObject class="oracle.dbtools.crest.model.design.FontObjectWr">
         <foType>Title</foType>
         <fontStyle>1</fontStyle>
         <colorRGB>-16776961</colorRGB>
      </FontObject>
      <FontObject class="oracle.dbtools.crest.model.design.FontObjectWr">
         <foType>Column</foType>
         <colorRGB>-16777216</colorRGB>
      </FontObject>
      <FontObject class="oracle.dbtools.crest.model.design.FontObjectWr">
         <foType>Datatype</foType>
         <colorRGB>-16744448</colorRGB>
      </FontObject>
      <FontObject class="oracle.dbtools.crest.model.design.FontObjectWr">
         <foType>PK Element</foType>
         <colorRGB>-16776961</colorRGB>
      </FontObject>
      <FontObject class="oracle.dbtools.crest.model.design.FontObjectWr">
         <foType>FK Element</foType>
         <colorRGB>-16777216</colorRGB>
      </FontObject>
      <FontObject class="oracle.dbtools.crest.model.design.FontObjectWr">
         <foType>UK Element</foType>
         <colorRGB>-16776961</colorRGB>
      </FontObject>
      <FontObject class="oracle.dbtools.crest.model.design.FontObjectWr">
         <foType>Not Null</foType>
         <colorRGB>-65536</colorRGB>
      </FontObject>
      <FontObject class="oracle.dbtools.crest.model.design.FontObjectWr">
         <foType>Key</foType>
         <colorRGB>-16777216</colorRGB>
      </FontObject>
   </fonts>
   <columns>
      <Column class="oracle.dbtools.crest.model.design.relational.Column" name="LOCATION_ID" id="052461E7-B84B-30E9-3DCE-08EFA8E0F375">
         <createdBy>Administrator</createdBy>
         <createdTime>2008-11-20 15:56:36 UTC</createdTime>
         <changedBy>Administrator</changedBy>
         <changedTime>2009-06-20 11:22:29 UTC</changedTime>
         <commentInRDBMS>Primary key of locations table</commentInRDBMS>
         <ownerDesignName>HR</ownerDesignName>
         <use>1</use>
         <logicalDatatype>LOGDT019</logicalDatatype>
         <dataTypePrecision>4</dataTypePrecision>
      </Column>
      <Column class="oracle.dbtools.crest.model.design.relational.Column" name="STREET_ADDRESS" id="4A3BA5F9-1F80-DDF3-5B9B-6B33E6DEE965">
         <createdBy>Administrator</createdBy>
         <createdTime>2008-11-20 15:56:36 UTC</createdTime>
         <changedBy>Administrator</changedBy>
         <changedTime>2009-06-20 11:22:29 UTC</changedTime>
         <commentInRDBMS>Street address of an office, warehouse, or production site of a company.&amp;lt;br&amp;gt;Contains building number and street name</commentInRDBMS>
         <ownerDesignName>HR</ownerDesignName>
         <nullsAllowed>true</nullsAllowed>
         <use>1</use>
         <logicalDatatype>LOGDT024</logicalDatatype>
         <dataTypeSize>40 BYTE</dataTypeSize>
      </Column>
      <Column class="oracle.dbtools.crest.model.design.relational.Column" name="POSTAL_CODE" id="9F3A1B99-7651-AD91-CA84-B1399E48A4BB">
         <createdBy>Administrator</createdBy>
         <createdTime>2008-11-20 15:56:36 UTC</createdTime>
         <changedBy>Administrator</changedBy>
         <changedTime>2009-06-20 11:22:29 UTC</changedTime>
         <commentInRDBMS>Postal code of the location of an office, warehouse, or production site&amp;lt;br&amp;gt;of a company. </commentInRDBMS>
         <ownerDesignName>HR</ownerDesignName>
         <nullsAllowed>true</nullsAllowed>
         <use>1</use>
         <logicalDatatype>LOGDT024</logicalDatatype>
         <dataTypeSize>12 BYTE</dataTypeSize>
      </Column>
      <Column class="oracle.dbtools.crest.model.design.relational.Column" name="CITY" id="553B6B81-616C-19D4-0969-29CCCA0AA93E">
         <createdBy>Administrator</createdBy>
         <createdTime>2008-11-20 15:56:36 UTC</createdTime>
         <changedBy>Administrator</changedBy>
         <changedTime>2009-06-20 11:22:29 UTC</changedTime>
         <commentInRDBMS>A not null column that shows city where an office, warehouse, or&amp;lt;br&amp;gt;production site of a company is located. </commentInRDBMS>
         <ownerDesignName>HR</ownerDesignName>
         <use>1</use>
         <logicalDatatype>LOGDT024</logicalDatatype>
         <dataTypeSize>30 BYTE</dataTypeSize>
      </Column>
      <Column class="oracle.dbtools.crest.model.design.relational.Column" name="STATE_PROVINCE" id="3282D64D-4E6F-4BDC-703D-5ECAC3021D83">
         <createdBy>Administrator</createdBy>
         <createdTime>2008-11-20 15:56:36 UTC</createdTime>
         <changedBy>Administrator</changedBy>
         <changedTime>2009-06-20 11:22:29 UTC</changedTime>
         <commentInRDBMS>State or Province where an office, warehouse, or production site of a&amp;lt;br&amp;gt;company is located.</commentInRDBMS>
         <ownerDesignName>HR</ownerDesignName>
         <nullsAllowed>true</nullsAllowed>
         <use>1</use>
         <logicalDatatype>LOGDT024</logicalDatatype>
         <dataTypeSize>25 BYTE</dataTypeSize>
      </Column>
      <Column class="oracle.dbtools.crest.model.design.relational.Column" name="COUNTRY_ID" id="E7A0FA76-DF1E-3B43-8655-897184C44EFE">
         <createdBy>Administrator</createdBy>
         <createdTime>2008-11-20 15:56:36 UTC</createdTime>
         <changedBy>Administrator</changedBy>
         <changedTime>2009-06-20 11:22:29 UTC</changedTime>
         <commentInRDBMS>Country where an office, warehouse, or production site of a company is&amp;lt;br&amp;gt;located. Foreign key to country_id column of the countries table.</commentInRDBMS>
         <ownerDesignName>HR</ownerDesignName>
         <nullsAllowed>true</nullsAllowed>
         <use>1</use>
         <logicalDatatype>LOGDT025</logicalDatatype>
         <dataTypeSize>2 BYTE</dataTypeSize>
         <delegate>946F352F-E110-C771-1C5F-F59C554A353B</delegate>
         <associations>
            <colAssociation fkAssociation="45A76C93-6630-A51E-B3D1-EB8A5C3AA755" referredColumn="946F352F-E110-C771-1C5F-F59C554A353B"/>
         </associations>
      </Column>
   </columns>
   <indexes>
      <ind_PK_UK class="oracle.dbtools.crest.model.design.relational.Index" id="8BEA9465-8A9C-8234-2B8A-E633EE56DFB8" name="LOC_ID_PK">
         <createdBy>Administrator</createdBy>
         <createdTime>2008-11-20 15:56:36 UTC</createdTime>
         <changedBy>Administrator</changedBy>
         <changedTime>2008-11-20 15:56:37 UTC</changedTime>
         <ownerDesignName>HR</ownerDesignName>
         <pk>true</pk>
         <indexState>Primary Constraint</indexState>
         <indexColumnUsage>
            <colUsage columnID="052461E7-B84B-30E9-3DCE-08EFA8E0F375"/>
         </indexColumnUsage>
      </ind_PK_UK>
      <ind_PK_UK class="oracle.dbtools.crest.model.design.relational.Index" id="DA76E32C-0353-0F9C-FED7-6141F9D5910C" name="LOC_CITY_IX">
         <createdBy>Administrator</createdBy>
         <createdTime>2008-11-20 15:56:36 UTC</createdTime>
         <changedBy>Administrator</changedBy>
         <changedTime>2008-11-20 15:56:36 UTC</changedTime>
         <ownerDesignName>HR</ownerDesignName>
         <indexColumnUsage>
            <colUsage columnID="553B6B81-616C-19D4-0969-29CCCA0AA93E"/>
         </indexColumnUsage>
      </ind_PK_UK>
      <ind_PK_UK class="oracle.dbtools.crest.model.design.relational.Index" id="7ED22DA7-F4FF-84A3-AA6F-4458D3CDB19E" name="LOC_STATE_PROV_IX">
         <createdBy>Administrator</createdBy>
         <createdTime>2008-11-20 15:56:36 UTC</createdTime>
         <changedBy>Administrator</changedBy>
         <changedTime>2009-06-20 11:22:27 UTC</changedTime>
         <ownerDesignName>HR</ownerDesignName>
         <indexColumnUsage>
            <colUsage columnID="3282D64D-4E6F-4BDC-703D-5ECAC3021D83"/>
         </indexColumnUsage>
      </ind_PK_UK>
      <ind_PK_UK class="oracle.dbtools.crest.model.design.relational.Index" id="E245C2B6-5071-310F-F576-7325A4719276" name="LOC_COUNTRY_IX">
         <createdBy>Administrator</createdBy>
         <createdTime>2008-11-20 15:56:36 UTC</createdTime>
         <changedBy>Administrator</changedBy>
         <changedTime>2008-11-20 15:56:36 UTC</changedTime>
         <ownerDesignName>HR</ownerDesignName>
         <indexColumnUsage>
            <colUsage columnID="E7A0FA76-DF1E-3B43-8655-897184C44EFE"/>
         </indexColumnUsage>
      </ind_PK_UK>
      <ind_PK_UK class="oracle.dbtools.crest.model.design.relational.Index" id="8770A763-99E3-BB77-AA5A-58C8C6A608BD" name="LOC_C_ID_FK">
         <createdBy>Administrator</createdBy>
         <createdTime>2008-11-20 15:56:37 UTC</createdTime>
         <changedBy>Administrator</changedBy>
         <changedTime>2008-11-20 15:56:37 UTC</changedTime>
         <ownerDesignName>HR</ownerDesignName>
         <indexColumnUsage>
            <colUsage columnID="E7A0FA76-DF1E-3B43-8655-897184C44EFE"/>
         </indexColumnUsage>
      </ind_PK_UK>
   </indexes>
</Table>