<?xml version = '1.0' encoding = 'UTF-8'?>
<Level class="oracle.dbtools.crest.model.design.multidimensional.Level" name="COUNTRY" directorySegmentName="seg_0" id="0526F347-519B-BFC9-7577-C37E62401A3F">
<createdBy>pstoyano</createdBy>
<createdTime>2009-07-01 16:57:26 UTC</createdTime>
<generatorID>AD107015-7DF6-6744-BB58-24D88DEA6E52</generatorID>
<ownerDesignName>all_schemas</ownerDesignName>
<nameInOracleAW>COUNTRY</nameInOracleAW>
<levelEntity>0458E227-9F36-6BB1-E4D2-A2272E418861</levelEntity>
<rootIdentification>ParentIsBlankSelfOrMissing</rootIdentification>
<valueBasedHierarchy>false</valueBasedHierarchy>
<oraAWAttributes class="oracle.dbtools.crest.model.design.multidimensional.Level$OraAWAttributes">
</oraAWAttributes>
<levelKey>
<attribute>EC394DDA-865A-11C2-4026-111C5281AD7F</attribute>
</levelKey>
<descriptiveAttributes>
<descrAttribute class="oracle.dbtools.crest.model.design.multidimensional.SlowChangingAttribute" name="COUNTRY_ISO_CODE" id="1F63C653-B3AA-8EB6-1A6E-79A1BD1A6302">
<createdTime>2020-07-14 18:59:07 UTC</createdTime>
<ownerDesignName>all_schemas</ownerDesignName>
<attribute>1154314F-EFB8-2D97-DF43-05312A3FF911</attribute>
<classification>USER</classification>
<indexed>false</indexed>
<type>NONE</type>
</descrAttribute>
<descrAttribute class="oracle.dbtools.crest.model.design.multidimensional.SlowChangingAttribute" name="COUNTRY_NAME" id="01102D4C-4E67-0498-A3F1-6004ACF7F052">
<createdTime>2020-07-14 18:59:07 UTC</createdTime>
<ownerDesignName>all_schemas</ownerDesignName>
<attribute>3A247840-058F-5E72-7943-31E242E0D83A</attribute>
<classification>USER</classification>
<indexed>false</indexed>
<type>NONE</type>
</descrAttribute>
</descriptiveAttributes>
</Level>