<?xml version = '1.0' encoding = 'UTF-8'?>
<Level class="oracle.dbtools.crest.model.design.multidimensional.Level" name="CITY" directorySegmentName="seg_0" id="0B09A13C-469E-FD88-2AD2-9A0136F02E71">
<createdBy>pstoyano</createdBy>
<createdTime>2009-07-01 16:57:26 UTC</createdTime>
<generatorID>1037F487-C30C-7C50-C2AC-3F3CCC06E95D</generatorID>
<ownerDesignName>all_schemas</ownerDesignName>
<nameInOracleAW>CITY</nameInOracleAW>
<levelEntity>B6669596-127B-3B0F-4401-560316C063E4</levelEntity>
<rootIdentification>ParentIsBlankSelfOrMissing</rootIdentification>
<valueBasedHierarchy>false</valueBasedHierarchy>
<oraAWAttributes class="oracle.dbtools.crest.model.design.multidimensional.Level$OraAWAttributes">
</oraAWAttributes>
<levelKey>
<attribute>A7C73586-A5F4-8FC3-6A77-0DE95BB3C9D9</attribute>
</levelKey>
<descriptiveAttributes>
<descrAttribute class="oracle.dbtools.crest.model.design.multidimensional.SlowChangingAttribute" name="CUST_CITY" id="62CD7609-1A00-896D-FF7E-DF2E2DC5CA20">
<createdTime>2020-07-14 18:59:07 UTC</createdTime>
<ownerDesignName>all_schemas</ownerDesignName>
<attribute>E364AFBA-3289-ECF7-1208-C1C3D09D47A5</attribute>
<classification>USER</classification>
<indexed>false</indexed>
<type>NONE</type>
</descrAttribute>
</descriptiveAttributes>
</Level>