<?xml version = '1.0' encoding = 'UTF-8'?>
<Level class="oracle.dbtools.crest.model.design.multidimensional.Level" name="CATEGORY" directorySegmentName="seg_0" id="1745AB27-E6B8-4F5F-D79C-046399814AD0">
<createdBy>pstoyano</createdBy>
<createdTime>2009-07-01 16:57:26 UTC</createdTime>
<generatorID>F12DD897-554B-68DE-F1D2-1180C2A6A30D</generatorID>
<ownerDesignName>all_schemas</ownerDesignName>
<nameInOracleAW>CATEGORY</nameInOracleAW>
<levelEntity>7DDBC3B3-89AC-983C-3DEB-94DE01717E43</levelEntity>
<rootIdentification>ParentIsBlankSelfOrMissing</rootIdentification>
<valueBasedHierarchy>false</valueBasedHierarchy>
<oraAWAttributes class="oracle.dbtools.crest.model.design.multidimensional.Level$OraAWAttributes">
</oraAWAttributes>
<levelKey>
<attribute>48C713F1-3617-05E9-CA85-80CF832A0F03</attribute>
</levelKey>
<descriptiveAttributes>
<descrAttribute class="oracle.dbtools.crest.model.design.multidimensional.SlowChangingAttribute" name="PROD_CATEGORY" id="880F4315-B64D-2AD1-63CB-D9B9EEFF153F">
<createdTime>2020-07-14 18:59:07 UTC</createdTime>
<ownerDesignName>all_schemas</ownerDesignName>
<attribute>8C0ADBE6-AB63-0152-E200-3333FCE771AC</attribute>
<classification>USER</classification>
<indexed>false</indexed>
<type>NONE</type>
</descrAttribute>
<descrAttribute class="oracle.dbtools.crest.model.design.multidimensional.SlowChangingAttribute" name="PROD_CATEGORY_DESC" id="ED7F9CCB-96B6-4288-BA05-828CDB1B1E08">
<createdTime>2020-07-14 18:59:07 UTC</createdTime>
<ownerDesignName>all_schemas</ownerDesignName>
<attribute>B5CA24D0-A7D6-BC19-8006-E2310998A619</attribute>
<classification>USER</classification>
<indexed>false</indexed>
<type>NONE</type>
</descrAttribute>
</descriptiveAttributes>
</Level>