<?xml version = '1.0' encoding = 'UTF-8'?>
<Level class="oracle.dbtools.crest.model.design.multidimensional.Level" name="GEOG_TOTAL" directorySegmentName="seg_0" id="3C3377A0-2083-5999-DBFA-0BF1A6989455">
<createdBy>pstoyano</createdBy>
<createdTime>2009-07-01 16:57:26 UTC</createdTime>
<generatorID>D9A5FE5D-BCB9-CA6F-D945-DDAA7D518CBD</generatorID>
<ownerDesignName>all_schemas</ownerDesignName>
<nameInOracleAW>GEOG_TOTAL</nameInOracleAW>
<levelEntity>0458E227-9F36-6BB1-E4D2-A2272E418861</levelEntity>
<rootIdentification>ParentIsBlankSelfOrMissing</rootIdentification>
<valueBasedHierarchy>false</valueBasedHierarchy>
<oraAWAttributes class="oracle.dbtools.crest.model.design.multidimensional.Level$OraAWAttributes">
</oraAWAttributes>
<levelKey>
<attribute>32EA144A-EC25-8A11-EA99-54ABD441FCA0</attribute>
</levelKey>
<descriptiveAttributes>
<descrAttribute class="oracle.dbtools.crest.model.design.multidimensional.SlowChangingAttribute" name="COUNTRY_TOTAL" id="BCD8A0AF-F1B8-221C-760E-ACE88312E7BF">
<createdTime>2020-07-14 18:59:07 UTC</createdTime>
<ownerDesignName>all_schemas</ownerDesignName>
<attribute>9D2EA852-7236-9A9D-93C8-BC172F01F122</attribute>
<classification>USER</classification>
<indexed>false</indexed>
<type>NONE</type>
</descrAttribute>
</descriptiveAttributes>
</Level>