<?xml version = '1.0' encoding = 'UTF-8'?>
<Level class="oracle.dbtools.crest.model.design.multidimensional.Level" name="FIS_MONTH" directorySegmentName="seg_0" id="42CA8DC0-2A8B-D819-1403-8C991BBAC87C">
<createdBy>pstoyano</createdBy>
<createdTime>2009-07-01 16:57:26 UTC</createdTime>
<generatorID>20744022-A78C-33C8-3C54-23C5F1F45B17</generatorID>
<ownerDesignName>all_schemas</ownerDesignName>
<nameInOracleAW>FIS_MONTH</nameInOracleAW>
<levelEntity>AA211A68-F484-5A49-F686-76FAC2A16607</levelEntity>
<rootIdentification>ParentIsBlankSelfOrMissing</rootIdentification>
<valueBasedHierarchy>false</valueBasedHierarchy>
<oraAWAttributes class="oracle.dbtools.crest.model.design.multidimensional.Level$OraAWAttributes">
</oraAWAttributes>
<levelKey>
<attribute>B2811437-8220-A8BE-DBFD-E06C79C1D526</attribute>
</levelKey>
<descriptiveAttributes>
<descrAttribute class="oracle.dbtools.crest.model.design.multidimensional.SlowChangingAttribute" name="FISCAL_MONTH_NUMBER" id="796AFA8E-EF8A-1E71-0E0D-5638126E6111">
<createdTime>2020-07-14 18:59:07 UTC</createdTime>
<ownerDesignName>all_schemas</ownerDesignName>
<attribute>494CBAE4-9335-CD95-8F87-54F9009C8CFF</attribute>
<classification>USER</classification>
<indexed>false</indexed>
<type>NONE</type>
</descrAttribute>
<descrAttribute class="oracle.dbtools.crest.model.design.multidimensional.SlowChangingAttribute" name="FISCAL_MONTH_DESC" id="424944D4-A44F-38B3-A780-D55C63CA8034">
<createdTime>2020-07-14 18:59:07 UTC</createdTime>
<ownerDesignName>all_schemas</ownerDesignName>
<attribute>69665B4D-FD03-0401-6628-8512A7E391B1</attribute>
<classification>USER</classification>
<indexed>false</indexed>
<type>NONE</type>
</descrAttribute>
<descrAttribute class="oracle.dbtools.crest.model.design.multidimensional.SlowChangingAttribute" name="DAYS_IN_FIS_MONTH" id="FB13BC3B-BB8E-F6E4-30EF-B08033DED346">
<createdTime>2020-07-14 18:59:07 UTC</createdTime>
<ownerDesignName>all_schemas</ownerDesignName>
<attribute>841337D7-6A58-4BAA-CAC5-4162E1FAD186</attribute>
<classification>USER</classification>
<indexed>false</indexed>
<type>NONE</type>
</descrAttribute>
<descrAttribute class="oracle.dbtools.crest.model.design.multidimensional.SlowChangingAttribute" name="END_OF_FIS_MONTH" id="DC0C0071-5E26-64B4-FCB6-A26A177D2ED8">
<createdTime>2020-07-14 18:59:07 UTC</createdTime>
<ownerDesignName>all_schemas</ownerDesignName>
<attribute>5479B391-73E4-5DBF-2743-12383D66349A</attribute>
<classification>USER</classification>
<indexed>false</indexed>
<type>NONE</type>
</descrAttribute>
<descrAttribute class="oracle.dbtools.crest.model.design.multidimensional.SlowChangingAttribute" name="FISCAL_MONTH_NAME" id="E47342C7-EF51-B9B6-E2CC-6B54BF282FA3">
<createdTime>2020-07-14 18:59:07 UTC</createdTime>
<ownerDesignName>all_schemas</ownerDesignName>
<attribute>2C3C8F0C-679D-AB46-D4FF-BF7CDB8161DF</attribute>
<classification>USER</classification>
<indexed>false</indexed>
<type>NONE</type>
</descrAttribute>
</descriptiveAttributes>
</Level>