<?xml version = '1.0' encoding = 'UTF-8'?>
<Level class="oracle.dbtools.crest.model.design.multidimensional.Level" name="CHANNEL_CLASS" directorySegmentName="seg_0" id="4367EBFC-5AFF-0D29-D038-797BE5FD62AD">
<createdBy>pstoyano</createdBy>
<createdTime>2009-07-01 16:57:26 UTC</createdTime>
<generatorID>403FCA49-1422-223F-EC2D-4002AD3A7A27</generatorID>
<ownerDesignName>all_schemas</ownerDesignName>
<nameInOracleAW>CHANNEL_CLASS</nameInOracleAW>
<levelEntity>96DAFB64-EF0D-4E31-A75F-E1C12B05DDE4</levelEntity>
<rootIdentification>ParentIsBlankSelfOrMissing</rootIdentification>
<valueBasedHierarchy>false</valueBasedHierarchy>
<oraAWAttributes class="oracle.dbtools.crest.model.design.multidimensional.Level$OraAWAttributes">
</oraAWAttributes>
<levelKey>
<attribute>3145A1BA-C206-F061-9FB6-07C8D2FCC77D</attribute>
</levelKey>
<descriptiveAttributes>
<descrAttribute class="oracle.dbtools.crest.model.design.multidimensional.SlowChangingAttribute" name="CHANNEL_CLASS" id="DABF8FE5-B3B2-8FD7-B2F3-6CF67127FCD2">
<createdTime>2020-07-14 18:59:07 UTC</createdTime>
<ownerDesignName>all_schemas</ownerDesignName>
<attribute>DFEDFABA-A54B-BF5A-22D5-EFE57986B41E</attribute>
<classification>USER</classification>
<indexed>false</indexed>
<type>NONE</type>
</descrAttribute>
</descriptiveAttributes>
</Level>