<?xml version = '1.0' encoding = 'UTF-8'?>
<Level class="oracle.dbtools.crest.model.design.multidimensional.Level" name="REGION" directorySegmentName="seg_0" id="534A5CB4-C3E6-E70F-CC97-ED382BD5EDE2">
<createdBy>pstoyano</createdBy>
<createdTime>2009-07-01 16:57:26 UTC</createdTime>
<generatorID>9F534CB7-B8E6-C30C-D804-F0F01C214E5A</generatorID>
<ownerDesignName>all_schemas</ownerDesignName>
<nameInOracleAW>REGION</nameInOracleAW>
<levelEntity>0458E227-9F36-6BB1-E4D2-A2272E418861</levelEntity>
<rootIdentification>ParentIsBlankSelfOrMissing</rootIdentification>
<valueBasedHierarchy>false</valueBasedHierarchy>
<oraAWAttributes class="oracle.dbtools.crest.model.design.multidimensional.Level$OraAWAttributes">
</oraAWAttributes>
<levelKey>
<attribute>E2804AA2-00A1-E462-486D-916E6883612A</attribute>
</levelKey>
<descriptiveAttributes>
<descrAttribute class="oracle.dbtools.crest.model.design.multidimensional.SlowChangingAttribute" name="COUNTRY_REGION" id="935E906E-11AE-FD30-6C9D-DF73604E2025">
<createdTime>2020-07-14 18:59:07 UTC</createdTime>
<ownerDesignName>all_schemas</ownerDesignName>
<attribute>7E751F2B-C43F-814D-DE03-C18C6AC02EE1</attribute>
<classification>USER</classification>
<indexed>false</indexed>
<type>NONE</type>
</descrAttribute>
</descriptiveAttributes>
</Level>