<?xml version = '1.0' encoding = 'UTF-8'?>
<Level class="oracle.dbtools.crest.model.design.multidimensional.Level" name="FIS_WEEK" directorySegmentName="seg_0" id="5D389105-AB52-19C5-22D2-EFB0FF030D1E">
<createdBy>pstoyano</createdBy>
<createdTime>2009-07-01 16:57:26 UTC</createdTime>
<generatorID>AD82AB1C-5EDC-09B0-F2B3-84B43E559AC5</generatorID>
<ownerDesignName>all_schemas</ownerDesignName>
<nameInOracleAW>FIS_WEEK</nameInOracleAW>
<levelEntity>AA211A68-F484-5A49-F686-76FAC2A16607</levelEntity>
<rootIdentification>ParentIsBlankSelfOrMissing</rootIdentification>
<valueBasedHierarchy>false</valueBasedHierarchy>
<oraAWAttributes class="oracle.dbtools.crest.model.design.multidimensional.Level$OraAWAttributes">
</oraAWAttributes>
<levelKey>
<attribute>7934268B-DE23-0640-FAFC-47AB19FF5BED</attribute>
</levelKey>
<descriptiveAttributes>
<descrAttribute class="oracle.dbtools.crest.model.design.multidimensional.SlowChangingAttribute" name="FISCAL_WEEK_NUMBER" id="8814BB94-CD2C-EF5C-7841-614CAC48A16A">
<createdTime>2020-07-14 18:59:07 UTC</createdTime>
<ownerDesignName>all_schemas</ownerDesignName>
<attribute>81C866BA-05F8-285D-B1E1-B236F581040B</attribute>
<classification>USER</classification>
<indexed>false</indexed>
<type>NONE</type>
</descrAttribute>
<descrAttribute class="oracle.dbtools.crest.model.design.multidimensional.SlowChangingAttribute" name="WEEK_ENDING_DAY" id="E5237B01-F393-8042-8ACE-D0E37BD966D1">
<createdTime>2020-07-14 18:59:07 UTC</createdTime>
<ownerDesignName>all_schemas</ownerDesignName>
<attribute>E322BA11-C322-7C2E-1AD5-F474ABBE203E</attribute>
<classification>USER</classification>
<indexed>false</indexed>
<type>NONE</type>
</descrAttribute>
</descriptiveAttributes>
</Level>