<?xml version = '1.0' encoding = 'UTF-8'?>
<Level class="oracle.dbtools.crest.model.design.multidimensional.Level" name="CATEGORYv2" directorySegmentName="seg_0" id="626D2171-38DA-357B-BD61-0FAFBD55EED9">
<createdBy>pstoyano</createdBy>
<createdTime>2009-07-01 16:57:26 UTC</createdTime>
<generatorID>8E053D69-B69B-02D2-638C-13037407C3A6</generatorID>
<ownerDesignName>all_schemas</ownerDesignName>
<nameInOracleAW>CATEGORY</nameInOracleAW>
<levelEntity>30C0AE06-ECE8-9E9F-BBA9-F2EBDBE6B18D</levelEntity>
<rootIdentification>ParentIsBlankSelfOrMissing</rootIdentification>
<valueBasedHierarchy>false</valueBasedHierarchy>
<oraAWAttributes class="oracle.dbtools.crest.model.design.multidimensional.Level$OraAWAttributes">
</oraAWAttributes>
<levelKey>
<attribute>59D7F494-A00F-F70F-1FCE-B75065ED8E57</attribute>
</levelKey>
<descriptiveAttributes>
<descrAttribute class="oracle.dbtools.crest.model.design.multidimensional.SlowChangingAttribute" name="PROMO_CATEGORY" id="E4917D3F-956F-3085-0163-7E0C78EC66BC">
<createdTime>2020-07-14 18:59:07 UTC</createdTime>
<ownerDesignName>all_schemas</ownerDesignName>
<attribute>46C6D785-3430-E067-0F75-0F26C7353A8F</attribute>
<classification>USER</classification>
<indexed>false</indexed>
<type>NONE</type>
</descrAttribute>
</descriptiveAttributes>
</Level>