<?xml version = '1.0' encoding = 'UTF-8'?>
<Level class="oracle.dbtools.crest.model.design.multidimensional.Level" name="STATE" directorySegmentName="seg_0" id="6BEA9087-31E9-3091-28D5-A4D3D0A410E2">
<createdBy>pstoyano</createdBy>
<createdTime>2009-07-01 16:57:26 UTC</createdTime>
<generatorID>331462E5-8622-4DFD-8F84-E7DE37D13F4A</generatorID>
<ownerDesignName>all_schemas</ownerDesignName>
<nameInOracleAW>STATE</nameInOracleAW>
<levelEntity>B6669596-127B-3B0F-4401-560316C063E4</levelEntity>
<rootIdentification>ParentIsBlankSelfOrMissing</rootIdentification>
<valueBasedHierarchy>false</valueBasedHierarchy>
<oraAWAttributes class="oracle.dbtools.crest.model.design.multidimensional.Level$OraAWAttributes">
</oraAWAttributes>
<levelKey>
<attribute>4E04F3EC-DCBA-3B67-6557-7698698816C8</attribute>
</levelKey>
<descriptiveAttributes>
<descrAttribute class="oracle.dbtools.crest.model.design.multidimensional.SlowChangingAttribute" name="CUST_STATE_PROVINCE" id="E6A783AB-CFD4-A0D3-1E79-C1422C86FE33">
<createdTime>2020-07-14 18:59:07 UTC</createdTime>
<ownerDesignName>all_schemas</ownerDesignName>
<attribute>6A31EB99-8DF7-BD05-5EE2-3AC312EABC76</attribute>
<classification>USER</classification>
<indexed>false</indexed>
<type>NONE</type>
</descrAttribute>
</descriptiveAttributes>
</Level>