<?xml version = '1.0' encoding = 'UTF-8'?>
<Level class="oracle.dbtools.crest.model.design.multidimensional.Level" name="SUBCATEGORY" directorySegmentName="seg_0" id="83C2E0DB-3797-C38D-174F-6263816FE65C">
<createdBy>pstoyano</createdBy>
<createdTime>2009-07-01 16:57:26 UTC</createdTime>
<generatorID>E25A3A7D-6F53-8C16-70E7-F709E1E12EB0</generatorID>
<ownerDesignName>all_schemas</ownerDesignName>
<nameInOracleAW>SUBCATEGORY</nameInOracleAW>
<levelEntity>7DDBC3B3-89AC-983C-3DEB-94DE01717E43</levelEntity>
<rootIdentification>ParentIsBlankSelfOrMissing</rootIdentification>
<valueBasedHierarchy>false</valueBasedHierarchy>
<oraAWAttributes class="oracle.dbtools.crest.model.design.multidimensional.Level$OraAWAttributes">
</oraAWAttributes>
<levelKey>
<attribute>F7100F9F-4951-9A29-549E-9A98C4EE42A1</attribute>
</levelKey>
<descriptiveAttributes>
<descrAttribute class="oracle.dbtools.crest.model.design.multidimensional.SlowChangingAttribute" name="PROD_SUBCATEGORY" id="8B580B18-CA08-2AA5-B2DA-A0EA9B75878F">
<createdTime>2020-07-14 18:59:07 UTC</createdTime>
<ownerDesignName>all_schemas</ownerDesignName>
<attribute>510DDF3A-A27E-96EB-D50D-71C106FFBCFA</attribute>
<classification>USER</classification>
<indexed>false</indexed>
<type>NONE</type>
</descrAttribute>
<descrAttribute class="oracle.dbtools.crest.model.design.multidimensional.SlowChangingAttribute" name="PROD_SUBCATEGORY_DESC" id="2EA3DAE8-F274-D667-C890-EFBF7633E1A2">
<createdTime>2020-07-14 18:59:07 UTC</createdTime>
<ownerDesignName>all_schemas</ownerDesignName>
<attribute>1426B0A5-E9E1-3CEB-F0B3-7C35EF69C70A</attribute>
<classification>USER</classification>
<indexed>false</indexed>
<type>NONE</type>
</descrAttribute>
</descriptiveAttributes>
</Level>