<?xml version = '1.0' encoding = 'UTF-8'?>
<Level class="oracle.dbtools.crest.model.design.multidimensional.Level" name="DAY" directorySegmentName="seg_0" id="85E28C5C-D5C5-5826-97F3-73CF4F1C9920">
<createdBy>pstoyano</createdBy>
<createdTime>2009-07-01 16:57:26 UTC</createdTime>
<generatorID>E0551803-F1B4-817D-0452-56DEEB711B25</generatorID>
<ownerDesignName>all_schemas</ownerDesignName>
<nameInOracleAW>DAY</nameInOracleAW>
<levelEntity>AA211A68-F484-5A49-F686-76FAC2A16607</levelEntity>
<rootIdentification>ParentIsBlankSelfOrMissing</rootIdentification>
<valueBasedHierarchy>false</valueBasedHierarchy>
<oraAWAttributes class="oracle.dbtools.crest.model.design.multidimensional.Level$OraAWAttributes">
</oraAWAttributes>
<levelKey>
<attribute>D6DBBA06-172C-AEE1-357F-1701351CBAF7</attribute>
</levelKey>
<descriptiveAttributes>
<descrAttribute class="oracle.dbtools.crest.model.design.multidimensional.SlowChangingAttribute" name="DAY_NAME" id="870CAA21-95F6-B4D4-FE65-77B939B08F12">
<createdTime>2020-07-14 18:59:07 UTC</createdTime>
<ownerDesignName>all_schemas</ownerDesignName>
<attribute>3AC9709A-CBE0-C7F5-1C8A-28617A17E5D5</attribute>
<classification>USER</classification>
<indexed>false</indexed>
<type>NONE</type>
</descrAttribute>
<descrAttribute class="oracle.dbtools.crest.model.design.multidimensional.SlowChangingAttribute" name="DAY_NUMBER_IN_WEEK" id="EB751C9B-0E89-25F3-5FF5-767D78E35FDD">
<createdTime>2020-07-14 18:59:07 UTC</createdTime>
<ownerDesignName>all_schemas</ownerDesignName>
<attribute>0EA09968-0701-5598-0E65-68F1E497C904</attribute>
<classification>USER</classification>
<indexed>false</indexed>
<type>NONE</type>
</descrAttribute>
<descrAttribute class="oracle.dbtools.crest.model.design.multidimensional.SlowChangingAttribute" name="DAY_NUMBER_IN_MONTH" id="1C0ADF16-5F41-17D2-9816-63B80DC05711">
<createdTime>2020-07-14 18:59:07 UTC</createdTime>
<ownerDesignName>all_schemas</ownerDesignName>
<attribute>84925AEB-DCFA-020C-BC80-94CD173FBFB1</attribute>
<classification>USER</classification>
<indexed>false</indexed>
<type>NONE</type>
</descrAttribute>
<descrAttribute class="oracle.dbtools.crest.model.design.multidimensional.SlowChangingAttribute" name="CALENDAR_WEEK_NUMBER" id="D1AB2554-47D6-2C38-9D0A-807C562A5D98">
<createdTime>2020-07-14 18:59:07 UTC</createdTime>
<ownerDesignName>all_schemas</ownerDesignName>
<attribute>89D33F10-7662-EF0D-8D93-07B051C7C3CD</attribute>
<classification>USER</classification>
<indexed>false</indexed>
<type>NONE</type>
</descrAttribute>
</descriptiveAttributes>
</Level>