<?xml version = '1.0' encoding = 'UTF-8'?>
<Level class="oracle.dbtools.crest.model.design.multidimensional.Level" name="PROMO" directorySegmentName="seg_0" id="88F09BD9-29D5-B89D-16DD-6090B802988B">
<createdBy>pstoyano</createdBy>
<createdTime>2009-07-01 16:57:26 UTC</createdTime>
<generatorID>447519C8-5838-4B41-6C7C-2867460C3B45</generatorID>
<ownerDesignName>all_schemas</ownerDesignName>
<nameInOracleAW>PROMO</nameInOracleAW>
<levelEntity>30C0AE06-ECE8-9E9F-BBA9-F2EBDBE6B18D</levelEntity>
<rootIdentification>ParentIsBlankSelfOrMissing</rootIdentification>
<valueBasedHierarchy>false</valueBasedHierarchy>
<oraAWAttributes class="oracle.dbtools.crest.model.design.multidimensional.Level$OraAWAttributes">
</oraAWAttributes>
<levelKey>
<attribute>DF3AB723-B0A2-7320-E8D3-3AC82F56A2E8</attribute>
</levelKey>
<descriptiveAttributes>
<descrAttribute class="oracle.dbtools.crest.model.design.multidimensional.SlowChangingAttribute" name="PROMO_NAME" id="E09F8B8D-A4A7-0F30-21D0-AA9C385EA9A9">
<createdTime>2020-07-14 18:59:07 UTC</createdTime>
<ownerDesignName>all_schemas</ownerDesignName>
<attribute>477F0B86-9260-8210-60CF-F050098A2EAB</attribute>
<classification>USER</classification>
<indexed>false</indexed>
<type>NONE</type>
</descrAttribute>
<descrAttribute class="oracle.dbtools.crest.model.design.multidimensional.SlowChangingAttribute" name="PROMO_COST" id="21DCFADD-3BC9-0982-82BD-4B4FB00293E5">
<createdTime>2020-07-14 18:59:07 UTC</createdTime>
<ownerDesignName>all_schemas</ownerDesignName>
<attribute>C81FC6ED-D633-7F38-9E88-B83F770DBC56</attribute>
<classification>USER</classification>
<indexed>false</indexed>
<type>NONE</type>
</descrAttribute>
<descrAttribute class="oracle.dbtools.crest.model.design.multidimensional.SlowChangingAttribute" name="PROMO_BEGIN_DATE" id="00532D7D-F026-5E82-B3FF-F4BA8B497836">
<createdTime>2020-07-14 18:59:07 UTC</createdTime>
<ownerDesignName>all_schemas</ownerDesignName>
<attribute>6045CA3B-2402-4FD4-2A44-0594E385E177</attribute>
<classification>USER</classification>
<indexed>false</indexed>
<type>NONE</type>
</descrAttribute>
<descrAttribute class="oracle.dbtools.crest.model.design.multidimensional.SlowChangingAttribute" name="PROMO_END_DATE" id="8FCC55AA-365E-832E-138B-B18E2DE34F65">
<createdTime>2020-07-14 18:59:07 UTC</createdTime>
<ownerDesignName>all_schemas</ownerDesignName>
<attribute>38DC2DA7-D267-FBAF-7D95-08F4019B2623</attribute>
<classification>USER</classification>
<indexed>false</indexed>
<type>NONE</type>
</descrAttribute>
</descriptiveAttributes>
</Level>