<?xml version = '1.0' encoding = 'UTF-8'?>
<Level class="oracle.dbtools.crest.model.design.multidimensional.Level" name="SUBREGION" directorySegmentName="seg_0" id="8CA0E9BB-27B9-726C-D139-47A27E647754">
<createdBy>pstoyano</createdBy>
<createdTime>2009-07-01 16:57:26 UTC</createdTime>
<generatorID>35E99135-504D-A627-2A52-FFD2973C49F4</generatorID>
<ownerDesignName>all_schemas</ownerDesignName>
<nameInOracleAW>SUBREGION</nameInOracleAW>
<levelEntity>0458E227-9F36-6BB1-E4D2-A2272E418861</levelEntity>
<rootIdentification>ParentIsBlankSelfOrMissing</rootIdentification>
<valueBasedHierarchy>false</valueBasedHierarchy>
<oraAWAttributes class="oracle.dbtools.crest.model.design.multidimensional.Level$OraAWAttributes">
</oraAWAttributes>
<levelKey>
<attribute>E1189B33-9D9B-BF08-F155-6927A3FB88B4</attribute>
</levelKey>
<descriptiveAttributes>
<descrAttribute class="oracle.dbtools.crest.model.design.multidimensional.SlowChangingAttribute" name="COUNTRY_SUBREGION" id="A69A2759-C6A7-396F-8A25-D41F6C42864A">
<createdTime>2020-07-14 18:59:07 UTC</createdTime>
<ownerDesignName>all_schemas</ownerDesignName>
<attribute>8FAA736B-28A0-7BCE-FF0D-682EB538EDFC</attribute>
<classification>USER</classification>
<indexed>false</indexed>
<type>NONE</type>
</descrAttribute>
</descriptiveAttributes>
</Level>