<?xml version = '1.0' encoding = 'UTF-8'?>
<Level class="oracle.dbtools.crest.model.design.multidimensional.Level" name="PROD_TOTAL" directorySegmentName="seg_0" id="9B41BA28-4F86-8010-01D8-722E7B4547C6">
<createdBy>pstoyano</createdBy>
<createdTime>2009-07-01 16:57:26 UTC</createdTime>
<generatorID>C08035D0-256B-4C98-6841-C526A20E7FAF</generatorID>
<ownerDesignName>all_schemas</ownerDesignName>
<nameInOracleAW>PROD_TOTAL</nameInOracleAW>
<levelEntity>7DDBC3B3-89AC-983C-3DEB-94DE01717E43</levelEntity>
<rootIdentification>ParentIsBlankSelfOrMissing</rootIdentification>
<valueBasedHierarchy>false</valueBasedHierarchy>
<oraAWAttributes class="oracle.dbtools.crest.model.design.multidimensional.Level$OraAWAttributes">
</oraAWAttributes>
<levelKey>
<attribute>C3DD22D3-3510-D6D2-FAA9-B5C5E2C7A6C6</attribute>
</levelKey>
<descriptiveAttributes>
<descrAttribute class="oracle.dbtools.crest.model.design.multidimensional.SlowChangingAttribute" name="PROD_TOTAL" id="A1653E82-29C9-32A2-B088-A8778D28BDB2">
<createdTime>2020-07-14 18:59:07 UTC</createdTime>
<ownerDesignName>all_schemas</ownerDesignName>
<attribute>00C31E49-0710-A2DC-FD7F-15B4372C8C5D</attribute>
<classification>USER</classification>
<indexed>false</indexed>
<type>NONE</type>
</descrAttribute>
</descriptiveAttributes>
</Level>