<?xml version = '1.0' encoding = 'UTF-8'?>
<Level class="oracle.dbtools.crest.model.design.multidimensional.Level" name="PROMO_TOTAL" directorySegmentName="seg_0" id="9E2C9ECE-8500-B808-D6A7-B45796F44B4F">
<createdBy>pstoyano</createdBy>
<createdTime>2009-07-01 16:57:26 UTC</createdTime>
<generatorID>7E080047-C307-F6B5-4EBD-81780CD654F1</generatorID>
<ownerDesignName>all_schemas</ownerDesignName>
<nameInOracleAW>PROMO_TOTAL</nameInOracleAW>
<levelEntity>30C0AE06-ECE8-9E9F-BBA9-F2EBDBE6B18D</levelEntity>
<rootIdentification>ParentIsBlankSelfOrMissing</rootIdentification>
<valueBasedHierarchy>false</valueBasedHierarchy>
<oraAWAttributes class="oracle.dbtools.crest.model.design.multidimensional.Level$OraAWAttributes">
</oraAWAttributes>
<levelKey>
<attribute>8FA40E76-A1B3-B209-22EB-BD1CCDE4E868</attribute>
</levelKey>
<descriptiveAttributes>
<descrAttribute class="oracle.dbtools.crest.model.design.multidimensional.SlowChangingAttribute" name="PROMO_TOTAL" id="37DD3090-C2CD-DD56-245A-8E094A211281">
<createdTime>2020-07-14 18:59:07 UTC</createdTime>
<ownerDesignName>all_schemas</ownerDesignName>
<attribute>B47B2D63-6979-B45D-753F-E19AC9EF20E0</attribute>
<classification>USER</classification>
<indexed>false</indexed>
<type>NONE</type>
</descrAttribute>
</descriptiveAttributes>
</Level>