<?xml version = '1.0' encoding = 'UTF-8'?>
<Level class="oracle.dbtools.crest.model.design.multidimensional.Level" name="SUBCATEGORYv2" directorySegmentName="seg_0" id="B0452568-6836-9E89-75EE-DA30408BDB1D">
<createdBy>pstoyano</createdBy>
<createdTime>2009-07-01 16:57:26 UTC</createdTime>
<generatorID>78735BA6-6418-F041-825A-E3480FE0AF6E</generatorID>
<ownerDesignName>all_schemas</ownerDesignName>
<nameInOracleAW>SUBCATEGORY</nameInOracleAW>
<levelEntity>30C0AE06-ECE8-9E9F-BBA9-F2EBDBE6B18D</levelEntity>
<rootIdentification>ParentIsBlankSelfOrMissing</rootIdentification>
<valueBasedHierarchy>false</valueBasedHierarchy>
<oraAWAttributes class="oracle.dbtools.crest.model.design.multidimensional.Level$OraAWAttributes">
</oraAWAttributes>
<levelKey>
<attribute>BFE3C441-5263-2AB8-C7EB-7CAA62DEB70C</attribute>
</levelKey>
<descriptiveAttributes>
<descrAttribute class="oracle.dbtools.crest.model.design.multidimensional.SlowChangingAttribute" name="PROMO_SUBCATEGORY" id="304D1FCE-8461-8607-8BEB-340A5849BBE6">
<createdTime>2020-07-14 18:59:07 UTC</createdTime>
<ownerDesignName>all_schemas</ownerDesignName>
<attribute>64118B83-498C-FBA9-E7AD-211283E12889</attribute>
<classification>USER</classification>
<indexed>false</indexed>
<type>NONE</type>
</descrAttribute>
</descriptiveAttributes>
</Level>