<?xml version = '1.0' encoding = 'UTF-8'?>
<Level class="oracle.dbtools.crest.model.design.multidimensional.Level" name="YEAR" directorySegmentName="seg_0" id="C240EDFC-619A-3C19-257D-C8FDB5F20711">
<createdBy>pstoyano</createdBy>
<createdTime>2009-07-01 16:57:26 UTC</createdTime>
<generatorID>CFFF20A3-57D5-8E02-E46B-E5C2D4F9211B</generatorID>
<ownerDesignName>all_schemas</ownerDesignName>
<nameInOracleAW>YEAR</nameInOracleAW>
<levelEntity>AA211A68-F484-5A49-F686-76FAC2A16607</levelEntity>
<rootIdentification>ParentIsBlankSelfOrMissing</rootIdentification>
<valueBasedHierarchy>false</valueBasedHierarchy>
<oraAWAttributes class="oracle.dbtools.crest.model.design.multidimensional.Level$OraAWAttributes">
</oraAWAttributes>
<levelKey>
<attribute>31087E55-992C-7268-570B-B2F00E717AEE</attribute>
</levelKey>
<descriptiveAttributes>
<descrAttribute class="oracle.dbtools.crest.model.design.multidimensional.SlowChangingAttribute" name="CALENDAR_YEAR" id="7F702BD8-41C6-AC2E-D810-657BB620DBD8">
<createdTime>2020-07-14 18:59:07 UTC</createdTime>
<ownerDesignName>all_schemas</ownerDesignName>
<attribute>E8EFD610-4A0E-3E10-CC1C-4015B67A73F6</attribute>
<classification>USER</classification>
<indexed>false</indexed>
<type>NONE</type>
</descrAttribute>
<descrAttribute class="oracle.dbtools.crest.model.design.multidimensional.SlowChangingAttribute" name="DAYS_IN_CAL_YEAR" id="1A5A9BA8-D454-BC3B-9E07-BF13E774E8AD">
<createdTime>2020-07-14 18:59:07 UTC</createdTime>
<ownerDesignName>all_schemas</ownerDesignName>
<attribute>2A469381-6085-3E5C-1D09-102ED8C54D69</attribute>
<classification>USER</classification>
<indexed>false</indexed>
<type>NONE</type>
</descrAttribute>
<descrAttribute class="oracle.dbtools.crest.model.design.multidimensional.SlowChangingAttribute" name="END_OF_CAL_YEAR" id="0044FBD3-5AE1-38A8-2C6B-8075181FDBD0">
<createdTime>2020-07-14 18:59:07 UTC</createdTime>
<ownerDesignName>all_schemas</ownerDesignName>
<attribute>8F30F048-10D5-C559-A94B-A7F0BC3F5EAF</attribute>
<classification>USER</classification>
<indexed>false</indexed>
<type>NONE</type>
</descrAttribute>
</descriptiveAttributes>
</Level>