<?xml version = '1.0' encoding = 'UTF-8'?>
<Level class="oracle.dbtools.crest.model.design.multidimensional.Level" name="FIS_YEAR" directorySegmentName="seg_0" id="DC816819-8909-DFB0-63DD-E6C6A5BBC52D">
<createdBy>pstoyano</createdBy>
<createdTime>2009-07-01 16:57:26 UTC</createdTime>
<generatorID>E3B16F50-FB42-14A9-8F0C-DEA1B66CEE43</generatorID>
<ownerDesignName>all_schemas</ownerDesignName>
<nameInOracleAW>FIS_YEAR</nameInOracleAW>
<levelEntity>AA211A68-F484-5A49-F686-76FAC2A16607</levelEntity>
<rootIdentification>ParentIsBlankSelfOrMissing</rootIdentification>
<valueBasedHierarchy>false</valueBasedHierarchy>
<oraAWAttributes class="oracle.dbtools.crest.model.design.multidimensional.Level$OraAWAttributes">
</oraAWAttributes>
<levelKey>
<attribute>9332F23A-C3C0-2CE1-75D9-3444F10AC11B</attribute>
</levelKey>
<descriptiveAttributes>
<descrAttribute class="oracle.dbtools.crest.model.design.multidimensional.SlowChangingAttribute" name="FISCAL_YEAR" id="9E5CCAE9-5C03-ACB3-9D41-CFDBB7EB25F3">
<createdTime>2020-07-14 18:59:07 UTC</createdTime>
<ownerDesignName>all_schemas</ownerDesignName>
<attribute>F8D4514C-BFA6-1303-EDAA-43A2FC865CFF</attribute>
<classification>USER</classification>
<indexed>false</indexed>
<type>NONE</type>
</descrAttribute>
<descrAttribute class="oracle.dbtools.crest.model.design.multidimensional.SlowChangingAttribute" name="DAYS_IN_FIS_YEAR" id="7B018F0D-C45E-1E15-FA1F-50302ED54039">
<createdTime>2020-07-14 18:59:07 UTC</createdTime>
<ownerDesignName>all_schemas</ownerDesignName>
<attribute>0C87BD30-38E4-F51B-06CA-8D33E971248A</attribute>
<classification>USER</classification>
<indexed>false</indexed>
<type>NONE</type>
</descrAttribute>
<descrAttribute class="oracle.dbtools.crest.model.design.multidimensional.SlowChangingAttribute" name="END_OF_FIS_YEAR" id="7311B3BA-ADDA-41A1-F632-B053A981E8F6">
<createdTime>2020-07-14 18:59:07 UTC</createdTime>
<ownerDesignName>all_schemas</ownerDesignName>
<attribute>514B6DD4-0137-0901-545D-34C77004F5D0</attribute>
<classification>USER</classification>
<indexed>false</indexed>
<type>NONE</type>
</descrAttribute>
</descriptiveAttributes>
</Level>