<?xml version = '1.0' encoding = 'UTF-8'?>
<Level class="oracle.dbtools.crest.model.design.multidimensional.Level" name="CHANNEL" directorySegmentName="seg_0" id="E021941E-36BE-D41E-6D11-A5A5E3110432">
<createdBy>pstoyano</createdBy>
<createdTime>2009-07-01 16:57:26 UTC</createdTime>
<generatorID>F9625172-E4B5-B8DE-7573-4E6078583590</generatorID>
<ownerDesignName>all_schemas</ownerDesignName>
<nameInOracleAW>CHANNEL</nameInOracleAW>
<levelEntity>96DAFB64-EF0D-4E31-A75F-E1C12B05DDE4</levelEntity>
<rootIdentification>ParentIsBlankSelfOrMissing</rootIdentification>
<valueBasedHierarchy>false</valueBasedHierarchy>
<oraAWAttributes class="oracle.dbtools.crest.model.design.multidimensional.Level$OraAWAttributes">
</oraAWAttributes>
<levelKey>
<attribute>5B038C94-023D-4540-C474-78E14D175A80</attribute>
</levelKey>
<descriptiveAttributes>
<descrAttribute class="oracle.dbtools.crest.model.design.multidimensional.SlowChangingAttribute" name="CHANNEL_DESC" id="747EF303-5D61-B101-A45E-2D0887CCD949">
<createdTime>2020-07-14 18:59:07 UTC</createdTime>
<ownerDesignName>all_schemas</ownerDesignName>
<attribute>7D4D943A-9950-39EB-7324-99FD8792B11E</attribute>
<classification>USER</classification>
<indexed>false</indexed>
<type>NONE</type>
</descrAttribute>
</descriptiveAttributes>
</Level>