<?xml version = '1.0' encoding = 'UTF-8'?>
<FKIndexAssociation class="oracle.dbtools.crest.model.design.relational.FKIndexAssociation" id="3788F335-B075-CF3B-808E-8BDFF9345396" directorySegmentName="seg_0" name="COUNTR_REG_FK">
   <createdBy>Administrator</createdBy>
   <createdTime>2009-06-20 11:00:25 UTC</createdTime>
   <changedBy>smharper</changedBy>
   <changedTime>2009-06-20 11:00:25 UTC</changedTime>
   <ownerDesignName>HR</ownerDesignName>
   <containerWithKeyObject>08A70725-8D8C-FDE5-9ABC-4C7EAF2AF162</containerWithKeyObject>
   <deleteRule>NO ACTION</deleteRule>
   <localFKIndex>F4BEA952-5B74-1B3C-1349-DCE3A9ACAAA7</localFKIndex>
   <keyObject>06D8541D-7BEF-3162-50F1-3F7293886AB3</keyObject>
   <mandatory>false</mandatory>
   <transferable>true</transferable>
</FKIndexAssociation>