<?xml version = '1.0' encoding = 'UTF-8'?>
<FKIndexAssociation class="oracle.dbtools.crest.model.design.relational.FKIndexAssociation" id="39BED0AC-22C5-2EE4-E49F-C9304525BD92" directorySegmentName="seg_0" name="JHIST_DEPT_FK">
   <createdBy>Administrator</createdBy>
   <createdTime>2009-06-20 11:00:24 UTC</createdTime>
   <changedBy>smharper</changedBy>
   <changedTime>2009-06-20 11:00:24 UTC</changedTime>
   <ownerDesignName>HR</ownerDesignName>
   <containerWithKeyObject>2F01554D-52FC-06CC-2354-41801BC283E7</containerWithKeyObject>
   <deleteRule>NO ACTION</deleteRule>
   <localFKIndex>A3953FB5-0B60-BD6F-FCB9-A58B106CD452</localFKIndex>
   <keyObject>E2C865BE-4C27-129B-5EA0-573E01A7F111</keyObject>
   <mandatory>false</mandatory>
   <transferable>true</transferable>
</FKIndexAssociation>