<?xml version = '1.0' encoding = 'UTF-8'?>
<FKIndexAssociation class="oracle.dbtools.crest.model.design.relational.FKIndexAssociation" id="45A76C93-6630-A51E-B3D1-EB8A5C3AA755" directorySegmentName="seg_0" name="LOC_C_ID_FK">
   <createdBy>Administrator</createdBy>
   <createdTime>2009-06-20 11:00:24 UTC</createdTime>
   <changedBy>smharper</changedBy>
   <changedTime>2009-06-20 11:00:24 UTC</changedTime>
   <ownerDesignName>HR</ownerDesignName>
   <containerWithKeyObject>7F9F1810-B04F-2188-81CF-B05B6FCE4D67</containerWithKeyObject>
   <deleteRule>NO ACTION</deleteRule>
   <localFKIndex>8770A763-99E3-BB77-AA5A-58C8C6A608BD</localFKIndex>
   <keyObject>8FA9C23C-3C57-58F7-5C49-6B83B2B45D51</keyObject>
   <mandatory>false</mandatory>
   <transferable>true</transferable>
</FKIndexAssociation>