<?xml version = '1.0' encoding = 'UTF-8'?>
<FKIndexAssociation class="oracle.dbtools.crest.model.design.relational.FKIndexAssociation" id="895DC9F7-B71F-39C3-AA12-A69FEF5F3B1E" directorySegmentName="seg_0" name="EMP_JOB_FK">
   <createdBy>Administrator</createdBy>
   <createdTime>2009-06-20 11:00:25 UTC</createdTime>
   <changedBy>smharper</changedBy>
   <changedTime>2009-06-20 11:00:25 UTC</changedTime>
   <ownerDesignName>HR</ownerDesignName>
   <containerWithKeyObject>909FCD0F-1410-A06B-AFFB-CAD20B687AFE</containerWithKeyObject>
   <deleteRule>NO ACTION</deleteRule>
   <localFKIndex>2296F5F8-57FF-D0D7-495C-B2712315FE37</localFKIndex>
   <keyObject>CEAAE119-4DDB-B874-F2B2-772F21F1E461</keyObject>
   <mandatory>true</mandatory>
   <transferable>true</transferable>
</FKIndexAssociation>