<?xml version = '1.0' encoding = 'UTF-8'?>
<FKIndexAssociation class="oracle.dbtools.crest.model.design.relational.FKIndexAssociation" id="B71C6BFD-4EFA-5B2B-33D6-40E78B4AE541" directorySegmentName="seg_0" name="EMP_MANAGER_FK">
   <createdBy>Administrator</createdBy>
   <createdTime>2009-06-20 11:00:24 UTC</createdTime>
   <changedBy>smharper</changedBy>
   <changedTime>2009-06-20 11:00:24 UTC</changedTime>
   <ownerDesignName>HR</ownerDesignName>
   <containerWithKeyObject>909FCD0F-1410-A06B-AFFB-CAD20B687AFE</containerWithKeyObject>
   <deleteRule>NO ACTION</deleteRule>
   <localFKIndex>D0EB44B3-0473-A14B-EC59-811C0CBD401F</localFKIndex>
   <keyObject>7E795149-D668-B171-91A2-2206F1FC2B15</keyObject>
   <mandatory>false</mandatory>
   <transferable>true</transferable>
</FKIndexAssociation>