<?xml version = '1.0' encoding = 'UTF-8'?>
<FKIndexAssociation class="oracle.dbtools.crest.model.design.relational.FKIndexAssociation" id="DFEAA925-18D5-468A-1740-DA12947CDB00" directorySegmentName="seg_0" name="JHIST_EMP_FK">
   <createdBy>Administrator</createdBy>
   <createdTime>2009-06-20 11:00:24 UTC</createdTime>
   <changedBy>smharper</changedBy>
   <changedTime>2009-06-20 11:00:24 UTC</changedTime>
   <ownerDesignName>HR</ownerDesignName>
   <containerWithKeyObject>2F01554D-52FC-06CC-2354-41801BC283E7</containerWithKeyObject>
   <deleteRule>NO ACTION</deleteRule>
   <localFKIndex>6A232D41-5EBD-EAAF-09CB-7AB60779082F</localFKIndex>
   <keyObject>7E795149-D668-B171-91A2-2206F1FC2B15</keyObject>
   <mandatory>true</mandatory>
   <transferable>true</transferable>
</FKIndexAssociation>