<?xml version = '1.0' encoding = 'UTF-8'?>
<Diagram class="oracle.dbtools.crest.swingui.logical.DPVLogical" name="Logical" id="45148F80-5D25-11DB-AF29-3AB55B8EA726">
<createdBy>Administrator</createdBy>
<modifiedBy>User</modifiedBy>
<createdTime>2009-05-26 21:08:40 UTC</createdTime>
<autoRoute>false</autoRoute>
<boxInbox>false</boxInbox>
<showLegend>false</showLegend>
<showLabels>false</showLabels>
<showRelAttributes>false</showRelAttributes>
<gridEnabled>false</gridEnabled>
<showGrid>false</showGrid>
<diagramColor>-1</diagramColor>
<display>false</display>
<notation>1</notation>
<objectViews>
<OView class="oracle.dbtools.crest.swingui.logical.TVEntityView" oid="004D7359-6B22-8F65-35C4-E51A9D216B3A" otype="EntityView" vid="220CE51A-D3EF-29F2-D0AA-E84898C9D566">
<hideElementsInCurrentOnly>false</hideElementsInCurrentOnly>
<bounds x="838" y="6089" width="196" height="82"/>
</OView>
<OView class="oracle.dbtools.crest.swingui.logical.TVEntity" oid="0458E227-9F36-6BB1-E4D2-A2272E418861" otype="Entity" vid="9B2C6CE8-8924-9161-D052-2230D1BA5F43">
<hideElementsInCurrentOnly>false</hideElementsInCurrentOnly>
<bounds x="45" y="3250" width="280" height="320"/>
</OView>
<OView class="oracle.dbtools.crest.swingui.logical.TVEntityView" oid="0A13F6E9-AA14-6C07-5477-60FEF01197E2" otype="EntityView" vid="9E6A9CEE-3B39-CB0F-9871-D9E0047C5A4E">
<hideElementsInCurrentOnly>false</hideElementsInCurrentOnly>
<bounds x="1359" y="5746" width="272" height="96"/>
</OView>
<OView class="oracle.dbtools.crest.swingui.logical.TVEntity" oid="0D20F865-FEBE-D80E-920F-3DC76BDC9DE9" otype="Entity" vid="C70F4701-DA2C-A0A5-CE1D-7E482751755C">
<hideElementsInCurrentOnly>false</hideElementsInCurrentOnly>
<bounds x="30" y="458" width="260" height="221"/>
<useDefaultColor>false</useDefaultColor>
<backgroundColor>-13159</backgroundColor>
</OView>
<OView class="oracle.dbtools.crest.swingui.logical.TVEntityView" oid="0E3023AA-CC01-0D0E-674C-8131DE6DBA56" otype="EntityView" vid="B719BABB-63DB-B238-83C8-A40C81C850EB">
<hideElementsInCurrentOnly>false</hideElementsInCurrentOnly>
<bounds x="1104" y="5067" width="329" height="460"/>
</OView>
<OView class="oracle.dbtools.crest.swingui.logical.TVEntityView" oid="16CA2AD3-0148-1489-0EEB-8E072DBCCFB4" otype="EntityView" vid="B9456082-B676-94DA-2CF1-D07A5E8BEB7D">
<hideElementsInCurrentOnly>false</hideElementsInCurrentOnly>
<bounds x="1406" y="6089" width="252" height="67"/>
</OView>
<OView class="oracle.dbtools.crest.swingui.logical.TVEntity" oid="1BEC8F76-898F-0BDB-1AFE-CB36FD643BCF" otype="Entity" vid="66D81BDB-0B56-1ED5-4D24-8BB9E88FDF9F">
<hideElementsInCurrentOnly>false</hideElementsInCurrentOnly>
<bounds x="1637" y="3757" width="280" height="321"/>
</OView>
<OView class="oracle.dbtools.crest.swingui.logical.TVEntityView" oid="20A5467D-72BC-9A62-1CF4-7CA4F6A7B330" otype="EntityView" vid="B33A1428-5E9F-6DA4-E87F-B1633298C97B">
<hideElementsInCurrentOnly>false</hideElementsInCurrentOnly>
<bounds x="732" y="5067" width="322" height="474"/>
</OView>
<OView class="oracle.dbtools.crest.swingui.logical.TVEntity" oid="20C8685B-C3BC-EF71-B9BC-6C994E6C4D21" otype="Entity" vid="9A32ED3E-1F5F-353F-5203-DD5E024E9CC0">
<hideElementsInCurrentOnly>false</hideElementsInCurrentOnly>
<bounds x="405" y="3250" width="280" height="320"/>
</OView>
<OView class="oracle.dbtools.crest.swingui.logical.TVEntityView" oid="297F7117-E6DC-C943-90EE-A61CCA3D5962" otype="EntityView" vid="EF575214-22F8-9351-8D99-B59BD908D4FA">
<hideElementsInCurrentOnly>false</hideElementsInCurrentOnly>
<bounds x="1699" y="5749" width="252" height="100"/>
</OView>
<OView class="oracle.dbtools.crest.swingui.logical.TVEntityView" oid="2B970F55-2B64-0AEC-D504-F7AE2CBC2CB7" otype="EntityView" vid="99CAE66B-0D7E-FD05-A871-07DFFB7889D5">
<hideElementsInCurrentOnly>false</hideElementsInCurrentOnly>
<bounds x="1025" y="5746" width="284" height="124"/>
</OView>
<OView class="oracle.dbtools.crest.swingui.logical.TVEntity" oid="2CADE942-FB52-E1FE-FFDE-DA64DDE05F02" otype="Entity" vid="1D523559-7627-A79E-DF9F-51D1F015B68B">
<hideElementsInCurrentOnly>false</hideElementsInCurrentOnly>
<bounds x="0" y="4697" width="280" height="321"/>
</OView>
<OView class="oracle.dbtools.crest.swingui.logical.TVEntity" oid="2CFC0AA7-481A-C8CA-15FD-7E546FAFC72F" otype="Entity" vid="8260FC2D-8C54-2803-3FBA-506DE2A52D3B">
<hideElementsInCurrentOnly>false</hideElementsInCurrentOnly>
<bounds x="1820" y="20" width="280" height="320"/>
<useDefaultColor>false</useDefaultColor>
<backgroundColor>-13159</backgroundColor>
</OView>
<OView class="oracle.dbtools.crest.swingui.logical.TVEntityView" oid="30347346-AFEC-5134-73A9-E539F71A341F" otype="EntityView" vid="EFC23CF4-56CE-460F-F6CA-C8B2145343AC">
<hideElementsInCurrentOnly>false</hideElementsInCurrentOnly>
<bounds x="0" y="6089" width="284" height="96"/>
</OView>
<OView class="oracle.dbtools.crest.swingui.logical.TVEntity" oid="30C0AE06-ECE8-9E9F-BBA9-F2EBDBE6B18D" otype="Entity" vid="5FB6D7E2-37E8-8C05-6DAB-D845C5B34B8D">
<hideElementsInCurrentOnly>false</hideElementsInCurrentOnly>
<bounds x="1125" y="2810" width="280" height="320"/>
</OView>
<OView class="oracle.dbtools.crest.swingui.logical.TVEntity" oid="3190D62C-EC30-EAA2-1AE4-8BA10991258E" otype="Entity" vid="50607C2D-8DF0-0A2E-E6A6-5E1C936D9C6F">
<hideElementsInCurrentOnly>false</hideElementsInCurrentOnly>
<bounds x="317" y="4227" width="280" height="321"/>
</OView>
<OView class="oracle.dbtools.crest.swingui.logical.TVEntity" oid="34C09033-C497-58DD-EBDF-1EA973BEF143" otype="Entity" vid="BE697DF1-814E-6044-118A-9CFB6E187914">
<hideElementsInCurrentOnly>false</hideElementsInCurrentOnly>
<bounds x="977" y="4697" width="280" height="321"/>
</OView>
<OView class="oracle.dbtools.crest.swingui.logical.TVEntity" oid="3551C5F8-1419-2440-0FD3-57D6D00B90DE" otype="Entity" vid="7B8B252E-5B06-0552-BEE0-92E64702B69C">
<hideElementsInCurrentOnly>false</hideElementsInCurrentOnly>
<bounds x="45" y="2370" width="280" height="320"/>
</OView>
<OView class="oracle.dbtools.crest.swingui.logical.TVEntity" oid="377FA4EB-06A0-9A51-85C2-A066B9EAAE05" otype="Entity" vid="E15D3E5B-243B-4534-F5D6-CAF596C1114F">
<hideElementsInCurrentOnly>false</hideElementsInCurrentOnly>
<bounds x="1967" y="3757" width="280" height="321"/>
</OView>
<OView class="oracle.dbtools.crest.swingui.logical.TVEntity" oid="3FC31CA2-C878-FB2D-FB21-801DF26DB968" otype="Entity" vid="2303EC0D-5981-F30E-71E6-BEAC2FCAA884">
<hideElementsInCurrentOnly>false</hideElementsInCurrentOnly>
<bounds x="33" y="1828" width="280" height="320"/>
</OView>
<OView class="oracle.dbtools.crest.swingui.logical.TVEntityView" oid="460D3B6A-E02B-52E2-89D2-983D73A43C30" otype="EntityView" vid="8206B4AA-F092-3343-3384-8F7FF1FE7F4A">
<hideElementsInCurrentOnly>false</hideElementsInCurrentOnly>
<bounds x="429" y="5746" width="224" height="166"/>
</OView>
<OView class="oracle.dbtools.crest.swingui.logical.TVEntity" oid="5B4B62A6-B09D-DC04-7414-716A3629BBB1" otype="Entity" vid="AAD98DF1-4854-8F9B-9760-C65596A419B2">
<hideElementsInCurrentOnly>false</hideElementsInCurrentOnly>
<bounds x="1307" y="4697" width="280" height="321"/>
</OView>
<OView class="oracle.dbtools.crest.swingui.logical.TVEntityView" oid="60CD20D9-ED67-4311-93A3-24F0E1BF4DA7" otype="EntityView" vid="362D8772-1370-8597-FB37-6C9FAB3B3289">
<hideElementsInCurrentOnly>false</hideElementsInCurrentOnly>
<bounds x="357" y="5067" width="325" height="530"/>
</OView>
<OView class="oracle.dbtools.crest.swingui.logical.TVEntity" oid="637C0DA9-0E67-F463-0ED6-936CC804BC81" otype="Entity" vid="2DEDEF41-8DFD-EC85-354D-7FF69D77D9EF">
<hideElementsInCurrentOnly>false</hideElementsInCurrentOnly>
<bounds x="20" y="20" width="280" height="320"/>
<useDefaultColor>false</useDefaultColor>
<backgroundColor>-13159</backgroundColor>
</OView>
<OView class="oracle.dbtools.crest.swingui.logical.TVEntityView" oid="65CDB9B4-3C48-1DD9-F5CD-6E299834CDBB" otype="EntityView" vid="3BCDE2F7-49D5-7ABB-977C-57A8216F1DD8">
<hideElementsInCurrentOnly>false</hideElementsInCurrentOnly>
<bounds x="0" y="5746" width="392" height="194"/>
</OView>
<OView class="oracle.dbtools.crest.swingui.logical.TVEntityView" oid="67CEA502-9071-3C1B-B8CE-DCCDEEBEE557" otype="EntityView" vid="DE1297FE-52D1-6B9D-70E5-D425D2997027">
<hideElementsInCurrentOnly>false</hideElementsInCurrentOnly>
<bounds x="602" y="6089" width="186" height="96"/>
</OView>
<OView class="oracle.dbtools.crest.swingui.logical.TVEntityView" oid="73A53B43-8CCB-5778-F23D-91809FBA0196" otype="EntityView" vid="452ACCEC-99E1-13A6-FC5B-E8480D191DEA">
<hideElementsInCurrentOnly>false</hideElementsInCurrentOnly>
<bounds x="1483" y="5067" width="231" height="250"/>
</OView>
<OView class="oracle.dbtools.crest.swingui.logical.TVEntity" oid="7C217A8D-C8C3-633F-EA46-E74D831F9094" otype="Entity" vid="07FE381B-FBB0-BA7E-FABB-D6CB73287477">
<hideElementsInCurrentOnly>false</hideElementsInCurrentOnly>
<bounds x="33" y="1388" width="280" height="320"/>
</OView>
<OView class="oracle.dbtools.crest.swingui.logical.TVEntity" oid="7DDBC3B3-89AC-983C-3DEB-94DE01717E43" otype="Entity" vid="D63CC9EF-15EE-3EBE-79E9-A0C1362923C1">
<hideElementsInCurrentOnly>false</hideElementsInCurrentOnly>
<bounds x="765" y="2810" width="280" height="320"/>
</OView>
<OView class="oracle.dbtools.crest.swingui.logical.TVEntity" oid="87749B47-0369-0E20-7AF7-C7E0ADBA5929" otype="Entity" vid="F9F1878E-84AF-0B36-B173-EE2D85677FC7">
<hideElementsInCurrentOnly>false</hideElementsInCurrentOnly>
<bounds x="647" y="4227" width="280" height="321"/>
</OView>
<OView class="oracle.dbtools.crest.swingui.logical.TVEntity" oid="8878031F-D9CA-D6E3-1941-7D4D718A8802" otype="Entity" vid="2698492B-E7DB-5329-871F-F4AB202E85FA">
<hideElementsInCurrentOnly>false</hideElementsInCurrentOnly>
<bounds x="540" y="159" width="280" height="320"/>
<useDefaultColor>false</useDefaultColor>
<backgroundColor>-13159</backgroundColor>
</OView>
<OView class="oracle.dbtools.crest.swingui.logical.TVEntity" oid="8EFD57D5-5820-9496-2EC1-7EB8046DE755" otype="Entity" vid="E6D4134F-ED2C-369A-4E84-FBEC0C2F289E">
<hideElementsInCurrentOnly>false</hideElementsInCurrentOnly>
<bounds x="393" y="1388" width="280" height="320"/>
</OView>
<OView class="oracle.dbtools.crest.swingui.logical.TVEntity" oid="917C1D88-8D4F-8C7F-F30C-52FEA5D93310" otype="Entity" vid="A66DFB47-4BD2-DD51-9E5F-8280E9898C87">
<hideElementsInCurrentOnly>false</hideElementsInCurrentOnly>
<bounds x="31" y="819" width="280" height="131"/>
</OView>
<OView class="oracle.dbtools.crest.swingui.logical.TVEntity" oid="9454E0D6-CD0E-5AD3-ACE0-70578BC74401" otype="Entity" vid="E54FAF8E-BF5B-0ACE-6124-4055872320A0">
<hideElementsInCurrentOnly>false</hideElementsInCurrentOnly>
<bounds x="1637" y="4697" width="280" height="321"/>
</OView>
<OView class="oracle.dbtools.crest.swingui.logical.TVEntity" oid="96DAFB64-EF0D-4E31-A75F-E1C12B05DDE4" otype="Entity" vid="FD7C9390-21E7-EF81-41FE-574CA957D6B4">
<hideElementsInCurrentOnly>false</hideElementsInCurrentOnly>
<bounds x="405" y="2810" width="280" height="320"/>
</OView>
<OView class="oracle.dbtools.crest.swingui.logical.TVEntityView" oid="9C911735-7C3F-E296-1C1F-6418ACDA24F4" otype="EntityView" vid="13D7829E-51EA-FA1B-0193-7377E5BBC6C4">
<hideElementsInCurrentOnly>false</hideElementsInCurrentOnly>
<bounds x="703" y="5746" width="272" height="124"/>
</OView>
<OView class="oracle.dbtools.crest.swingui.logical.TVEntity" oid="A738B778-487A-6B0D-43DA-58C10FE74B67" otype="Entity" vid="DE05C235-28A4-8A76-F014-DC3DA86A8E48">
<hideElementsInCurrentOnly>false</hideElementsInCurrentOnly>
<bounds x="0" y="4227" width="280" height="321"/>
</OView>
<OView class="oracle.dbtools.crest.swingui.logical.TVEntity" oid="AA211A68-F484-5A49-F686-76FAC2A16607" otype="Entity" vid="DE31F9BA-6C63-3176-B249-DAB4EDD4BE17">
<hideElementsInCurrentOnly>false</hideElementsInCurrentOnly>
<bounds x="1485" y="2370" width="280" height="320"/>
</OView>
<OView class="oracle.dbtools.crest.swingui.logical.TVEntity" oid="AF51C786-B84D-BA70-5A4C-95CA1A3963F6" otype="Entity" vid="79CBBA3B-D7E6-A4C7-B376-CED2CEB634DA">
<hideElementsInCurrentOnly>false</hideElementsInCurrentOnly>
<bounds x="1460" y="460" width="280" height="320"/>
<useDefaultColor>false</useDefaultColor>
<backgroundColor>-13159</backgroundColor>
</OView>
<OView class="oracle.dbtools.crest.swingui.logical.TVEntity" oid="B22C0D25-309A-9340-DFCD-EB449D0DABE7" otype="Entity" vid="C90C9F3B-0B4F-3B4B-8ABD-1D4DA3A37570">
<hideElementsInCurrentOnly>false</hideElementsInCurrentOnly>
<bounds x="30" y="1042" width="280" height="108"/>
</OView>
<OView class="oracle.dbtools.crest.swingui.logical.TVEntity" oid="B6669596-127B-3B0F-4401-560316C063E4" otype="Entity" vid="F5DBF53C-A64E-A25B-1F20-D054ECAA32E2">
<hideElementsInCurrentOnly>false</hideElementsInCurrentOnly>
<bounds x="45" y="2810" width="280" height="320"/>
</OView>
<OView class="oracle.dbtools.crest.swingui.logical.TVEntity" oid="CE7EDFB1-74BC-9CB7-6DDA-67F4C9503488" otype="Entity" vid="FA526EA5-1170-7C3A-5649-2ECCFA545626">
<hideElementsInCurrentOnly>false</hideElementsInCurrentOnly>
<bounds x="620" y="1060" width="280" height="112"/>
</OView>
<OView class="oracle.dbtools.crest.swingui.logical.TVEntity" oid="CEEC9063-E683-C9E3-5E7A-F99AC8429FB3" otype="Entity" vid="C324A1C0-D4AF-054A-D3B1-874B1E2F4C7E">
<hideElementsInCurrentOnly>false</hideElementsInCurrentOnly>
<bounds x="611" y="829" width="280" height="143"/>
</OView>
<OView class="oracle.dbtools.crest.swingui.logical.TVEntityView" oid="D78B7769-B181-EF9F-550E-804D00D5393D" otype="EntityView" vid="3EFD0B3C-ED8A-7F2D-632F-083E410DBB71">
<hideElementsInCurrentOnly>false</hideElementsInCurrentOnly>
<bounds x="0" y="5067" width="320" height="530"/>
</OView>
<OView class="oracle.dbtools.crest.swingui.logical.TVEntity" oid="D8D20F53-C3DC-01E2-811A-E31DA8CC0238" otype="Entity" vid="8BE2782C-059F-A8FA-68B1-B86CCFC3C268">
<hideElementsInCurrentOnly>false</hideElementsInCurrentOnly>
<bounds x="1307" y="3757" width="280" height="321"/>
</OView>
<OView class="oracle.dbtools.crest.swingui.logical.TVEntityView" oid="E2CA316C-4990-3F4F-DD8A-49C9DEA66DF2" otype="EntityView" vid="FDB1A5A6-19AE-7EBF-3FC9-659708574460">
<hideElementsInCurrentOnly>false</hideElementsInCurrentOnly>
<bounds x="321" y="6089" width="231" height="96"/>
</OView>
<OView class="oracle.dbtools.crest.swingui.logical.TVEntity" oid="EEE3ABF9-1CE1-846A-4FBA-81621407E503" otype="Entity" vid="9EF4E90E-D78F-F4FB-B96C-9B5309A7C575">
<hideElementsInCurrentOnly>false</hideElementsInCurrentOnly>
<bounds x="1460" y="20" width="280" height="320"/>
<useDefaultColor>false</useDefaultColor>
<backgroundColor>-13159</backgroundColor>
</OView>
<OView class="oracle.dbtools.crest.swingui.logical.TVEntityView" oid="F0386CB3-667A-582C-89B3-BCC6C061A95C" otype="EntityView" vid="5EB1ECC5-1542-C826-7E93-67382A6E8B89">
<hideElementsInCurrentOnly>false</hideElementsInCurrentOnly>
<bounds x="1084" y="6089" width="252" height="68"/>
</OView>
<OView class="oracle.dbtools.crest.swingui.logical.TVEntity" oid="FC054440-7EA5-DE0B-DA91-F1CD879DE20A" otype="Entity" vid="00372599-9FE3-BF62-0C63-8E2E6C8C89E5">
<hideElementsInCurrentOnly>false</hideElementsInCurrentOnly>
<bounds x="30" y="1228" width="280" height="93"/>
</OView>
</objectViews>
<connectors>
<Connector class="oracle.dbtools.crest.swingui.logical.TVRelation" oid="011C47ED-DD68-A8C7-DB62-35631A8E0D4E" otype="Relation" vid_source="D63CC9EF-15EE-3EBE-79E9-A0C1362923C1" vid_target="7B8B252E-5B06-0552-BEE0-92E64702B69C">
<hideElementsInCurrentOnly>false</hideElementsInCurrentOnly>
<backgroundColor>-16777216</backgroundColor>
<lineWidth>1</lineWidth>
<points>
<point x="765" y="2970"/>
<point x="915" y="2579"/>
<point x="554" y="2579"/>
<point x="325" y="2530"/>
</points>
</Connector>
<Connector class="oracle.dbtools.crest.swingui.logical.TVRelation" oid="0D351ED2-0D6D-4D5C-71AE-FFEE70FE077D" otype="Relation" vid_source="A66DFB47-4BD2-DD51-9E5F-8280E9898C87" vid_target="C70F4701-DA2C-A0A5-CE1D-7E482751755C">
<hideElementsInCurrentOnly>false</hideElementsInCurrentOnly>
<backgroundColor>-16777216</backgroundColor>
<lineWidth>1</lineWidth>
<points>
<point x="160" y="819"/>
<point x="160" y="679"/>
</points>
</Connector>
<Connector class="oracle.dbtools.crest.swingui.logical.TVRelation" oid="108CFF0C-400F-7A68-4BD1-724A6D489EF3" otype="Relation" vid_source="E6D4134F-ED2C-369A-4E84-FBEC0C2F289E" vid_target="07FE381B-FBB0-BA7E-FABB-D6CB73287477">
<hideElementsInCurrentOnly>false</hideElementsInCurrentOnly>
<backgroundColor>-16777216</backgroundColor>
<lineWidth>1</lineWidth>
<points>
<point x="393" y="1548"/>
<point x="313" y="1548"/>
</points>
</Connector>
<Connector class="oracle.dbtools.crest.swingui.logical.TVRelation" oid="1152B46C-1C5A-67F0-4C5B-D2C7205173D2" otype="Relation" vid_source="FD7C9390-21E7-EF81-41FE-574CA957D6B4" vid_target="9A32ED3E-1F5F-353F-5203-DD5E024E9CC0">
<hideElementsInCurrentOnly>false</hideElementsInCurrentOnly>
<backgroundColor>-16777216</backgroundColor>
<lineWidth>1</lineWidth>
<points>
<point x="405" y="2970"/>
<point x="510" y="3225"/>
<point x="510" y="3225"/>
<point x="405" y="3410"/>
</points>
</Connector>
<Connector class="oracle.dbtools.crest.swingui.logical.TVRelation" oid="1EB43D81-4255-6BFD-5F38-CE5DC80F7951" otype="Relation" vid_source="8260FC2D-8C54-2803-3FBA-506DE2A52D3B" vid_target="79CBBA3B-D7E6-A4C7-B376-CED2CEB634DA">
<hideElementsInCurrentOnly>false</hideElementsInCurrentOnly>
<backgroundColor>-16777216</backgroundColor>
<lineWidth>1</lineWidth>
<points>
<point x="1960" y="340"/>
<point x="2018" y="394"/>
<point x="1658" y="394"/>
<point x="1600" y="460"/>
</points>
</Connector>
<Connector class="oracle.dbtools.crest.swingui.logical.TVRelation" oid="20D148FC-7A01-5828-3A33-C9B5741EA6FA" otype="Relation" vid_source="FD7C9390-21E7-EF81-41FE-574CA957D6B4" vid_target="7B8B252E-5B06-0552-BEE0-92E64702B69C">
<hideElementsInCurrentOnly>false</hideElementsInCurrentOnly>
<backgroundColor>-16777216</backgroundColor>
<lineWidth>1</lineWidth>
<points>
<point x="545" y="2810"/>
<point x="515" y="2819"/>
<point x="515" y="2650"/>
<point x="185" y="2690"/>
</points>
</Connector>
<Connector class="oracle.dbtools.crest.swingui.logical.TVRelation" oid="2119987D-BEFD-F2D9-E49D-817C138E19E7" otype="Relation" vid_source="5FB6D7E2-37E8-8C05-6DAB-D845C5B34B8D" vid_target="9A32ED3E-1F5F-353F-5203-DD5E024E9CC0">
<hideElementsInCurrentOnly>false</hideElementsInCurrentOnly>
<backgroundColor>-16777216</backgroundColor>
<lineWidth>1</lineWidth>
<points>
<point x="1125" y="2970"/>
<point x="1286" y="3368"/>
<point x="794" y="3368"/>
<point x="685" y="3410"/>
</points>
</Connector>
<Connector class="oracle.dbtools.crest.swingui.logical.TVRelation" oid="28FA4E8D-6B74-CB39-B813-A280B3BFA6CC" otype="Relation" vid_source="F5DBF53C-A64E-A25B-1F20-D054ECAA32E2" vid_target="7B8B252E-5B06-0552-BEE0-92E64702B69C">
<hideElementsInCurrentOnly>false</hideElementsInCurrentOnly>
<backgroundColor>-16777216</backgroundColor>
<lineWidth>1</lineWidth>
<points>
<point x="45" y="2970"/>
<point x="164" y="2771"/>
<point x="164" y="2771"/>
<point x="45" y="2530"/>
</points>
</Connector>
<Connector class="oracle.dbtools.crest.swingui.logical.TVRelation" oid="2AB2833B-2158-C213-A823-EE3EB2CEBBC2" otype="Relation" vid_source="D63CC9EF-15EE-3EBE-79E9-A0C1362923C1" vid_target="9A32ED3E-1F5F-353F-5203-DD5E024E9CC0">
<hideElementsInCurrentOnly>false</hideElementsInCurrentOnly>
<backgroundColor>-16777216</backgroundColor>
<lineWidth>1</lineWidth>
<points>
<point x="905" y="3130"/>
<point x="825" y="3210"/>
<point x="524" y="3211"/>
<point x="545" y="3250"/>
</points>
</Connector>
<Connector class="oracle.dbtools.crest.swingui.logical.TVRelation" oid="2C993147-66CE-D56A-94DA-428FFD1E70E0" otype="Relation" vid_source="9EF4E90E-D78F-F4FB-B96C-9B5309A7C575" vid_target="2DEDEF41-8DFD-EC85-354D-7FF69D77D9EF">
<hideElementsInCurrentOnly>false</hideElementsInCurrentOnly>
<backgroundColor>-16777216</backgroundColor>
<lineWidth>1</lineWidth>
<points>
<point x="1460" y="190"/>
<point x="929" y="131"/>
<point x="929" y="131"/>
<point x="300" y="190"/>
</points>
</Connector>
<Connector class="oracle.dbtools.crest.swingui.logical.TVRelation" oid="32216DE3-D751-4A14-B1FE-36B36EFAF8E4" otype="Relation" vid_source="DE31F9BA-6C63-3176-B249-DAB4EDD4BE17" vid_target="7B8B252E-5B06-0552-BEE0-92E64702B69C">
<hideElementsInCurrentOnly>false</hideElementsInCurrentOnly>
<backgroundColor>-16777216</backgroundColor>
<lineWidth>1</lineWidth>
<points>
<point x="1485" y="2530"/>
<point x="940" y="2495"/>
<point x="940" y="2495"/>
<point x="45" y="2530"/>
</points>
</Connector>
<Connector class="oracle.dbtools.crest.swingui.logical.TVRelation" oid="39796541-0B82-4423-0870-2CBA84A849FD" otype="Relation" vid_source="2698492B-E7DB-5329-871F-F4AB202E85FA" vid_target="9EF4E90E-D78F-F4FB-B96C-9B5309A7C575">
<hideElementsInCurrentOnly>false</hideElementsInCurrentOnly>
<backgroundColor>-16777216</backgroundColor>
<lineWidth>1</lineWidth>
<points>
<point x="820" y="249"/>
<point x="1460" y="249"/>
</points>
</Connector>
<Connector class="oracle.dbtools.crest.swingui.logical.TVRelation" oid="39C61A5F-B806-B888-EA39-021AB8A8A587" otype="Relation" vid_source="07FE381B-FBB0-BA7E-FABB-D6CB73287477" vid_target="2303EC0D-5981-F30E-71E6-BEAC2FCAA884">
<hideElementsInCurrentOnly>false</hideElementsInCurrentOnly>
<backgroundColor>-16777216</backgroundColor>
<lineWidth>1</lineWidth>
<points>
<point x="173" y="1708"/>
<point x="173" y="1828"/>
</points>
</Connector>
<Connector class="oracle.dbtools.crest.swingui.logical.TVRelation" oid="41581524-1DD9-BCFB-49F8-C6F8E2FCAE9B" otype="Relation" vid_source="2698492B-E7DB-5329-871F-F4AB202E85FA" vid_target="2DEDEF41-8DFD-EC85-354D-7FF69D77D9EF">
<hideElementsInCurrentOnly>false</hideElementsInCurrentOnly>
<backgroundColor>-16777216</backgroundColor>
<lineWidth>1</lineWidth>
<points>
<point x="540" y="249"/>
<point x="300" y="249"/>
</points>
</Connector>
<Connector class="oracle.dbtools.crest.swingui.logical.TVRelation" oid="64C2BCCD-ED83-B042-ADC8-21F33A80DDD9" otype="Relation" vid_source="5FB6D7E2-37E8-8C05-6DAB-D845C5B34B8D" vid_target="7B8B252E-5B06-0552-BEE0-92E64702B69C">
<hideElementsInCurrentOnly>false</hideElementsInCurrentOnly>
<backgroundColor>-16777216</backgroundColor>
<lineWidth>1</lineWidth>
<points>
<point x="1125" y="2970"/>
<point x="1275" y="2540"/>
<point x="718" y="2537"/>
<point x="325" y="2530"/>
</points>
</Connector>
<Connector class="oracle.dbtools.crest.swingui.logical.TVRelation" oid="679539BC-80D5-023E-E9B4-85725307B3A6" otype="Relation" vid_source="9EF4E90E-D78F-F4FB-B96C-9B5309A7C575" vid_target="C70F4701-DA2C-A0A5-CE1D-7E482751755C">
<hideElementsInCurrentOnly>false</hideElementsInCurrentOnly>
<backgroundColor>-16777216</backgroundColor>
<lineWidth>1</lineWidth>
<points>
<point x="1460" y="180"/>
<point x="1090" y="329"/>
<point x="1093" y="604"/>
<point x="290" y="568"/>
</points>
</Connector>
<Connector class="oracle.dbtools.crest.swingui.logical.TVRelation" oid="704078D2-3F50-7FA3-D835-A5CD2CBB7065" otype="Relation" vid_source="9EF4E90E-D78F-F4FB-B96C-9B5309A7C575" vid_target="8260FC2D-8C54-2803-3FBA-506DE2A52D3B">
<hideElementsInCurrentOnly>false</hideElementsInCurrentOnly>
<backgroundColor>-16777216</backgroundColor>
<lineWidth>1</lineWidth>
<points>
<point x="1460" y="180"/>
<point x="1759" y="142"/>
<point x="1759" y="142"/>
<point x="1820" y="180"/>
</points>
</Connector>
<Connector class="oracle.dbtools.crest.swingui.logical.TVRelation" oid="810007C9-41F9-3D23-A4C3-D3C098FACD7E" otype="Relation" vid_source="A66DFB47-4BD2-DD51-9E5F-8280E9898C87" vid_target="C90C9F3B-0B4F-3B4B-8ABD-1D4DA3A37570">
<hideElementsInCurrentOnly>false</hideElementsInCurrentOnly>
<backgroundColor>-16777216</backgroundColor>
<lineWidth>1</lineWidth>
<points>
<point x="170" y="950"/>
<point x="170" y="1042"/>
</points>
</Connector>
<Connector class="oracle.dbtools.crest.swingui.logical.TVRelation" oid="909303C3-8E13-6B36-C93B-5DA8949A62C0" otype="Relation" vid_source="9EF4E90E-D78F-F4FB-B96C-9B5309A7C575" vid_target="9EF4E90E-D78F-F4FB-B96C-9B5309A7C575">
<hideElementsInCurrentOnly>false</hideElementsInCurrentOnly>
<backgroundColor>-16777216</backgroundColor>
<lineWidth>1</lineWidth>
<points>
<point x="1460" y="180"/>
<point x="1755" y="180"/>
<point x="1755" y="355"/>
<point x="1600" y="355"/>
<point x="1460" y="180"/>
</points>
</Connector>
<Connector class="oracle.dbtools.crest.swingui.logical.TVRelation" oid="AE824D83-BDBB-1106-5DCF-F4BEAC6C3BFE" otype="Relation" vid_source="C70F4701-DA2C-A0A5-CE1D-7E482751755C" vid_target="2DEDEF41-8DFD-EC85-354D-7FF69D77D9EF">
<hideElementsInCurrentOnly>false</hideElementsInCurrentOnly>
<backgroundColor>-16777216</backgroundColor>
<lineWidth>1</lineWidth>
<points>
<point x="160" y="458"/>
<point x="160" y="340"/>
</points>
</Connector>
<Connector class="oracle.dbtools.crest.swingui.logical.TVRelation" oid="B2524B84-4A4A-9816-6F1E-53F5EE1AC50B" otype="Relation" vid_source="C90C9F3B-0B4F-3B4B-8ABD-1D4DA3A37570" vid_target="00372599-9FE3-BF62-0C63-8E2E6C8C89E5">
<hideElementsInCurrentOnly>false</hideElementsInCurrentOnly>
<backgroundColor>-16777216</backgroundColor>
<lineWidth>1</lineWidth>
<points>
<point x="170" y="1150"/>
<point x="170" y="1228"/>
</points>
</Connector>
<Connector class="oracle.dbtools.crest.swingui.logical.TVRelation" oid="B8768BDD-03C6-1F49-28CC-07F00E614FCA" otype="Relation" vid_source="DE31F9BA-6C63-3176-B249-DAB4EDD4BE17" vid_target="9A32ED3E-1F5F-353F-5203-DD5E024E9CC0">
<hideElementsInCurrentOnly>false</hideElementsInCurrentOnly>
<backgroundColor>-16777216</backgroundColor>
<lineWidth>1</lineWidth>
<points>
<point x="1485" y="2530"/>
<point x="1624" y="3429"/>
<point x="1624" y="3429"/>
<point x="685" y="3410"/>
</points>
</Connector>
<Connector class="oracle.dbtools.crest.swingui.logical.TVRelation" oid="BCEB5A93-3F2B-D13D-B542-EE66AC7E2C29" otype="Relation" vid_source="C324A1C0-D4AF-054A-D3B1-874B1E2F4C7E" vid_target="A66DFB47-4BD2-DD51-9E5F-8280E9898C87">
<hideElementsInCurrentOnly>false</hideElementsInCurrentOnly>
<backgroundColor>-16777216</backgroundColor>
<lineWidth>1</lineWidth>
<points>
<point x="611" y="889"/>
<point x="311" y="889"/>
</points>
</Connector>
<Connector class="oracle.dbtools.crest.swingui.logical.TVRelation" oid="BF40BD5E-8453-4342-A42B-819B86A11C28" otype="Relation" vid_source="07FE381B-FBB0-BA7E-FABB-D6CB73287477" vid_target="00372599-9FE3-BF62-0C63-8E2E6C8C89E5">
<hideElementsInCurrentOnly>false</hideElementsInCurrentOnly>
<backgroundColor>-16777216</backgroundColor>
<lineWidth>1</lineWidth>
<points>
<point x="171" y="1388"/>
<point x="171" y="1321"/>
</points>
</Connector>
<Connector class="oracle.dbtools.crest.swingui.logical.TVRelation" oid="C63AF9A0-2DEA-7953-8B63-AD13188D4F7F" otype="Relation" vid_source="FA526EA5-1170-7C3A-5649-2ECCFA545626" vid_target="C324A1C0-D4AF-054A-D3B1-874B1E2F4C7E">
<hideElementsInCurrentOnly>false</hideElementsInCurrentOnly>
<backgroundColor>-16777216</backgroundColor>
<lineWidth>1</lineWidth>
<points>
<point x="755" y="1060"/>
<point x="755" y="972"/>
</points>
</Connector>
<Connector class="oracle.dbtools.crest.swingui.logical.TVRelation" oid="D755D700-C410-D4AA-63A0-A859201F1D56" otype="Relation" vid_source="9B2C6CE8-8924-9161-D052-2230D1BA5F43" vid_target="F5DBF53C-A64E-A25B-1F20-D054ECAA32E2">
<hideElementsInCurrentOnly>false</hideElementsInCurrentOnly>
<backgroundColor>-16777216</backgroundColor>
<lineWidth>1</lineWidth>
<points>
<point x="45" y="3410"/>
<point x="185" y="3190"/>
<point x="185" y="3190"/>
<point x="45" y="2970"/>
</points>
</Connector>
<Connector class="oracle.dbtools.crest.swingui.logical.TVRelation" oid="E30BC26B-4656-AD91-150F-66CD9380B1D6" otype="Relation" vid_source="9EF4E90E-D78F-F4FB-B96C-9B5309A7C575" vid_target="79CBBA3B-D7E6-A4C7-B376-CED2CEB634DA">
<hideElementsInCurrentOnly>false</hideElementsInCurrentOnly>
<backgroundColor>-16777216</backgroundColor>
<lineWidth>1</lineWidth>
<points>
<point x="1460" y="180"/>
<point x="1506" y="374"/>
<point x="1506" y="374"/>
<point x="1460" y="620"/>
</points>
</Connector>
<Connector class="oracle.dbtools.crest.swingui.logical.TVRelation" oid="F19A0793-1F05-A52A-59E8-E8434FFCE1B7" otype="Relation" vid_source="79CBBA3B-D7E6-A4C7-B376-CED2CEB634DA" vid_target="2303EC0D-5981-F30E-71E6-BEAC2FCAA884">
<hideElementsInCurrentOnly>false</hideElementsInCurrentOnly>
<backgroundColor>-16777216</backgroundColor>
<lineWidth>1</lineWidth>
<points>
<point x="1460" y="620"/>
<point x="1593" y="1727"/>
<point x="1599" y="1960"/>
<point x="313" y="1988"/>
</points>
</Connector>
</connectors>
</Diagram>