<?xml version = '1.0' encoding = 'UTF-8'?>
<Diagram class="oracle.dbtools.crest.swingui.logical.DPVLogicalSubView" name="From_RM_OE" id="BA5B3AA0-1EFE-3BA3-FC4F-DBE13596143A">
<createdBy>Administrator</createdBy>
<modifiedBy>User</modifiedBy>
<createdTime>2009-06-20 11:56:54 UTC</createdTime>
<autoRoute>true</autoRoute>
<boxInbox>false</boxInbox>
<showLegend>false</showLegend>
<showLabels>false</showLabels>
<showRelAttributes>false</showRelAttributes>
<gridEnabled>false</gridEnabled>
<showGrid>false</showGrid>
<diagramColor>-1</diagramColor>
<display>false</display>
<generatorId>5EE0ADAA-1E30-C814-5F9D-6BB23E1E925A</generatorId>
<notation>1</notation>
<objectViews>
<OView class="oracle.dbtools.crest.swingui.logical.TVEntityView" oid="004D7359-6B22-8F65-35C4-E51A9D216B3A" otype="EntityView" vid="C5F170DB-9B95-75EA-7877-663BB9BA8552">
<hideElementsInCurrentOnly>false</hideElementsInCurrentOnly>
<bounds x="462" y="2590" width="196" height="81"/>
<generatorID>PRODUCT_PRICES#0</generatorID>
</OView>
<OView class="oracle.dbtools.crest.swingui.logical.TVEntityView" oid="16CA2AD3-0148-1489-0EEB-8E072DBCCFB4" otype="EntityView" vid="332FDB30-CB67-5134-61BE-16B1F699DA22">
<hideElementsInCurrentOnly>false</hideElementsInCurrentOnly>
<bounds x="322" y="2933" width="252" height="67"/>
<generatorID>TORONTO_INVENTORY#0</generatorID>
</OView>
<OView class="oracle.dbtools.crest.swingui.logical.TVEntityView" oid="297F7117-E6DC-C943-90EE-A61CCA3D5962" otype="EntityView" vid="FA49844C-F1E4-3E33-C9AA-337651CCC525">
<hideElementsInCurrentOnly>false</hideElementsInCurrentOnly>
<bounds x="20" y="2933" width="252" height="67"/>
<generatorID>SYDNEY_INVENTORY#0</generatorID>
</OView>
<OView class="oracle.dbtools.crest.swingui.logical.TVEntity" oid="2CFC0AA7-481A-C8CA-15FD-7E546FAFC72F" otype="Entity" vid="8EAE6499-1C4E-5E43-CC6E-E0E656014D0E">
<hideElementsInCurrentOnly>false</hideElementsInCurrentOnly>
<bounds x="22" y="1720" width="280" height="320"/>
<generatorID>CUSTOMERS#0</generatorID>
<useDefaultColor>false</useDefaultColor>
<backgroundColor>-13159</backgroundColor>
</OView>
<OView class="oracle.dbtools.crest.swingui.logical.TVEntity" oid="3FC31CA2-C878-FB2D-FB21-801DF26DB968" otype="Entity" vid="C81A2A4D-64BA-0F33-942E-4EE68B9A9BEF">
<hideElementsInCurrentOnly>false</hideElementsInCurrentOnly>
<bounds x="20" y="840" width="280" height="320"/>
<generatorID>ORDER_ITEMS#0</generatorID>
</OView>
<OView class="oracle.dbtools.crest.swingui.logical.TVEntityView" oid="65CDB9B4-3C48-1DD9-F5CD-6E299834CDBB" otype="EntityView" vid="CB23006D-9703-272F-8738-03EA6E3D2AE0">
<hideElementsInCurrentOnly>false</hideElementsInCurrentOnly>
<bounds x="20" y="2590" width="392" height="193"/>
<generatorID>PRODUCTS#0</generatorID>
</OView>
<OView class="oracle.dbtools.crest.swingui.logical.TVEntity" oid="7C217A8D-C8C3-633F-EA46-E74D831F9094" otype="Entity" vid="472825E7-7F1B-EE02-EE41-DCD9E124539C">
<hideElementsInCurrentOnly>false</hideElementsInCurrentOnly>
<bounds x="380" y="460" width="280" height="320"/>
<generatorID>PRODUCT_INFORMATION#0</generatorID>
</OView>
<OView class="oracle.dbtools.crest.swingui.logical.TVEntity" oid="8EFD57D5-5820-9496-2EC1-7EB8046DE755" otype="Entity" vid="F5A63B0E-4523-CA85-11EE-47902F5E66A6">
<hideElementsInCurrentOnly>false</hideElementsInCurrentOnly>
<bounds x="381" y="900" width="280" height="320"/>
<generatorID>CATEGORIES#0</generatorID>
</OView>
<OView class="oracle.dbtools.crest.swingui.logical.TVEntity" oid="AF51C786-B84D-BA70-5A4C-95CA1A3963F6" otype="Entity" vid="CE313366-C2CB-5688-794E-B1BE847065EA">
<hideElementsInCurrentOnly>false</hideElementsInCurrentOnly>
<bounds x="21" y="1280" width="280" height="320"/>
<generatorID>ORDERS#0</generatorID>
<useDefaultColor>false</useDefaultColor>
<backgroundColor>-13159</backgroundColor>
</OView>
<OView class="oracle.dbtools.crest.swingui.logical.TVEntity" oid="B22C0D25-309A-9340-DFCD-EB449D0DABE7" otype="Entity" vid="229F58B5-5B95-3B7A-EC7C-F53E49022754">
<hideElementsInCurrentOnly>false</hideElementsInCurrentOnly>
<bounds x="741" y="20" width="280" height="320"/>
<generatorID>WAREHOUSES#0</generatorID>
</OView>
<OView class="oracle.dbtools.crest.swingui.logical.TVEntity" oid="D8D20F53-C3DC-01E2-811A-E31DA8CC0238" otype="Entity" vid="A62891EF-7546-6A9C-95BA-719E50A5E13A">
<hideElementsInCurrentOnly>false</hideElementsInCurrentOnly>
<bounds x="20" y="2220" width="280" height="320"/>
<generatorID>PRODUCT_DESCRIPTIONS#0</generatorID>
</OView>
<OView class="oracle.dbtools.crest.swingui.logical.TVEntityView" oid="F0386CB3-667A-582C-89B3-BCC6C061A95C" otype="EntityView" vid="4587FF86-0A42-DA58-23CF-BBCF97A48EE8">
<hideElementsInCurrentOnly>false</hideElementsInCurrentOnly>
<bounds x="708" y="2590" width="252" height="67"/>
<generatorID>BOMBAY_INVENTORY#0</generatorID>
</OView>
<OView class="oracle.dbtools.crest.swingui.logical.TVEntity" oid="FC054440-7EA5-DE0B-DA91-F1CD879DE20A" otype="Entity" vid="C68A5DB5-409A-A951-9235-4EED218F1525">
<hideElementsInCurrentOnly>false</hideElementsInCurrentOnly>
<bounds x="379" y="20" width="280" height="320"/>
<generatorID>INVENTORIES#0</generatorID>
</OView>
</objectViews>
<connectors>
<Connector class="oracle.dbtools.crest.swingui.logical.TVRelation" oid="108CFF0C-400F-7A68-4BD1-724A6D489EF3" otype="Relation" vid_source="F5A63B0E-4523-CA85-11EE-47902F5E66A6" vid_target="472825E7-7F1B-EE02-EE41-DCD9E124539C">
<hideElementsInCurrentOnly>false</hideElementsInCurrentOnly>
<backgroundColor>-16777216</backgroundColor>
<lineWidth>1</lineWidth>
</Connector>
<Connector class="oracle.dbtools.crest.swingui.logical.TVRelation" oid="1EB43D81-4255-6BFD-5F38-CE5DC80F7951" otype="Relation" vid_source="8EAE6499-1C4E-5E43-CC6E-E0E656014D0E" vid_target="CE313366-C2CB-5688-794E-B1BE847065EA">
<hideElementsInCurrentOnly>false</hideElementsInCurrentOnly>
<backgroundColor>-16777216</backgroundColor>
<lineWidth>1</lineWidth>
</Connector>
<Connector class="oracle.dbtools.crest.swingui.logical.TVRelation" oid="39C61A5F-B806-B888-EA39-021AB8A8A587" otype="Relation" vid_source="472825E7-7F1B-EE02-EE41-DCD9E124539C" vid_target="C81A2A4D-64BA-0F33-942E-4EE68B9A9BEF">
<hideElementsInCurrentOnly>false</hideElementsInCurrentOnly>
<backgroundColor>-16777216</backgroundColor>
<lineWidth>1</lineWidth>
</Connector>
<Connector class="oracle.dbtools.crest.swingui.logical.TVRelation" oid="B2524B84-4A4A-9816-6F1E-53F5EE1AC50B" otype="Relation" vid_source="229F58B5-5B95-3B7A-EC7C-F53E49022754" vid_target="C68A5DB5-409A-A951-9235-4EED218F1525">
<hideElementsInCurrentOnly>false</hideElementsInCurrentOnly>
<backgroundColor>-16777216</backgroundColor>
<lineWidth>1</lineWidth>
</Connector>
<Connector class="oracle.dbtools.crest.swingui.logical.TVRelation" oid="BF40BD5E-8453-4342-A42B-819B86A11C28" otype="Relation" vid_source="472825E7-7F1B-EE02-EE41-DCD9E124539C" vid_target="C68A5DB5-409A-A951-9235-4EED218F1525">
<hideElementsInCurrentOnly>false</hideElementsInCurrentOnly>
<backgroundColor>-16777216</backgroundColor>
<lineWidth>1</lineWidth>
</Connector>
<Connector class="oracle.dbtools.crest.swingui.logical.TVRelation" oid="F19A0793-1F05-A52A-59E8-E8434FFCE1B7" otype="Relation" vid_source="CE313366-C2CB-5688-794E-B1BE847065EA" vid_target="C81A2A4D-64BA-0F33-942E-4EE68B9A9BEF">
<hideElementsInCurrentOnly>false</hideElementsInCurrentOnly>
<backgroundColor>-16777216</backgroundColor>
<lineWidth>1</lineWidth>
</Connector>
</connectors>
</Diagram>