<?xml version = '1.0' encoding = 'UTF-8'?>
<Diagram class="oracle.dbtools.crest.swingui.logical.DPVLogicalSubView" name="From_RM_HR" id="E03F24C5-2B1E-DBDB-DFC0-7BABA61C12E8">
<createdBy>Administrator</createdBy>
<modifiedBy>User</modifiedBy>
<createdTime>2009-06-20 11:56:54 UTC</createdTime>
<autoRoute>true</autoRoute>
<boxInbox>false</boxInbox>
<showLegend>false</showLegend>
<showLabels>false</showLabels>
<showRelAttributes>false</showRelAttributes>
<gridEnabled>false</gridEnabled>
<showGrid>false</showGrid>
<diagramColor>-1</diagramColor>
<display>false</display>
<generatorId>F7E7D871-0E46-0E12-A052-CB45A760EE6D</generatorId>
<notation>1</notation>
<objectViews>
<OView class="oracle.dbtools.crest.swingui.logical.TVEntity" oid="0D20F865-FEBE-D80E-920F-3DC76BDC9DE9" otype="Entity" vid="B26A8829-2B5F-3CE6-C045-AFDED2FB5B63">
<hideElementsInCurrentOnly>false</hideElementsInCurrentOnly>
<bounds x="21" y="460" width="280" height="320"/>
<generatorID>DEPARTMENTS#0</generatorID>
<useDefaultColor>false</useDefaultColor>
<backgroundColor>-13159</backgroundColor>
</OView>
<OView class="oracle.dbtools.crest.swingui.logical.TVEntity" oid="637C0DA9-0E67-F463-0ED6-936CC804BC81" otype="Entity" vid="63A9B89D-2A72-8782-7EA1-0DA91FA12F6F">
<hideElementsInCurrentOnly>false</hideElementsInCurrentOnly>
<bounds x="20" y="20" width="280" height="320"/>
<generatorID>JOB_HISTORY#0</generatorID>
<useDefaultColor>false</useDefaultColor>
<backgroundColor>-13159</backgroundColor>
</OView>
<OView class="oracle.dbtools.crest.swingui.logical.TVEntityView" oid="73A53B43-8CCB-5778-F23D-91809FBA0196" otype="EntityView" vid="6460B91C-D5E6-E7A0-D954-A8563FCE0275">
<hideElementsInCurrentOnly>false</hideElementsInCurrentOnly>
<bounds x="20" y="3600" width="231" height="249"/>
<generatorID>EMP_DETAILS_VIEW#0</generatorID>
</OView>
<OView class="oracle.dbtools.crest.swingui.logical.TVEntity" oid="8878031F-D9CA-D6E3-1941-7D4D718A8802" otype="Entity" vid="84C01995-7659-2859-AA89-371C7F368BBA">
<hideElementsInCurrentOnly>false</hideElementsInCurrentOnly>
<bounds x="744" y="20" width="280" height="320"/>
<generatorID>JOBS#0</generatorID>
<useDefaultColor>false</useDefaultColor>
<backgroundColor>-13159</backgroundColor>
</OView>
<OView class="oracle.dbtools.crest.swingui.logical.TVEntity" oid="917C1D88-8D4F-8C7F-F30C-52FEA5D93310" otype="Entity" vid="76456192-609A-7E4D-5DE0-3283CDEE65B6">
<hideElementsInCurrentOnly>false</hideElementsInCurrentOnly>
<bounds x="22" y="900" width="280" height="320"/>
<generatorID>LOCATIONS#0</generatorID>
</OView>
<OView class="oracle.dbtools.crest.swingui.logical.TVEntity" oid="CE7EDFB1-74BC-9CB7-6DDA-67F4C9503488" otype="Entity" vid="0C96B80D-E83B-A849-BFF9-8947A06FADF9">
<hideElementsInCurrentOnly>false</hideElementsInCurrentOnly>
<bounds x="24" y="1780" width="280" height="320"/>
<generatorID>REGIONS#0</generatorID>
</OView>
<OView class="oracle.dbtools.crest.swingui.logical.TVEntity" oid="CEEC9063-E683-C9E3-5E7A-F99AC8429FB3" otype="Entity" vid="B78EA104-B285-E053-CD21-D97CBF062A9F">
<hideElementsInCurrentOnly>false</hideElementsInCurrentOnly>
<bounds x="23" y="1340" width="280" height="320"/>
<generatorID>COUNTRIES#0</generatorID>
</OView>
<OView class="oracle.dbtools.crest.swingui.logical.TVEntity" oid="EEE3ABF9-1CE1-846A-4FBA-81621407E503" otype="Entity" vid="43BAE279-BD8B-70C1-19F5-384AA587E99E">
<hideElementsInCurrentOnly>false</hideElementsInCurrentOnly>
<bounds x="384" y="460" width="280" height="320"/>
<generatorID>EMPLOYEES#0</generatorID>
<useDefaultColor>false</useDefaultColor>
<backgroundColor>-13159</backgroundColor>
</OView>
</objectViews>
<connectors>
<Connector class="oracle.dbtools.crest.swingui.logical.TVRelation" oid="0D351ED2-0D6D-4D5C-71AE-FFEE70FE077D" otype="Relation" vid_source="76456192-609A-7E4D-5DE0-3283CDEE65B6" vid_target="B26A8829-2B5F-3CE6-C045-AFDED2FB5B63">
<hideElementsInCurrentOnly>false</hideElementsInCurrentOnly>
<backgroundColor>-16777216</backgroundColor>
<lineWidth>1</lineWidth>
</Connector>
<Connector class="oracle.dbtools.crest.swingui.logical.TVRelation" oid="2C993147-66CE-D56A-94DA-428FFD1E70E0" otype="Relation" vid_source="43BAE279-BD8B-70C1-19F5-384AA587E99E" vid_target="63A9B89D-2A72-8782-7EA1-0DA91FA12F6F">
<hideElementsInCurrentOnly>false</hideElementsInCurrentOnly>
<backgroundColor>-16777216</backgroundColor>
<lineWidth>1</lineWidth>
</Connector>
<Connector class="oracle.dbtools.crest.swingui.logical.TVRelation" oid="39796541-0B82-4423-0870-2CBA84A849FD" otype="Relation" vid_source="84C01995-7659-2859-AA89-371C7F368BBA" vid_target="43BAE279-BD8B-70C1-19F5-384AA587E99E">
<hideElementsInCurrentOnly>false</hideElementsInCurrentOnly>
<backgroundColor>-16777216</backgroundColor>
<lineWidth>1</lineWidth>
</Connector>
<Connector class="oracle.dbtools.crest.swingui.logical.TVRelation" oid="41581524-1DD9-BCFB-49F8-C6F8E2FCAE9B" otype="Relation" vid_source="84C01995-7659-2859-AA89-371C7F368BBA" vid_target="63A9B89D-2A72-8782-7EA1-0DA91FA12F6F">
<hideElementsInCurrentOnly>false</hideElementsInCurrentOnly>
<backgroundColor>-16777216</backgroundColor>
<lineWidth>1</lineWidth>
</Connector>
<Connector class="oracle.dbtools.crest.swingui.logical.TVRelation" oid="679539BC-80D5-023E-E9B4-85725307B3A6" otype="Relation" vid_source="43BAE279-BD8B-70C1-19F5-384AA587E99E" vid_target="B26A8829-2B5F-3CE6-C045-AFDED2FB5B63">
<hideElementsInCurrentOnly>false</hideElementsInCurrentOnly>
<backgroundColor>-16777216</backgroundColor>
<lineWidth>1</lineWidth>
</Connector>
<Connector class="oracle.dbtools.crest.swingui.logical.TVRelation" oid="909303C3-8E13-6B36-C93B-5DA8949A62C0" otype="Relation" vid_source="43BAE279-BD8B-70C1-19F5-384AA587E99E" vid_target="43BAE279-BD8B-70C1-19F5-384AA587E99E">
<hideElementsInCurrentOnly>false</hideElementsInCurrentOnly>
<backgroundColor>-16777216</backgroundColor>
<lineWidth>1</lineWidth>
</Connector>
<Connector class="oracle.dbtools.crest.swingui.logical.TVRelation" oid="AE824D83-BDBB-1106-5DCF-F4BEAC6C3BFE" otype="Relation" vid_source="B26A8829-2B5F-3CE6-C045-AFDED2FB5B63" vid_target="63A9B89D-2A72-8782-7EA1-0DA91FA12F6F">
<hideElementsInCurrentOnly>false</hideElementsInCurrentOnly>
<backgroundColor>-16777216</backgroundColor>
<lineWidth>1</lineWidth>
</Connector>
<Connector class="oracle.dbtools.crest.swingui.logical.TVRelation" oid="BCEB5A93-3F2B-D13D-B542-EE66AC7E2C29" otype="Relation" vid_source="B78EA104-B285-E053-CD21-D97CBF062A9F" vid_target="76456192-609A-7E4D-5DE0-3283CDEE65B6">
<hideElementsInCurrentOnly>false</hideElementsInCurrentOnly>
<backgroundColor>-16777216</backgroundColor>
<lineWidth>1</lineWidth>
</Connector>
<Connector class="oracle.dbtools.crest.swingui.logical.TVRelation" oid="C63AF9A0-2DEA-7953-8B63-AD13188D4F7F" otype="Relation" vid_source="0C96B80D-E83B-A849-BFF9-8947A06FADF9" vid_target="B78EA104-B285-E053-CD21-D97CBF062A9F">
<hideElementsInCurrentOnly>false</hideElementsInCurrentOnly>
<backgroundColor>-16777216</backgroundColor>
<lineWidth>1</lineWidth>
</Connector>
</connectors>
</Diagram>