<?xml version = '1.0' encoding = 'UTF-8'?>
<Note class="oracle.dbtools.crest.model.design.Note" name="Note_1" id="75084721-E07C-7C62-1A48-BE6BF9EB9992" directorySegmentName="seg_0">
   <createdBy>smharper</createdBy>
   <createdTime>2011-01-07 09:18:59 UTC</createdTime>
   <changedBy>smharper</changedBy>
   <changedTime>2011-01-07 09:24:20 UTC</changedTime>
   <comment>      SQL Developer Data Modeler 3.0 &amp;lt;br&amp;gt;   ORDER ENTRY (OE)  Relational Model&amp;lt;br&amp;gt;==================================&amp;lt;br&amp;gt;This relational model is based on the import of the OE Sample Schema.</comment>
   <ownerDesignName>OE</ownerDesignName>
   <fonts>
      <FontObject class="oracle.dbtools.crest.model.design.FontObjectWr">
         <foType>Title</foType>
         <colorRGB>-16777216</colorRGB>
      </FontObject>
   </fonts>
</Note>