<?xml version = '1.0' encoding = 'UTF-8'?>
<Relation class="oracle.dbtools.crest.model.design.logical.Relation" name="SALES_PRODUCT_FK" directorySegmentName="seg_0" id="011C47ED-DD68-A8C7-DB62-35631A8E0D4E">
<createdBy>Administrator</createdBy>
<createdTime>2008-11-18 12:15:36 UTC</createdTime>
<generatorID>8F85E61B-A071-CFC9-B2C0-3EF25C220DED</generatorID>
<ownerDesignName>all_schemas</ownerDesignName>
<engineerTo>
<item key="D0D92D2B-4EA0-833C-FF58-91F3644E8E4A" value="true"/>
<item key="037A5BCA-FECF-4DC5-9A0B-0219848544BA" value="true"/>
<item key="44BA4DCC-3408-55FA-38FE-22F0223CD0E3" value="true"/>
<item key="BF105018-3CC9-F992-06AB-3F0BD4F6521B" value="true"/>
</engineerTo>
<sourcePk>BF23F9AF-7288-1364-FF2C-CE732C36EE7F</sourcePk>
<identifying>false</identifying>
<optionalSource>true</optionalSource>
<optionalTarget>false</optionalTarget>
<sourceCardinality>1</sourceCardinality>
<sourceEntity>7DDBC3B3-89AC-983C-3DEB-94DE01717E43</sourceEntity>
<targetCardinalityString>*</targetCardinalityString>
<targetEntity>3551C5F8-1419-2440-0FD3-57D6D00B90DE</targetEntity>
<transferable>true</transferable>
</Relation>