<?xml version = '1.0' encoding = 'UTF-8'?>
<Relation class="oracle.dbtools.crest.model.design.logical.Relation" name="PRODUCT_INFO_CATEGORY_FK" directorySegmentName="seg_0" id="108CFF0C-400F-7A68-4BD1-724A6D489EF3">
<createdBy>Administrator</createdBy>
<createdTime>2008-11-18 12:15:36 UTC</createdTime>
<generatorID>3527D5B7-5642-E719-2EAA-ED37AD2183C9</generatorID>
<ownerDesignName>all_schemas</ownerDesignName>
<engineerTo>
<item key="D0D92D2B-4EA0-833C-FF58-91F3644E8E4A" value="true"/>
<item key="037A5BCA-FECF-4DC5-9A0B-0219848544BA" value="true"/>
<item key="44BA4DCC-3408-55FA-38FE-22F0223CD0E3" value="true"/>
<item key="BF105018-3CC9-F992-06AB-3F0BD4F6521B" value="true"/>
</engineerTo>
<sourcePk>3C192FCF-807C-0650-06C0-DED9F275B52D</sourcePk>
<identifying>false</identifying>
<optionalSource>true</optionalSource>
<optionalTarget>true</optionalTarget>
<sourceCardinality>1</sourceCardinality>
<sourceEntity>8EFD57D5-5820-9496-2EC1-7EB8046DE755</sourceEntity>
<targetCardinalityString>*</targetCardinalityString>
<targetEntity>7C217A8D-C8C3-633F-EA46-E74D831F9094</targetEntity>
<transferable>true</transferable>
</Relation>