<?xml version = '1.0' encoding = 'UTF-8'?>
<Relation class="oracle.dbtools.crest.model.design.logical.Relation" name="COSTS_CHANNEL_FK" directorySegmentName="seg_0" id="1152B46C-1C5A-67F0-4C5B-D2C7205173D2">
<createdBy>Administrator</createdBy>
<createdTime>2008-11-18 12:15:36 UTC</createdTime>
<generatorID>B294B73E-CDE5-F4FA-A176-DBD0FB8C7B61</generatorID>
<ownerDesignName>all_schemas</ownerDesignName>
<engineerTo>
<item key="D0D92D2B-4EA0-833C-FF58-91F3644E8E4A" value="true"/>
<item key="037A5BCA-FECF-4DC5-9A0B-0219848544BA" value="true"/>
<item key="44BA4DCC-3408-55FA-38FE-22F0223CD0E3" value="true"/>
<item key="BF105018-3CC9-F992-06AB-3F0BD4F6521B" value="true"/>
</engineerTo>
<sourcePk>A06CAA1F-3D03-3124-5C4B-6C4EF0E49312</sourcePk>
<identifying>false</identifying>
<optionalSource>true</optionalSource>
<optionalTarget>false</optionalTarget>
<sourceCardinality>1</sourceCardinality>
<sourceEntity>96DAFB64-EF0D-4E31-A75F-E1C12B05DDE4</sourceEntity>
<targetCardinalityString>*</targetCardinalityString>
<targetEntity>20C8685B-C3BC-EF71-B9BC-6C994E6C4D21</targetEntity>
<transferable>true</transferable>
</Relation>