<?xml version = '1.0' encoding = 'UTF-8'?>
<Relation class="oracle.dbtools.crest.model.design.logical.Relation" name="ORDERS_CUSTOMER_ID_FK" directorySegmentName="seg_0" id="1EB43D81-4255-6BFD-5F38-CE5DC80F7951">
<createdBy>Administrator</createdBy>
<createdTime>2008-11-18 12:15:36 UTC</createdTime>
<generatorID>1B8FBB54-9EAF-8BDE-0DE6-98FE1A9C1878</generatorID>
<ownerDesignName>all_schemas</ownerDesignName>
<engineerTo>
<item key="D0D92D2B-4EA0-833C-FF58-91F3644E8E4A" value="true"/>
<item key="037A5BCA-FECF-4DC5-9A0B-0219848544BA" value="true"/>
<item key="44BA4DCC-3408-55FA-38FE-22F0223CD0E3" value="true"/>
<item key="BF105018-3CC9-F992-06AB-3F0BD4F6521B" value="true"/>
</engineerTo>
<sourcePk>0151BC9C-EE0D-0253-63F9-CAD95BE1D536</sourcePk>
<identifying>false</identifying>
<optionalSource>true</optionalSource>
<optionalTarget>false</optionalTarget>
<sourceCardinality>1</sourceCardinality>
<sourceEntity>2CFC0AA7-481A-C8CA-15FD-7E546FAFC72F</sourceEntity>
<targetCardinalityString>*</targetCardinalityString>
<targetEntity>AF51C786-B84D-BA70-5A4C-95CA1A3963F6</targetEntity>
<transferable>true</transferable>
</Relation>