<?xml version = '1.0' encoding = 'UTF-8'?>
<Relation class="oracle.dbtools.crest.model.design.logical.Relation" name="SALES_CHANNEL_FK" directorySegmentName="seg_0" id="20D148FC-7A01-5828-3A33-C9B5741EA6FA">
<createdBy>Administrator</createdBy>
<createdTime>2008-11-18 12:15:36 UTC</createdTime>
<generatorID>86F91C96-559D-76C8-F8BB-D9FCCBFFAEC3</generatorID>
<ownerDesignName>all_schemas</ownerDesignName>
<engineerTo>
<item key="D0D92D2B-4EA0-833C-FF58-91F3644E8E4A" value="true"/>
<item key="037A5BCA-FECF-4DC5-9A0B-0219848544BA" value="true"/>
<item key="44BA4DCC-3408-55FA-38FE-22F0223CD0E3" value="true"/>
<item key="BF105018-3CC9-F992-06AB-3F0BD4F6521B" value="true"/>
</engineerTo>
<sourcePk>A06CAA1F-3D03-3124-5C4B-6C4EF0E49312</sourcePk>
<identifying>false</identifying>
<optionalSource>true</optionalSource>
<optionalTarget>false</optionalTarget>
<sourceCardinality>1</sourceCardinality>
<sourceEntity>96DAFB64-EF0D-4E31-A75F-E1C12B05DDE4</sourceEntity>
<targetCardinalityString>*</targetCardinalityString>
<targetEntity>3551C5F8-1419-2440-0FD3-57D6D00B90DE</targetEntity>
<transferable>true</transferable>
</Relation>