<?xml version = '1.0' encoding = 'UTF-8'?>
<Relation class="oracle.dbtools.crest.model.design.logical.Relation" name="SALES_CUSTOMER_FK" directorySegmentName="seg_0" id="28FA4E8D-6B74-CB39-B813-A280B3BFA6CC">
<createdBy>Administrator</createdBy>
<createdTime>2008-11-18 12:15:36 UTC</createdTime>
<generatorID>DA0CFF9D-F2E4-41DD-B300-97E31C432FA8</generatorID>
<ownerDesignName>all_schemas</ownerDesignName>
<engineerTo>
<item key="D0D92D2B-4EA0-833C-FF58-91F3644E8E4A" value="true"/>
<item key="037A5BCA-FECF-4DC5-9A0B-0219848544BA" value="true"/>
<item key="44BA4DCC-3408-55FA-38FE-22F0223CD0E3" value="true"/>
<item key="BF105018-3CC9-F992-06AB-3F0BD4F6521B" value="true"/>
</engineerTo>
<sourcePk>2058CDEB-971E-0026-3626-17104986FD55</sourcePk>
<identifying>false</identifying>
<optionalSource>true</optionalSource>
<optionalTarget>false</optionalTarget>
<sourceCardinality>1</sourceCardinality>
<sourceEntity>B6669596-127B-3B0F-4401-560316C063E4</sourceEntity>
<targetCardinalityString>*</targetCardinalityString>
<targetEntity>3551C5F8-1419-2440-0FD3-57D6D00B90DE</targetEntity>
<transferable>true</transferable>
</Relation>