<?xml version = '1.0' encoding = 'UTF-8'?>
<Relation class="oracle.dbtools.crest.model.design.logical.Relation" name="SALES_TIME_FK" directorySegmentName="seg_0" id="32216DE3-D751-4A14-B1FE-36B36EFAF8E4">
<createdBy>Administrator</createdBy>
<createdTime>2008-11-18 12:15:36 UTC</createdTime>
<generatorID>CF323784-991B-0A97-53E5-62FD53510394</generatorID>
<ownerDesignName>all_schemas</ownerDesignName>
<engineerTo>
<item key="D0D92D2B-4EA0-833C-FF58-91F3644E8E4A" value="true"/>
<item key="037A5BCA-FECF-4DC5-9A0B-0219848544BA" value="true"/>
<item key="44BA4DCC-3408-55FA-38FE-22F0223CD0E3" value="true"/>
<item key="BF105018-3CC9-F992-06AB-3F0BD4F6521B" value="true"/>
</engineerTo>
<sourcePk>7522B412-99EE-F8D8-6A03-BB7C7260367A</sourcePk>
<identifying>false</identifying>
<optionalSource>true</optionalSource>
<optionalTarget>false</optionalTarget>
<sourceCardinality>1</sourceCardinality>
<sourceEntity>AA211A68-F484-5A49-F686-76FAC2A16607</sourceEntity>
<targetCardinalityString>*</targetCardinalityString>
<targetEntity>3551C5F8-1419-2440-0FD3-57D6D00B90DE</targetEntity>
<transferable>true</transferable>
</Relation>