<?xml version = '1.0' encoding = 'UTF-8'?>
<Relation class="oracle.dbtools.crest.model.design.logical.Relation" name="JHIST_JOB_FK" directorySegmentName="seg_0" id="41581524-1DD9-BCFB-49F8-C6F8E2FCAE9B">
<createdBy>Administrator</createdBy>
<createdTime>2008-11-18 12:15:36 UTC</createdTime>
<generatorID>9ADDA53C-9FAC-2245-9E5D-70EB43769546</generatorID>
<ownerDesignName>all_schemas</ownerDesignName>
<engineerTo>
<item key="D0D92D2B-4EA0-833C-FF58-91F3644E8E4A" value="true"/>
<item key="037A5BCA-FECF-4DC5-9A0B-0219848544BA" value="true"/>
<item key="44BA4DCC-3408-55FA-38FE-22F0223CD0E3" value="true"/>
<item key="BF105018-3CC9-F992-06AB-3F0BD4F6521B" value="true"/>
</engineerTo>
<sourcePk>41EAF67C-5445-3827-A51F-E477E7358007</sourcePk>
<identifying>false</identifying>
<optionalSource>true</optionalSource>
<optionalTarget>false</optionalTarget>
<sourceCardinality>1</sourceCardinality>
<sourceEntity>8878031F-D9CA-D6E3-1941-7D4D718A8802</sourceEntity>
<targetCardinalityString>*</targetCardinalityString>
<targetEntity>637C0DA9-0E67-F463-0ED6-936CC804BC81</targetEntity>
<transferable>true</transferable>
</Relation>