<?xml version = '1.0' encoding = 'UTF-8'?>
<Relation class="oracle.dbtools.crest.model.design.logical.Relation" name="SALES_PROMO_FK" directorySegmentName="seg_0" id="64C2BCCD-ED83-B042-ADC8-21F33A80DDD9">
<createdBy>Administrator</createdBy>
<createdTime>2008-11-18 12:15:36 UTC</createdTime>
<generatorID>CC22EDB5-FB7F-133A-3EEC-DB38D6518470</generatorID>
<ownerDesignName>all_schemas</ownerDesignName>
<engineerTo>
<item key="D0D92D2B-4EA0-833C-FF58-91F3644E8E4A" value="true"/>
<item key="037A5BCA-FECF-4DC5-9A0B-0219848544BA" value="true"/>
<item key="44BA4DCC-3408-55FA-38FE-22F0223CD0E3" value="true"/>
<item key="BF105018-3CC9-F992-06AB-3F0BD4F6521B" value="true"/>
</engineerTo>
<sourcePk>A7AB43E3-11FE-8022-D210-B0186BAFC7BC</sourcePk>
<identifying>false</identifying>
<optionalSource>true</optionalSource>
<optionalTarget>false</optionalTarget>
<sourceCardinality>1</sourceCardinality>
<sourceEntity>30C0AE06-ECE8-9E9F-BBA9-F2EBDBE6B18D</sourceEntity>
<targetCardinalityString>*</targetCardinalityString>
<targetEntity>3551C5F8-1419-2440-0FD3-57D6D00B90DE</targetEntity>
<transferable>true</transferable>
</Relation>