<?xml version = '1.0' encoding = 'UTF-8'?>
<Relation class="oracle.dbtools.crest.model.design.logical.Relation" name="CUSTOMERS_ACCOUNT_MANAGER_FK" directorySegmentName="seg_0" id="704078D2-3F50-7FA3-D835-A5CD2CBB7065">
<createdBy>Administrator</createdBy>
<createdTime>2008-11-18 12:15:36 UTC</createdTime>
<generatorID>B3CFB3B8-D73C-99A6-42CF-3EF802A8AD4D</generatorID>
<ownerDesignName>all_schemas</ownerDesignName>
<engineerTo>
<item key="D0D92D2B-4EA0-833C-FF58-91F3644E8E4A" value="true"/>
<item key="037A5BCA-FECF-4DC5-9A0B-0219848544BA" value="true"/>
<item key="44BA4DCC-3408-55FA-38FE-22F0223CD0E3" value="true"/>
<item key="BF105018-3CC9-F992-06AB-3F0BD4F6521B" value="true"/>
</engineerTo>
<sourcePk>FDB1A0B4-7569-E58A-B600-5A0526EB45B3</sourcePk>
<identifying>false</identifying>
<optionalSource>true</optionalSource>
<optionalTarget>true</optionalTarget>
<sourceCardinality>1</sourceCardinality>
<sourceEntity>EEE3ABF9-1CE1-846A-4FBA-81621407E503</sourceEntity>
<targetCardinalityString>*</targetCardinalityString>
<targetEntity>2CFC0AA7-481A-C8CA-15FD-7E546FAFC72F</targetEntity>
<transferable>true</transferable>
</Relation>