<?xml version = '1.0' encoding = 'UTF-8'?>
<Relation class="oracle.dbtools.crest.model.design.logical.Relation" name="WAREHOUSES_LOCATION_FK" directorySegmentName="seg_0" id="810007C9-41F9-3D23-A4C3-D3C098FACD7E">
<createdBy>Administrator</createdBy>
<createdTime>2008-11-18 12:15:36 UTC</createdTime>
<generatorID>CA7D141D-18B4-E3B3-CDCA-6DE203897E5A</generatorID>
<ownerDesignName>all_schemas</ownerDesignName>
<engineerTo>
<item key="D0D92D2B-4EA0-833C-FF58-91F3644E8E4A" value="true"/>
<item key="037A5BCA-FECF-4DC5-9A0B-0219848544BA" value="true"/>
<item key="44BA4DCC-3408-55FA-38FE-22F0223CD0E3" value="true"/>
<item key="BF105018-3CC9-F992-06AB-3F0BD4F6521B" value="true"/>
</engineerTo>
<sourcePk>501538B9-1F9F-C8EB-1C7B-8EE24AB78BD6</sourcePk>
<identifying>false</identifying>
<optionalSource>true</optionalSource>
<optionalTarget>true</optionalTarget>
<sourceCardinality>1</sourceCardinality>
<sourceEntity>917C1D88-8D4F-8C7F-F30C-52FEA5D93310</sourceEntity>
<targetCardinalityString>*</targetCardinalityString>
<targetEntity>B22C0D25-309A-9340-DFCD-EB449D0DABE7</targetEntity>
<transferable>true</transferable>
</Relation>