<?xml version = '1.0' encoding = 'UTF-8'?>
<Relation class="oracle.dbtools.crest.model.design.logical.Relation" name="JHIST_DEPT_FK" directorySegmentName="seg_0" id="AE824D83-BDBB-1106-5DCF-F4BEAC6C3BFE">
<createdBy>Administrator</createdBy>
<createdTime>2008-11-18 12:15:36 UTC</createdTime>
<generatorID>AD5B4DB4-6D5E-9A3D-0027-D653E4D3F5C8</generatorID>
<ownerDesignName>all_schemas</ownerDesignName>
<engineerTo>
<item key="D0D92D2B-4EA0-833C-FF58-91F3644E8E4A" value="true"/>
<item key="037A5BCA-FECF-4DC5-9A0B-0219848544BA" value="true"/>
<item key="44BA4DCC-3408-55FA-38FE-22F0223CD0E3" value="true"/>
<item key="BF105018-3CC9-F992-06AB-3F0BD4F6521B" value="true"/>
</engineerTo>
<sourcePk>471EE550-768A-9739-BCA0-D2625AFB1211</sourcePk>
<identifying>false</identifying>
<optionalSource>true</optionalSource>
<optionalTarget>true</optionalTarget>
<sourceCardinality>1</sourceCardinality>
<sourceEntity>0D20F865-FEBE-D80E-920F-3DC76BDC9DE9</sourceEntity>
<targetCardinalityString>*</targetCardinalityString>
<targetEntity>637C0DA9-0E67-F463-0ED6-936CC804BC81</targetEntity>
<transferable>true</transferable>
</Relation>