<?xml version = '1.0' encoding = 'UTF-8'?>
<Relation class="oracle.dbtools.crest.model.design.logical.Relation" name="INVENTORIES_WAREHOUSES_FK" directorySegmentName="seg_0" id="B2524B84-4A4A-9816-6F1E-53F5EE1AC50B">
<createdBy>Administrator</createdBy>
<createdTime>2008-11-18 12:15:36 UTC</createdTime>
<generatorID>BF594868-FFB4-8ED7-01BF-70E073A484EB</generatorID>
<ownerDesignName>all_schemas</ownerDesignName>
<engineerTo>
<item key="D0D92D2B-4EA0-833C-FF58-91F3644E8E4A" value="true"/>
<item key="037A5BCA-FECF-4DC5-9A0B-0219848544BA" value="true"/>
<item key="44BA4DCC-3408-55FA-38FE-22F0223CD0E3" value="true"/>
<item key="BF105018-3CC9-F992-06AB-3F0BD4F6521B" value="true"/>
</engineerTo>
<sourcePk>328757FA-9A18-CB05-20E4-CD8722568823</sourcePk>
<identifying>true</identifying>
<optionalSource>true</optionalSource>
<optionalTarget>false</optionalTarget>
<sourceCardinality>1</sourceCardinality>
<sourceEntity>B22C0D25-309A-9340-DFCD-EB449D0DABE7</sourceEntity>
<targetCardinalityString>*</targetCardinalityString>
<targetEntity>FC054440-7EA5-DE0B-DA91-F1CD879DE20A</targetEntity>
<transferable>true</transferable>
</Relation>