<?xml version = '1.0' encoding = 'UTF-8'?>
<Relation class="oracle.dbtools.crest.model.design.logical.Relation" name="COSTS_TIME_FK" directorySegmentName="seg_0" id="B8768BDD-03C6-1F49-28CC-07F00E614FCA">
<createdBy>Administrator</createdBy>
<createdTime>2008-11-18 12:15:36 UTC</createdTime>
<generatorID>E48444FD-0899-07E0-3DD4-A7212EF1ECC3</generatorID>
<ownerDesignName>all_schemas</ownerDesignName>
<engineerTo>
<item key="D0D92D2B-4EA0-833C-FF58-91F3644E8E4A" value="true"/>
<item key="037A5BCA-FECF-4DC5-9A0B-0219848544BA" value="true"/>
<item key="44BA4DCC-3408-55FA-38FE-22F0223CD0E3" value="true"/>
<item key="BF105018-3CC9-F992-06AB-3F0BD4F6521B" value="true"/>
</engineerTo>
<sourcePk>7522B412-99EE-F8D8-6A03-BB7C7260367A</sourcePk>
<identifying>false</identifying>
<optionalSource>true</optionalSource>
<optionalTarget>false</optionalTarget>
<sourceCardinality>1</sourceCardinality>
<sourceEntity>AA211A68-F484-5A49-F686-76FAC2A16607</sourceEntity>
<targetCardinalityString>*</targetCardinalityString>
<targetEntity>20C8685B-C3BC-EF71-B9BC-6C994E6C4D21</targetEntity>
<transferable>true</transferable>
</Relation>