<?xml version = '1.0' encoding = 'UTF-8'?>
<Relation class="oracle.dbtools.crest.model.design.logical.Relation" name="INVENTORIES_PRODUCT_ID_FK" directorySegmentName="seg_0" id="BF40BD5E-8453-4342-A42B-819B86A11C28">
<createdBy>Administrator</createdBy>
<createdTime>2008-11-18 12:15:36 UTC</createdTime>
<generatorID>D7ADB99A-E6A1-9B1C-E22D-9552BBD1CCE0</generatorID>
<ownerDesignName>all_schemas</ownerDesignName>
<engineerTo>
<item key="D0D92D2B-4EA0-833C-FF58-91F3644E8E4A" value="true"/>
<item key="037A5BCA-FECF-4DC5-9A0B-0219848544BA" value="true"/>
<item key="44BA4DCC-3408-55FA-38FE-22F0223CD0E3" value="true"/>
<item key="BF105018-3CC9-F992-06AB-3F0BD4F6521B" value="true"/>
</engineerTo>
<sourcePk>129FC15E-39F4-EFB5-A9E7-1D8B9BAD518F</sourcePk>
<identifying>true</identifying>
<optionalSource>true</optionalSource>
<optionalTarget>false</optionalTarget>
<sourceCardinality>1</sourceCardinality>
<sourceEntity>7C217A8D-C8C3-633F-EA46-E74D831F9094</sourceEntity>
<targetCardinalityString>*</targetCardinalityString>
<targetEntity>FC054440-7EA5-DE0B-DA91-F1CD879DE20A</targetEntity>
<transferable>true</transferable>
</Relation>