<?xml version = '1.0' encoding = 'UTF-8'?>
<Relation class="oracle.dbtools.crest.model.design.logical.Relation" name="COUNTR_REG_FK" directorySegmentName="seg_0" id="C63AF9A0-2DEA-7953-8B63-AD13188D4F7F">
<createdBy>Administrator</createdBy>
<createdTime>2008-11-18 12:15:36 UTC</createdTime>
<generatorID>4E60D625-AD9A-2523-FD47-8F4FACE7B772</generatorID>
<ownerDesignName>all_schemas</ownerDesignName>
<engineerTo>
<item key="D0D92D2B-4EA0-833C-FF58-91F3644E8E4A" value="true"/>
<item key="037A5BCA-FECF-4DC5-9A0B-0219848544BA" value="true"/>
<item key="44BA4DCC-3408-55FA-38FE-22F0223CD0E3" value="true"/>
<item key="BF105018-3CC9-F992-06AB-3F0BD4F6521B" value="true"/>
</engineerTo>
<sourcePk>E109398C-CC40-FFCD-1C9E-5FBF3ACACB9F</sourcePk>
<identifying>false</identifying>
<optionalSource>true</optionalSource>
<optionalTarget>true</optionalTarget>
<sourceCardinality>1</sourceCardinality>
<sourceEntity>CE7EDFB1-74BC-9CB7-6DDA-67F4C9503488</sourceEntity>
<targetCardinalityString>*</targetCardinalityString>
<targetEntity>CEEC9063-E683-C9E3-5E7A-F99AC8429FB3</targetEntity>
<transferable>true</transferable>
</Relation>