<?xml version = '1.0' encoding = 'UTF-8'?>
<Relation class="oracle.dbtools.crest.model.design.logical.Relation" name="CUSTOMERS_COUNTRY_FK" directorySegmentName="seg_0" id="D755D700-C410-D4AA-63A0-A859201F1D56">
<createdBy>Administrator</createdBy>
<createdTime>2008-11-18 12:15:36 UTC</createdTime>
<generatorID>98C44588-C39D-7FE1-C2A7-D4A5A9919753</generatorID>
<ownerDesignName>all_schemas</ownerDesignName>
<engineerTo>
<item key="D0D92D2B-4EA0-833C-FF58-91F3644E8E4A" value="true"/>
<item key="037A5BCA-FECF-4DC5-9A0B-0219848544BA" value="true"/>
<item key="44BA4DCC-3408-55FA-38FE-22F0223CD0E3" value="true"/>
<item key="BF105018-3CC9-F992-06AB-3F0BD4F6521B" value="true"/>
</engineerTo>
<sourcePk>AD434BC2-3935-C642-634A-9AB0E5A856FE</sourcePk>
<identifying>false</identifying>
<optionalSource>true</optionalSource>
<optionalTarget>false</optionalTarget>
<sourceCardinality>1</sourceCardinality>
<sourceEntity>0458E227-9F36-6BB1-E4D2-A2272E418861</sourceEntity>
<targetCardinalityString>*</targetCardinalityString>
<targetEntity>B6669596-127B-3B0F-4401-560316C063E4</targetEntity>
<transferable>true</transferable>
</Relation>