<?xml version = '1.0' encoding = 'UTF-8'?>
<Relation class="oracle.dbtools.crest.model.design.logical.Relation" name="ORDERS_SALES_REP_FK" directorySegmentName="seg_0" id="E30BC26B-4656-AD91-150F-66CD9380B1D6">
<createdBy>Administrator</createdBy>
<createdTime>2008-11-18 12:15:36 UTC</createdTime>
<generatorID>0E02678F-6B1A-2259-CC3D-EFA0FB7B4690</generatorID>
<ownerDesignName>all_schemas</ownerDesignName>
<engineerTo>
<item key="D0D92D2B-4EA0-833C-FF58-91F3644E8E4A" value="true"/>
<item key="037A5BCA-FECF-4DC5-9A0B-0219848544BA" value="true"/>
<item key="44BA4DCC-3408-55FA-38FE-22F0223CD0E3" value="true"/>
<item key="BF105018-3CC9-F992-06AB-3F0BD4F6521B" value="true"/>
</engineerTo>
<sourcePk>FDB1A0B4-7569-E58A-B600-5A0526EB45B3</sourcePk>
<identifying>false</identifying>
<optionalSource>true</optionalSource>
<optionalTarget>true</optionalTarget>
<sourceCardinality>1</sourceCardinality>
<sourceEntity>EEE3ABF9-1CE1-846A-4FBA-81621407E503</sourceEntity>
<targetCardinalityString>*</targetCardinalityString>
<targetEntity>AF51C786-B84D-BA70-5A4C-95CA1A3963F6</targetEntity>
<transferable>true</transferable>
</Relation>