<?xml version = '1.0' encoding = 'UTF-8'?>
<Relation class="oracle.dbtools.crest.model.design.logical.Relation" name="ORDER_ITEMS_ORDER_ID_FK" directorySegmentName="seg_0" id="F19A0793-1F05-A52A-59E8-E8434FFCE1B7">
<createdBy>Administrator</createdBy>
<createdTime>2008-11-18 12:15:36 UTC</createdTime>
<generatorID>81B22722-FFB0-8C4B-9B6B-EC492939B180</generatorID>
<ownerDesignName>all_schemas</ownerDesignName>
<engineerTo>
<item key="D0D92D2B-4EA0-833C-FF58-91F3644E8E4A" value="true"/>
<item key="037A5BCA-FECF-4DC5-9A0B-0219848544BA" value="true"/>
<item key="44BA4DCC-3408-55FA-38FE-22F0223CD0E3" value="true"/>
<item key="BF105018-3CC9-F992-06AB-3F0BD4F6521B" value="true"/>
</engineerTo>
<sourcePk>3DD9D429-635F-8C33-8E1C-3994054377B1</sourcePk>
<identifying>true</identifying>
<optionalSource>true</optionalSource>
<optionalTarget>false</optionalTarget>
<sourceCardinality>1</sourceCardinality>
<sourceEntity>AF51C786-B84D-BA70-5A4C-95CA1A3963F6</sourceEntity>
<targetCardinalityString>*</targetCardinalityString>
<targetEntity>3FC31CA2-C878-FB2D-FB21-801DF26DB968</targetEntity>
<transferable>true</transferable>
</Relation>