<?xml version = '1.0' encoding = 'UTF-8'?>
<StructuredTypeProxyOraclev10g class="oracle.dbtools.crest.model.design.storage.oracle.v10g.StructuredTypeProxyOraclev10g" name="SDO_GEOMETRY" id="47E390DE-0671-C4B1-8428-0F45CBEE18F8" directorySegmentName="seg_0">
   <createdBy>smharper</createdBy>
   <createdTime>2011-01-07 12:34:12 UTC</createdTime>
   <changedBy>smharper</changedBy>
   <changedTime>2011-01-07 12:34:12 UTC</changedTime>
   <ownerDesignName>HR</ownerDesignName>
   <owner>MDSYS</owner>
</StructuredTypeProxyOraclev10g>