<?xml version = '1.0' encoding = 'UTF-8'?>
<Diagram class="oracle.dbtools.crest.swingui.relational.DPVRelationalSubView" name="OE" id="5EE0ADAA-1E30-C814-5F9D-6BB23E1E925A">
<createdBy>Administrator</createdBy>
<modifiedBy>User</modifiedBy>
<createdTime>2009-05-26 21:09:24 UTC</createdTime>
<autoRoute>false</autoRoute>
<boxInbox>false</boxInbox>
<showLegend>false</showLegend>
<showLabels>false</showLabels>
<showRelAttributes>false</showRelAttributes>
<gridEnabled>false</gridEnabled>
<showGrid>false</showGrid>
<diagramColor>-1</diagramColor>
<display>false</display>
<notation>1</notation>
<objectViews>
<OView class="oracle.dbtools.crest.swingui.relational.TVTable" oid="03BB80BE-8E66-2D88-B16F-09139273FD38" otype="Table" vid="1900DE19-09F1-8C4A-EEBC-64AD5FC23D47">
<hideElementsInCurrentOnly>false</hideElementsInCurrentOnly>
<bounds x="20" y="20" width="401" height="231"/>
</OView>
<OView class="oracle.dbtools.crest.swingui.relational.TVView" oid="082013F4-9580-A3D0-B9DA-04208A0E9EEC" otype="View" vid="FB55932E-00F4-4C3F-6EBE-125CB0FDC7BA">
<hideElementsInCurrentOnly>false</hideElementsInCurrentOnly>
<bounds x="343" y="962" width="252" height="85"/>
</OView>
<OView class="oracle.dbtools.crest.swingui.relational.TVView" oid="0C762CB4-70E7-7D79-B7F0-712287A3D62C" otype="View" vid="83F3112B-81CD-050C-CBA8-C5D78DD8F5E2">
<hideElementsInCurrentOnly>false</hideElementsInCurrentOnly>
<bounds x="343" y="1091" width="252" height="71"/>
</OView>
<OView class="oracle.dbtools.crest.swingui.relational.TVView" oid="3AB99239-D002-7D65-A782-EC857330CDC9" otype="View" vid="D3FB2FC2-51A0-35BF-E16B-45AE0BCD0603">
<hideElementsInCurrentOnly>false</hideElementsInCurrentOnly>
<bounds x="22" y="962" width="252" height="197"/>
</OView>
<OView class="oracle.dbtools.crest.swingui.relational.TVTable" oid="4967EC81-4213-65F8-490C-689F2C3AA263" otype="Table" vid="254E2266-2925-7E82-10D1-AD9B65437002">
<hideElementsInCurrentOnly>false</hideElementsInCurrentOnly>
<bounds x="1129" y="351" width="401" height="232"/>
</OView>
<OView class="oracle.dbtools.crest.swingui.relational.TVTable" oid="674A3173-75FD-1B4B-F7C1-27C59D147834" otype="Table" vid="593B13B7-7914-BFCD-4D05-8A711B9AABD4">
<hideElementsInCurrentOnly>false</hideElementsInCurrentOnly>
<bounds x="20" y="690" width="401" height="231"/>
</OView>
<OView class="oracle.dbtools.crest.swingui.relational.TVTable" oid="892A0937-1265-F663-3E16-9D9CF2706DB9" otype="Table" vid="90CDD80B-DE95-FCCA-4E50-BC4319D0A1AF">
<hideElementsInCurrentOnly>false</hideElementsInCurrentOnly>
<bounds x="20" y="351" width="401" height="231"/>
</OView>
<OView class="oracle.dbtools.crest.swingui.relational.TVTable" oid="9443AE59-506B-195D-39B8-E45A779C90BE" otype="Table" vid="0C2210B8-B3D2-FEA7-4EB8-A79EEBB061E9">
<hideElementsInCurrentOnly>false</hideElementsInCurrentOnly>
<bounds x="1135" y="20" width="401" height="231"/>
</OView>
<OView class="oracle.dbtools.crest.swingui.relational.TVTable" oid="9D0ADB9C-18E7-FCEE-8CCA-42E6B1532A5F" otype="Table" vid="85EDB393-7389-8187-F3B2-EE123AC8593A">
<hideElementsInCurrentOnly>false</hideElementsInCurrentOnly>
<bounds x="587" y="20" width="401" height="232"/>
</OView>
<OView class="oracle.dbtools.crest.swingui.relational.TVTable" oid="B20129C4-1399-9E2C-058E-500AB376E5D4" otype="Table" vid="C500996C-92C4-D701-B25B-1E9EE8537340">
<hideElementsInCurrentOnly>false</hideElementsInCurrentOnly>
<bounds x="587" y="351" width="401" height="232"/>
</OView>
<OView class="oracle.dbtools.crest.swingui.relational.TVView" oid="B78B6F3B-72DD-3314-D58E-A356FFA76EF9" otype="View" vid="A865C937-558C-6B54-D921-DD996CC022CF">
<hideElementsInCurrentOnly>false</hideElementsInCurrentOnly>
<bounds x="662" y="1086" width="252" height="71"/>
</OView>
<OView class="oracle.dbtools.crest.swingui.relational.TVTable" oid="BE0F0A9F-0561-BB7C-19CE-D8BED34BB5B7" otype="Table" vid="B110A37D-DB4C-8CEF-B3B1-8D9A40C0B204">
<hideElementsInCurrentOnly>false</hideElementsInCurrentOnly>
<bounds x="1119" y="690" width="401" height="320"/>
</OView>
<OView class="oracle.dbtools.crest.swingui.relational.TVView" oid="D0A9496F-E1E4-B920-0324-A15AC1E2DF69" otype="View" vid="3832BB6C-2FE5-AEF5-5C17-FED978908CC4">
<hideElementsInCurrentOnly>false</hideElementsInCurrentOnly>
<bounds x="662" y="962" width="252" height="71"/>
</OView>
</objectViews>
<connectors>
<Connector class="oracle.dbtools.crest.swingui.relational.TVFKRelation" oid="1B8FBB54-9EAF-8BDE-0DE6-98FE1A9C1878" otype="FKIndexAssociation" vid_source="B110A37D-DB4C-8CEF-B3B1-8D9A40C0B204" vid_target="254E2266-2925-7E82-10D1-AD9B65437002">
<hideElementsInCurrentOnly>false</hideElementsInCurrentOnly>
<backgroundColor>-16777216</backgroundColor>
<lineWidth>1</lineWidth>
<points>
<point x="1324" y="690"/>
<point x="1324" y="583"/>
</points>
</Connector>
<Connector class="oracle.dbtools.crest.swingui.relational.TVFKRelation" oid="3527D5B7-5642-E719-2EAA-ED37AD2183C9" otype="FKIndexAssociation" vid_source="0C2210B8-B3D2-FEA7-4EB8-A79EEBB061E9" vid_target="85EDB393-7389-8187-F3B2-EE123AC8593A">
<hideElementsInCurrentOnly>false</hideElementsInCurrentOnly>
<backgroundColor>-16777216</backgroundColor>
<lineWidth>1</lineWidth>
<points>
<point x="1135" y="134"/>
<point x="1053" y="134"/>
<point x="988" y="134"/>
</points>
</Connector>
<Connector class="oracle.dbtools.crest.swingui.relational.TVFKRelation" oid="81B22722-FFB0-8C4B-9B6B-EC492939B180" otype="FKIndexAssociation" vid_source="254E2266-2925-7E82-10D1-AD9B65437002" vid_target="C500996C-92C4-D701-B25B-1E9EE8537340">
<hideElementsInCurrentOnly>false</hideElementsInCurrentOnly>
<backgroundColor>-16777216</backgroundColor>
<lineWidth>1</lineWidth>
<points>
<point x="1129" y="456"/>
<point x="988" y="456"/>
</points>
</Connector>
<Connector class="oracle.dbtools.crest.swingui.relational.TVFKRelation" oid="9AFADFB4-E08B-96E2-D682-CF118BAFA670" otype="FKIndexAssociation" vid_source="85EDB393-7389-8187-F3B2-EE123AC8593A" vid_target="C500996C-92C4-D701-B25B-1E9EE8537340">
<hideElementsInCurrentOnly>false</hideElementsInCurrentOnly>
<backgroundColor>-16777216</backgroundColor>
<lineWidth>1</lineWidth>
<points>
<point x="786" y="252"/>
<point x="786" y="307"/>
<point x="786" y="307"/>
<point x="786" y="351"/>
</points>
</Connector>
<Connector class="oracle.dbtools.crest.swingui.relational.TVFKRelation" oid="BF594868-FFB4-8ED7-01BF-70E073A484EB" otype="FKIndexAssociation" vid_source="90CDD80B-DE95-FCCA-4E50-BC4319D0A1AF" vid_target="1900DE19-09F1-8C4A-EEBC-64AD5FC23D47">
<hideElementsInCurrentOnly>false</hideElementsInCurrentOnly>
<backgroundColor>-16777216</backgroundColor>
<lineWidth>1</lineWidth>
<points>
<point x="204" y="351"/>
<point x="204" y="294"/>
<point x="204" y="294"/>
<point x="204" y="251"/>
</points>
</Connector>
<Connector class="oracle.dbtools.crest.swingui.relational.TVFKRelation" oid="D7ADB99A-E6A1-9B1C-E22D-9552BBD1CCE0" otype="FKIndexAssociation" vid_source="85EDB393-7389-8187-F3B2-EE123AC8593A" vid_target="1900DE19-09F1-8C4A-EEBC-64AD5FC23D47">
<hideElementsInCurrentOnly>false</hideElementsInCurrentOnly>
<backgroundColor>-16777216</backgroundColor>
<lineWidth>1</lineWidth>
<points>
<point x="587" y="135"/>
<point x="421" y="135"/>
</points>
</Connector>
</connectors>
</Diagram>