<?xml version = '1.0' encoding = 'UTF-8'?>
<Diagram class="oracle.dbtools.crest.swingui.relational.DPVRelational" name="Full_Sample_Dictionary_Import" id="DEA404C2-D982-E8AA-90A6-A9340DECA6C9">
<createdBy>Administrator</createdBy>
<modifiedBy>User</modifiedBy>
<createdTime>2009-05-26 21:09:23 UTC</createdTime>
<autoRoute>false</autoRoute>
<boxInbox>false</boxInbox>
<showLegend>false</showLegend>
<showLabels>false</showLabels>
<showRelAttributes>false</showRelAttributes>
<gridEnabled>false</gridEnabled>
<showGrid>false</showGrid>
<diagramColor>-1</diagramColor>
<display>false</display>
<notation>1</notation>
<objectViews>
<OView class="oracle.dbtools.crest.swingui.relational.TVTable" oid="03BB80BE-8E66-2D88-B16F-09139273FD38" otype="Table" vid="95F73F30-E1A9-175C-15AC-206E49DD257C">
<hideElementsInCurrentOnly>false</hideElementsInCurrentOnly>
<bounds x="371" y="1293" width="280" height="202"/>
</OView>
<OView class="oracle.dbtools.crest.swingui.relational.TVView" oid="06DC31BC-1FE2-AD71-D04A-F1144F91D9E1" otype="View" vid="67708B6F-C70A-6B74-7638-D8CDB48A84B5">
<hideElementsInCurrentOnly>false</hideElementsInCurrentOnly>
<bounds x="580" y="5893" width="231" height="98"/>
</OView>
<OView class="oracle.dbtools.crest.swingui.relational.TVView" oid="082013F4-9580-A3D0-B9DA-04208A0E9EEC" otype="View" vid="EBABD7B9-5A45-EFC2-807A-9B38ED407345">
<hideElementsInCurrentOnly>false</hideElementsInCurrentOnly>
<bounds x="1097" y="5893" width="196" height="84"/>
</OView>
<OView class="oracle.dbtools.crest.swingui.relational.TVTable" oid="0A34277C-3996-29C2-1EB9-6FE23D932FB3" otype="Table" vid="591F4609-6151-E076-64C5-E9697CAC950D">
<hideElementsInCurrentOnly>false</hideElementsInCurrentOnly>
<bounds x="2226" y="3731" width="280" height="321"/>
</OView>
<OView class="oracle.dbtools.crest.swingui.relational.TVView" oid="0C762CB4-70E7-7D79-B7F0-712287A3D62C" otype="View" vid="3D73BB35-784A-D993-D797-F17093138A75">
<hideElementsInCurrentOnly>false</hideElementsInCurrentOnly>
<bounds x="1343" y="5893" width="252" height="70"/>
</OView>
<OView class="oracle.dbtools.crest.swingui.relational.TVTable" oid="125453FC-2D61-B7EA-F86D-B5A388EE7DC9" otype="Table" vid="74FE024D-960C-3F4F-F68E-5C96B4FFEFBC">
<hideElementsInCurrentOnly>false</hideElementsInCurrentOnly>
<bounds x="576" y="4671" width="280" height="321"/>
</OView>
<OView class="oracle.dbtools.crest.swingui.relational.TVTable" oid="185FD3DB-3B2C-100B-7A4A-3A651435BE71" otype="Table" vid="F09B7794-DBCC-CC1C-C9B6-33AAAEB63E2E">
<hideElementsInCurrentOnly>false</hideElementsInCurrentOnly>
<bounds x="20" y="20" width="280" height="222"/>
</OView>
<OView class="oracle.dbtools.crest.swingui.relational.TVTable" oid="18F78F23-990A-CF15-D697-32C991750D81" otype="Table" vid="EE434213-F671-D5B8-7DBA-B0892DC7A2CB">
<hideElementsInCurrentOnly>false</hideElementsInCurrentOnly>
<bounds x="2226" y="3261" width="280" height="321"/>
</OView>
<OView class="oracle.dbtools.crest.swingui.relational.TVView" oid="1AEBE826-59D9-9D4D-44E9-0F2EB2B5A0C9" otype="View" vid="9A1F0F1F-E65E-5246-4639-E088FAB32748">
<hideElementsInCurrentOnly>false</hideElementsInCurrentOnly>
<bounds x="991" y="5041" width="322" height="474"/>
</OView>
<OView class="oracle.dbtools.crest.swingui.relational.TVTable" oid="22E41E54-33D3-9163-52D3-DE04B0425E3B" otype="Table" vid="A9C5C351-104E-441B-96F7-BA291841C6E1">
<hideElementsInCurrentOnly>false</hideElementsInCurrentOnly>
<bounds x="424" y="2873" width="280" height="210"/>
</OView>
<OView class="oracle.dbtools.crest.swingui.relational.TVTable" oid="2BFB35E0-B370-4CB8-346E-A6B64B4A3DC1" otype="Table" vid="969A91C5-8FF6-AB82-7AFD-78918416444A">
<hideElementsInCurrentOnly>false</hideElementsInCurrentOnly>
<bounds x="1236" y="4671" width="280" height="321"/>
</OView>
<OView class="oracle.dbtools.crest.swingui.relational.TVTable" oid="2C531C8D-3DA3-59B5-0452-F1A0D969C27C" otype="Table" vid="D60E96C1-F81F-2847-9E5E-F2C59947F5DF">
<hideElementsInCurrentOnly>false</hideElementsInCurrentOnly>
<bounds x="371" y="746" width="280" height="202"/>
</OView>
<OView class="oracle.dbtools.crest.swingui.relational.TVTable" oid="2E16E288-1889-58DC-8FF6-F1C377C810F9" otype="Table" vid="D0BB1D7B-EAC5-BE13-0302-C80DA99A0167">
<hideElementsInCurrentOnly>false</hideElementsInCurrentOnly>
<bounds x="1504" y="1993" width="360" height="572"/>
</OView>
<OView class="oracle.dbtools.crest.swingui.relational.TVTable" oid="2E990410-B222-2F5E-80B3-28583E099807" otype="Table" vid="532FB3EB-ACF8-BE28-5AA1-2531070164EC">
<hideElementsInCurrentOnly>false</hideElementsInCurrentOnly>
<bounds x="1896" y="4201" width="280" height="321"/>
</OView>
<OView class="oracle.dbtools.crest.swingui.relational.TVView" oid="3AB99239-D002-7D65-A782-EC857330CDC9" otype="View" vid="D57039EE-39D7-7BAB-2720-62FE31C9790E">
<hideElementsInCurrentOnly>false</hideElementsInCurrentOnly>
<bounds x="246" y="5635" width="392" height="195"/>
</OView>
<OView class="oracle.dbtools.crest.swingui.relational.TVTable" oid="3FE9BDD9-8918-6064-3575-7DAE91E55797" otype="Table" vid="BB9B2494-AAFE-7F61-4F18-16D5830E1EB6">
<hideElementsInCurrentOnly>false</hideElementsInCurrentOnly>
<bounds x="1896" y="3261" width="280" height="321"/>
</OView>
<OView class="oracle.dbtools.crest.swingui.relational.TVTable" oid="457B825A-6B82-DB52-75FB-2606B2CD3F02" otype="Table" vid="A336D690-1CBE-12CC-CF83-B6BA7898FDAF">
<hideElementsInCurrentOnly>false</hideElementsInCurrentOnly>
<bounds x="576" y="3261" width="280" height="321"/>
</OView>
<OView class="oracle.dbtools.crest.swingui.relational.TVTable" oid="488D8AFD-6679-8EE8-7359-B240456FC754" otype="Table" vid="3FF4516F-275B-F980-2E35-A57D04CB84FF">
<hideElementsInCurrentOnly>false</hideElementsInCurrentOnly>
<bounds x="380" y="460" width="280" height="222"/>
</OView>
<OView class="oracle.dbtools.crest.swingui.relational.TVTable" oid="4967EC81-4213-65F8-490C-689F2C3AA263" otype="Table" vid="51A6F1AE-B611-5316-A91C-CE52EB3A0BC7">
<hideElementsInCurrentOnly>false</hideElementsInCurrentOnly>
<bounds x="1340" y="460" width="280" height="222"/>
</OView>
<OView class="oracle.dbtools.crest.swingui.relational.TVTable" oid="4C9BD635-FE93-1075-EB4E-7E149AB32E9E" otype="Table" vid="F1061A17-4FE6-EB2B-30BC-78485099C8E1">
<hideElementsInCurrentOnly>false</hideElementsInCurrentOnly>
<bounds x="246" y="4671" width="280" height="321"/>
</OView>
<OView class="oracle.dbtools.crest.swingui.relational.TVTable" oid="53351FA5-C8DD-8D1F-0336-1F96256F014D" otype="Table" vid="39E03D86-A1C5-9E42-24EC-A87D637AE169">
<hideElementsInCurrentOnly>false</hideElementsInCurrentOnly>
<bounds x="1566" y="4671" width="280" height="321"/>
</OView>
<OView class="oracle.dbtools.crest.swingui.relational.TVView" oid="5B0216DA-5073-6264-F413-26B33DBFC3B4" otype="View" vid="F8729364-C7E5-7257-F347-ECB0B25B1385">
<hideElementsInCurrentOnly>false</hideElementsInCurrentOnly>
<bounds x="1618" y="5635" width="272" height="97"/>
</OView>
<OView class="oracle.dbtools.crest.swingui.relational.TVTable" oid="5CB572B8-E47E-15A6-A56F-E175AA2A7847" otype="Table" vid="A1F61F58-5A3F-0304-7031-F30FB9B75D61">
<hideElementsInCurrentOnly>false</hideElementsInCurrentOnly>
<bounds x="906" y="4671" width="280" height="321"/>
</OView>
<OView class="oracle.dbtools.crest.swingui.relational.TVView" oid="5E20AD7D-95A4-D0CD-3020-5BCAA836B257" otype="View" vid="C63D435B-4F99-422B-3516-B1E913AE3B8A">
<hideElementsInCurrentOnly>false</hideElementsInCurrentOnly>
<bounds x="688" y="5635" width="224" height="167"/>
</OView>
<OView class="oracle.dbtools.crest.swingui.relational.TVTable" oid="60E6FFA7-C033-DCD8-B440-025ADBE27823" otype="Table" vid="F42CEB02-BCD4-9A00-F8D1-2174E8AD2245">
<hideElementsInCurrentOnly>false</hideElementsInCurrentOnly>
<bounds x="784" y="2433" width="280" height="422"/>
</OView>
<OView class="oracle.dbtools.crest.swingui.relational.TVTable" oid="66001FBA-016E-3A68-EC0A-6F0DA8AD7813" otype="Table" vid="2FEBB323-F040-E70D-42B5-2786F8A96EB6">
<hideElementsInCurrentOnly>false</hideElementsInCurrentOnly>
<bounds x="64" y="2873" width="280" height="210"/>
</OView>
<OView class="oracle.dbtools.crest.swingui.relational.TVTable" oid="674A3173-75FD-1B4B-F7C1-27C59D147834" otype="Table" vid="EA5FC614-4128-0E1F-E5D6-2FC51E1B450C">
<hideElementsInCurrentOnly>false</hideElementsInCurrentOnly>
<bounds x="1566" y="3731" width="280" height="321"/>
</OView>
<OView class="oracle.dbtools.crest.swingui.relational.TVTable" oid="67C0D93E-0C2C-F597-56D0-9C0BAC5F12D1" otype="Table" vid="B53062B3-E1BE-54A2-4471-768D8BDAE0A9">
<hideElementsInCurrentOnly>false</hideElementsInCurrentOnly>
<bounds x="1236" y="4201" width="280" height="321"/>
</OView>
<OView class="oracle.dbtools.crest.swingui.relational.TVTable" oid="6D993EDC-0D2E-04E9-E93D-60FA778111EA" otype="Table" vid="CB7D9CB5-5258-ADE5-E5B0-A2BF0620E365">
<hideElementsInCurrentOnly>false</hideElementsInCurrentOnly>
<bounds x="1896" y="4671" width="280" height="321"/>
</OView>
<OView class="oracle.dbtools.crest.swingui.relational.TVView" oid="6E24464B-6B67-41C0-432B-9B250F986EBC" otype="View" vid="AA576862-3032-F19A-3360-3B3375268734">
<hideElementsInCurrentOnly>false</hideElementsInCurrentOnly>
<bounds x="246" y="5041" width="320" height="530"/>
</OView>
<OView class="oracle.dbtools.crest.swingui.relational.TVView" oid="750A8CD5-E4AC-1C1E-65D4-16C231D9FFB2" otype="View" vid="8926426A-A704-5EDD-4ADD-AF32C248DEE6">
<hideElementsInCurrentOnly>false</hideElementsInCurrentOnly>
<bounds x="1742" y="5041" width="231" height="250"/>
</OView>
<OView class="oracle.dbtools.crest.swingui.relational.TVTable" oid="75166F54-179B-6FB5-3E00-01F9980349F8" otype="Table" vid="EE1B36AD-65CF-8312-C79D-AB28FC9F2859">
<hideElementsInCurrentOnly>false</hideElementsInCurrentOnly>
<bounds x="801" y="746" width="280" height="202"/>
</OView>
<OView class="oracle.dbtools.crest.swingui.relational.TVTable" oid="7BB39DCA-43D1-0D67-381D-E259FD6A61F8" otype="Table" vid="58797E66-8E61-181E-A04B-EB5FC5AEBEEC">
<hideElementsInCurrentOnly>false</hideElementsInCurrentOnly>
<bounds x="576" y="3731" width="280" height="321"/>
</OView>
<OView class="oracle.dbtools.crest.swingui.relational.TVView" oid="7FFD34CB-C203-CC96-62E5-CAF7A395DED4" otype="View" vid="A2FB4FF3-4C46-793A-ED17-A4EC6339EF60">
<hideElementsInCurrentOnly>false</hideElementsInCurrentOnly>
<bounds x="861" y="5893" width="186" height="98"/>
</OView>
<OView class="oracle.dbtools.crest.swingui.relational.TVView" oid="8214BB8F-6B2A-18EB-E207-49DB7A89E69A" otype="View" vid="D2B06587-EBC7-AB42-09CC-BC7E5E251B9F">
<hideElementsInCurrentOnly>false</hideElementsInCurrentOnly>
<bounds x="616" y="5041" width="325" height="530"/>
</OView>
<OView class="oracle.dbtools.crest.swingui.relational.TVTable" oid="854636B5-5225-2752-DF03-CFE820326CF9" otype="Table" vid="0E96A706-826F-34CA-A614-579F2FC7B3BB">
<hideElementsInCurrentOnly>false</hideElementsInCurrentOnly>
<bounds x="1236" y="3261" width="280" height="321"/>
</OView>
<OView class="oracle.dbtools.crest.swingui.relational.TVTable" oid="860AAD3D-B933-B62B-908D-D2CB37D44B40" otype="Table" vid="4706CBDB-0D8B-37C5-CBC7-FEC9A82C28DF">
<hideElementsInCurrentOnly>false</hideElementsInCurrentOnly>
<bounds x="906" y="3261" width="280" height="321"/>
</OView>
<OView class="oracle.dbtools.crest.swingui.relational.TVTable" oid="87F4CFC5-C231-BEBA-B709-6D43D478A37C" otype="Table" vid="7917472E-8750-CB1C-0EFB-7E0E43684AF9">
<hideElementsInCurrentOnly>false</hideElementsInCurrentOnly>
<bounds x="1144" y="2433" width="280" height="321"/>
</OView>
<OView class="oracle.dbtools.crest.swingui.relational.TVTable" oid="892A0937-1265-F663-3E16-9D9CF2706DB9" otype="Table" vid="8680E95D-24BB-8440-0F5D-5DAB5953A717">
<hideElementsInCurrentOnly>false</hideElementsInCurrentOnly>
<bounds x="371" y="1026" width="280" height="202"/>
</OView>
<OView class="oracle.dbtools.crest.swingui.relational.TVTable" oid="8ECB5CC3-2C75-A2E9-5E13-9101AE4B9078" otype="Table" vid="D7C9025F-5DA0-4A35-7929-38777E097835">
<hideElementsInCurrentOnly>false</hideElementsInCurrentOnly>
<bounds x="64" y="1993" width="280" height="321"/>
</OView>
<OView class="oracle.dbtools.crest.swingui.relational.TVTable" oid="8F00100C-C99D-7537-02C4-1EAAD2989466" otype="Table" vid="40E92818-B571-CD5C-6834-01B2F8D01492">
<hideElementsInCurrentOnly>false</hideElementsInCurrentOnly>
<bounds x="246" y="4201" width="280" height="321"/>
</OView>
<OView class="oracle.dbtools.crest.swingui.relational.TVView" oid="8F8E5A12-59D8-3493-32AE-C49FAB96DD1A" otype="View" vid="F6483244-A9C4-8594-C63A-A88084E0B0BC">
<hideElementsInCurrentOnly>false</hideElementsInCurrentOnly>
<bounds x="962" y="5635" width="272" height="125"/>
</OView>
<OView class="oracle.dbtools.crest.swingui.relational.TVTable" oid="9443AE59-506B-195D-39B8-E45A779C90BE" otype="Table" vid="7E92DE9F-027D-0CDA-FE99-00B55D15F7D2">
<hideElementsInCurrentOnly>false</hideElementsInCurrentOnly>
<bounds x="1153" y="1293" width="280" height="203"/>
</OView>
<OView class="oracle.dbtools.crest.swingui.relational.TVTable" oid="98776627-C6F6-1D05-CEBF-F7D8C4E3F212" otype="Table" vid="70A7F4DE-CF7A-4D6E-13BD-A40C1B1B1B3F">
<hideElementsInCurrentOnly>false</hideElementsInCurrentOnly>
<bounds x="246" y="3261" width="280" height="321"/>
</OView>
<OView class="oracle.dbtools.crest.swingui.relational.TVTable" oid="9D0ADB9C-18E7-FCEE-8CCA-42E6B1532A5F" otype="Table" vid="40012B4B-EF18-9AE0-1FED-07C6428A92D5">
<hideElementsInCurrentOnly>false</hideElementsInCurrentOnly>
<bounds x="784" y="1293" width="280" height="233"/>
</OView>
<OView class="oracle.dbtools.crest.swingui.relational.TVTable" oid="9FA847E3-6D39-CC59-133F-EF03AF70EA72" otype="Table" vid="C7094263-7185-BDC8-19F4-2E7B35284CA2">
<hideElementsInCurrentOnly>false</hideElementsInCurrentOnly>
<bounds x="1236" y="3731" width="280" height="321"/>
</OView>
<OView class="oracle.dbtools.crest.swingui.relational.TVTable" oid="A16A6558-2756-469A-A510-995AE2B77046" otype="Table" vid="F088FC5A-3E2A-8DF5-490C-0E8421682D8C">
<hideElementsInCurrentOnly>false</hideElementsInCurrentOnly>
<bounds x="1566" y="3261" width="280" height="321"/>
</OView>
<OView class="oracle.dbtools.crest.swingui.relational.TVTable" oid="A2E7173C-E707-3F60-ECF4-6F5E9818F4CB" otype="Table" vid="6D0BC60E-AF78-E9FC-721E-1E5533EA17D7">
<hideElementsInCurrentOnly>false</hideElementsInCurrentOnly>
<bounds x="424" y="2433" width="280" height="321"/>
</OView>
<OView class="oracle.dbtools.crest.swingui.relational.TVTable" oid="A71B0828-0665-D0F4-042F-30E2C60FA3AB" otype="Table" vid="4B753E6D-7E86-0E6B-EF66-7124403FAABA">
<hideElementsInCurrentOnly>false</hideElementsInCurrentOnly>
<bounds x="1566" y="4201" width="280" height="321"/>
</OView>
<OView class="oracle.dbtools.crest.swingui.relational.TVTable" oid="ACFDBD4E-C2A9-60D1-639A-3841326467E9" otype="Table" vid="784ACA86-B4A3-1402-FB9A-17674451D525">
<hideElementsInCurrentOnly>false</hideElementsInCurrentOnly>
<bounds x="1340" y="20" width="280" height="320"/>
</OView>
<OView class="oracle.dbtools.crest.swingui.relational.TVTable" oid="B1828407-D0C1-F929-1CB8-9DC25E64E8C4" otype="Table" vid="D04B177A-FBDB-8D98-E978-BBBE0CFD9273">
<hideElementsInCurrentOnly>false</hideElementsInCurrentOnly>
<bounds x="64" y="2433" width="282" height="360"/>
</OView>
<OView class="oracle.dbtools.crest.swingui.relational.TVTable" oid="B20129C4-1399-9E2C-058E-500AB376E5D4" otype="Table" vid="A41E867E-0A6C-3D19-587F-85DE3D0451B8">
<hideElementsInCurrentOnly>false</hideElementsInCurrentOnly>
<bounds x="784" y="1651" width="280" height="203"/>
</OView>
<OView class="oracle.dbtools.crest.swingui.relational.TVView" oid="B78B6F3B-72DD-3314-D58E-A356FFA76EF9" otype="View" vid="F7E4684E-907C-C941-6478-1CF82313DBDE">
<hideElementsInCurrentOnly>false</hideElementsInCurrentOnly>
<bounds x="1918" y="5893" width="252" height="70"/>
</OView>
<OView class="oracle.dbtools.crest.swingui.relational.TVTable" oid="BBFCB5B5-BDA6-306D-6119-BF1ABE4680CD" otype="Table" vid="729D0630-1802-26D7-25C8-35C980ECFA15">
<hideElementsInCurrentOnly>false</hideElementsInCurrentOnly>
<bounds x="906" y="4201" width="280" height="321"/>
</OView>
<OView class="oracle.dbtools.crest.swingui.relational.TVTable" oid="BE0F0A9F-0561-BB7C-19CE-D8BED34BB5B7" otype="Table" vid="04F41B6E-F83A-95C3-E024-302D0144173B">
<hideElementsInCurrentOnly>false</hideElementsInCurrentOnly>
<bounds x="1759" y="20" width="280" height="320"/>
</OView>
<OView class="oracle.dbtools.crest.swingui.relational.TVTable" oid="C45D80C9-783F-A6E8-C8E1-D4F283B94463" otype="Table" vid="C4D6A32B-5583-D40B-E677-0D53D6680A5B">
<hideElementsInCurrentOnly>false</hideElementsInCurrentOnly>
<bounds x="20" y="460" width="280" height="222"/>
</OView>
<OView class="oracle.dbtools.crest.swingui.TVNote" oid="C4D83AA1-C3BA-87AE-82E3-01F7FAB7EF3A" otype="Note" vid="F7F384D9-5661-6470-33E5-5A9DBB5BCB60">
<hideElementsInCurrentOnly>false</hideElementsInCurrentOnly>
<bounds x="500" y="186" width="241" height="156"/>
<comment>      SQL Developer Data Modeler 3.0 &amp;amp;lt;br&amp;amp;gt;          Full Sample Schema Import&amp;amp;lt;br&amp;amp;gt;================================&amp;amp;lt;br&amp;amp;gt;This relational model is based on the import of the full sample schema: the HR, OE, PM, IX and SH schemas.  There are separate subviews for the HR, OE, and SH schemas.&amp;amp;lt;br&amp;amp;gt;&amp;amp;lt;br&amp;amp;gt;Note: There are two displays of this model.  See the tabs below.</comment>
</OView>
<OView class="oracle.dbtools.crest.swingui.relational.TVTable" oid="C54814A0-52FC-C51B-B7CE-7410642D3EBC" otype="Table" vid="A70FC394-FD27-2F7E-64E9-10EF134B15B7">
<hideElementsInCurrentOnly>false</hideElementsInCurrentOnly>
<bounds x="2226" y="4201" width="280" height="321"/>
</OView>
<OView class="oracle.dbtools.crest.swingui.relational.TVTable" oid="C9A48430-823A-265B-584E-23C76D9EC097" otype="Table" vid="6D54D0B3-AFD6-BD7B-FA60-BDEC95E1DF78">
<hideElementsInCurrentOnly>false</hideElementsInCurrentOnly>
<bounds x="801" y="1026" width="280" height="202"/>
</OView>
<OView class="oracle.dbtools.crest.swingui.relational.TVView" oid="D0A9496F-E1E4-B920-0324-A15AC1E2DF69" otype="View" vid="4A2320CF-6E11-684D-C997-D0857C20DBBF">
<hideElementsInCurrentOnly>false</hideElementsInCurrentOnly>
<bounds x="1635" y="5893" width="252" height="70"/>
</OView>
<OView class="oracle.dbtools.crest.swingui.relational.TVTable" oid="D57E7C4F-4D2B-AF7D-8CC1-2142510DF34C" otype="Table" vid="C5C38CC1-F846-BD5D-8DBB-C70203D1188A">
<hideElementsInCurrentOnly>false</hideElementsInCurrentOnly>
<bounds x="576" y="4201" width="280" height="321"/>
</OView>
<OView class="oracle.dbtools.crest.swingui.relational.TVView" oid="D6DCE1DF-346B-8FCE-7848-1B5668D85F69" otype="View" vid="D939DAE2-E462-CD01-CAFE-0CD57E810EB9">
<hideElementsInCurrentOnly>false</hideElementsInCurrentOnly>
<bounds x="1363" y="5041" width="329" height="460"/>
</OView>
<OView class="oracle.dbtools.crest.swingui.relational.TVTable" oid="E00A3C90-7D3A-EBF7-E318-8C6ED8D0AD9D" otype="Table" vid="FB9576CD-5BFF-9D5D-94B1-767D9AD51A1B">
<hideElementsInCurrentOnly>false</hideElementsInCurrentOnly>
<bounds x="906" y="3731" width="280" height="321"/>
</OView>
<OView class="oracle.dbtools.crest.swingui.relational.TVView" oid="E6D8034D-8911-8D98-F7CD-D4FF081AC726" otype="View" vid="32A5C496-E799-E875-C965-9A39D82F0144">
<hideElementsInCurrentOnly>false</hideElementsInCurrentOnly>
<bounds x="1284" y="5635" width="284" height="125"/>
</OView>
<OView class="oracle.dbtools.crest.swingui.relational.TVTable" oid="ED524B91-2544-C32F-046F-37416495BC2F" otype="Table" vid="6F817B77-EDB4-6440-1A0F-F6D0094EBBD3">
<hideElementsInCurrentOnly>false</hideElementsInCurrentOnly>
<bounds x="1896" y="3731" width="280" height="321"/>
</OView>
<OView class="oracle.dbtools.crest.swingui.relational.TVView" oid="EE564BDA-8C49-F2CC-D4E3-33589780897D" otype="View" vid="9016C2E4-F4E9-800F-5E7A-78A05B44AB91">
<hideElementsInCurrentOnly>false</hideElementsInCurrentOnly>
<bounds x="246" y="5893" width="284" height="98"/>
</OView>
<OView class="oracle.dbtools.crest.swingui.relational.TVTable" oid="F85211EF-ADDF-C485-90DF-FD291A31E5E8" otype="Table" vid="DC91BAFB-934F-031D-EE73-02C06979B1B3">
<hideElementsInCurrentOnly>false</hideElementsInCurrentOnly>
<bounds x="246" y="3731" width="280" height="321"/>
</OView>
</objectViews>
<connectors>
<Connector class="oracle.dbtools.crest.swingui.relational.TVFKRelation" oid="0E02678F-6B1A-2259-CC3D-EFA0FB7B4690" otype="FKIndexAssociation" vid_source="784ACA86-B4A3-1402-FB9A-17674451D525" vid_target="51A6F1AE-B611-5316-A91C-CE52EB3A0BC7">
<hideElementsInCurrentOnly>false</hideElementsInCurrentOnly>
<backgroundColor>-16777216</backgroundColor>
<lineWidth>1</lineWidth>
<points>
<point x="1434" y="340"/>
<point x="1434" y="399"/>
<point x="1434" y="399"/>
<point x="1434" y="460"/>
</points>
</Connector>
<Connector class="oracle.dbtools.crest.swingui.relational.TVFKRelation" oid="17F41959-B5E9-6C0F-97DC-26FCB1A69FE7" otype="FKIndexAssociation" vid_source="D60E96C1-F81F-2847-9E5E-F2C59947F5DF" vid_target="3FF4516F-275B-F980-2E35-A57D04CB84FF">
<hideElementsInCurrentOnly>false</hideElementsInCurrentOnly>
<backgroundColor>-16777216</backgroundColor>
<lineWidth>1</lineWidth>
<points>
<point x="499" y="948"/>
<point x="499" y="861"/>
<point x="499" y="861"/>
<point x="499" y="682"/>
</points>
</Connector>
<Connector class="oracle.dbtools.crest.swingui.relational.TVFKRelation" oid="1B8FBB54-9EAF-8BDE-0DE6-98FE1A9C1878" otype="FKIndexAssociation" vid_source="04F41B6E-F83A-95C3-E024-302D0144173B" vid_target="51A6F1AE-B611-5316-A91C-CE52EB3A0BC7">
<hideElementsInCurrentOnly>false</hideElementsInCurrentOnly>
<backgroundColor>-16777216</backgroundColor>
<lineWidth>1</lineWidth>
<points>
<point x="1847" y="340"/>
<point x="1847" y="393"/>
<point x="1487" y="393"/>
<point x="1487" y="460"/>
</points>
</Connector>
<Connector class="oracle.dbtools.crest.swingui.relational.TVFKRelation" oid="1FD3236E-935B-26C9-D57A-CC8421712955" otype="FKIndexAssociation" vid_source="784ACA86-B4A3-1402-FB9A-17674451D525" vid_target="3FF4516F-275B-F980-2E35-A57D04CB84FF">
<hideElementsInCurrentOnly>false</hideElementsInCurrentOnly>
<backgroundColor>-16777216</backgroundColor>
<lineWidth>1</lineWidth>
<points>
<point x="1340" y="279"/>
<point x="1140" y="279"/>
<point x="1140" y="639"/>
<point x="660" y="639"/>
</points>
</Connector>
<Connector class="oracle.dbtools.crest.swingui.relational.TVFKRelation" oid="3527D5B7-5642-E719-2EAA-ED37AD2183C9" otype="FKIndexAssociation" vid_source="7E92DE9F-027D-0CDA-FE99-00B55D15F7D2" vid_target="40012B4B-EF18-9AE0-1FED-07C6428A92D5">
<hideElementsInCurrentOnly>false</hideElementsInCurrentOnly>
<backgroundColor>-16777216</backgroundColor>
<lineWidth>1</lineWidth>
<points>
<point x="1153" y="1394"/>
<point x="1064" y="1394"/>
</points>
</Connector>
<Connector class="oracle.dbtools.crest.swingui.relational.TVFKRelation" oid="4E60D625-AD9A-2523-FD47-8F4FACE7B772" otype="FKIndexAssociation" vid_source="6D54D0B3-AFD6-BD7B-FA60-BDEC95E1DF78" vid_target="EE1B36AD-65CF-8312-C79D-AB28FC9F2859">
<hideElementsInCurrentOnly>false</hideElementsInCurrentOnly>
<backgroundColor>-16777216</backgroundColor>
<lineWidth>1</lineWidth>
<points>
<point x="941" y="1026"/>
<point x="941" y="1116"/>
<point x="941" y="1116"/>
<point x="941" y="948"/>
</points>
</Connector>
<Connector class="oracle.dbtools.crest.swingui.relational.TVFKRelation" oid="58BAE124-4B7D-15BC-0836-6B0A83AF4DCF" otype="FKIndexAssociation" vid_source="784ACA86-B4A3-1402-FB9A-17674451D525" vid_target="784ACA86-B4A3-1402-FB9A-17674451D525">
<hideElementsInCurrentOnly>false</hideElementsInCurrentOnly>
<backgroundColor>-16777216</backgroundColor>
<lineWidth>1</lineWidth>
<points>
<point x="1620" y="180"/>
<point x="1635" y="180"/>
<point x="1635" y="355"/>
<point x="1480" y="355"/>
<point x="1480" y="340"/>
</points>
</Connector>
<Connector class="oracle.dbtools.crest.swingui.relational.TVFKRelation" oid="6F0A4F18-3D90-4F0E-E22F-4572E9EFD924" otype="FKIndexAssociation" vid_source="784ACA86-B4A3-1402-FB9A-17674451D525" vid_target="F09B7794-DBCC-CC1C-C9B6-33AAAEB63E2E">
<hideElementsInCurrentOnly>false</hideElementsInCurrentOnly>
<backgroundColor>-16777216</backgroundColor>
<lineWidth>1</lineWidth>
<points>
<point x="1340" y="145"/>
<point x="915" y="145"/>
<point x="915" y="145"/>
<point x="300" y="145"/>
</points>
</Connector>
<Connector class="oracle.dbtools.crest.swingui.relational.TVFKRelation" oid="6F0C4A28-192C-E915-1029-054EE0D77907" otype="FKIndexAssociation" vid_source="3FF4516F-275B-F980-2E35-A57D04CB84FF" vid_target="784ACA86-B4A3-1402-FB9A-17674451D525">
<hideElementsInCurrentOnly>false</hideElementsInCurrentOnly>
<backgroundColor>-16777216</backgroundColor>
<lineWidth>1</lineWidth>
<points>
<point x="660" y="613"/>
<point x="1067" y="613"/>
<point x="1067" y="173"/>
<point x="1340" y="173"/>
</points>
</Connector>
<Connector class="oracle.dbtools.crest.swingui.relational.TVFKRelation" oid="81B22722-FFB0-8C4B-9B6B-EC492939B180" otype="FKIndexAssociation" vid_source="51A6F1AE-B611-5316-A91C-CE52EB3A0BC7" vid_target="A41E867E-0A6C-3D19-587F-85DE3D0451B8">
<hideElementsInCurrentOnly>false</hideElementsInCurrentOnly>
<backgroundColor>-16777216</backgroundColor>
<lineWidth>1</lineWidth>
<points>
<point x="1480" y="682"/>
<point x="1480" y="1790"/>
<point x="1064" y="1790"/>
</points>
</Connector>
<Connector class="oracle.dbtools.crest.swingui.relational.TVFKRelation" oid="86F91C96-559D-76C8-F8BB-D9FCCBFFAEC3" otype="FKIndexAssociation" vid_source="6D0BC60E-AF78-E9FC-721E-1E5533EA17D7" vid_target="D7C9025F-5DA0-4A35-7929-38777E097835">
<hideElementsInCurrentOnly>false</hideElementsInCurrentOnly>
<backgroundColor>-16777216</backgroundColor>
<lineWidth>1</lineWidth>
<points>
<point x="529" y="2433"/>
<point x="529" y="2408"/>
<point x="233" y="2411"/>
<point x="233" y="2314"/>
</points>
</Connector>
<Connector class="oracle.dbtools.crest.swingui.relational.TVFKRelation" oid="8F85E61B-A071-CFC9-B2C0-3EF25C220DED" otype="FKIndexAssociation" vid_source="F42CEB02-BCD4-9A00-F8D1-2174E8AD2245" vid_target="D7C9025F-5DA0-4A35-7929-38777E097835">
<hideElementsInCurrentOnly>false</hideElementsInCurrentOnly>
<backgroundColor>-16777216</backgroundColor>
<lineWidth>1</lineWidth>
<points>
<point x="914" y="2433"/>
<point x="914" y="2363"/>
<point x="294" y="2363"/>
<point x="294" y="2314"/>
</points>
</Connector>
<Connector class="oracle.dbtools.crest.swingui.relational.TVFKRelation" oid="98C44588-C39D-7FE1-C2A7-D4A5A9919753" otype="FKIndexAssociation" vid_source="2FEBB323-F040-E70D-42B5-2786F8A96EB6" vid_target="D04B177A-FBDB-8D98-E978-BBBE0CFD9273">
<hideElementsInCurrentOnly>false</hideElementsInCurrentOnly>
<backgroundColor>-16777216</backgroundColor>
<lineWidth>1</lineWidth>
<points>
<point x="204" y="2873"/>
<point x="204" y="2813"/>
<point x="204" y="2813"/>
<point x="204" y="2793"/>
</points>
</Connector>
<Connector class="oracle.dbtools.crest.swingui.relational.TVFKRelation" oid="9ADDA53C-9FAC-2245-9E5D-70EB43769546" otype="FKIndexAssociation" vid_source="C4D6A32B-5583-D40B-E677-0D53D6680A5B" vid_target="F09B7794-DBCC-CC1C-C9B6-33AAAEB63E2E">
<hideElementsInCurrentOnly>false</hideElementsInCurrentOnly>
<backgroundColor>-16777216</backgroundColor>
<lineWidth>1</lineWidth>
<points>
<point x="139" y="460"/>
<point x="139" y="421"/>
<point x="139" y="421"/>
<point x="139" y="242"/>
</points>
</Connector>
<Connector class="oracle.dbtools.crest.swingui.relational.TVFKRelation" oid="9AFADFB4-E08B-96E2-D682-CF118BAFA670" otype="FKIndexAssociation" vid_source="40012B4B-EF18-9AE0-1FED-07C6428A92D5" vid_target="A41E867E-0A6C-3D19-587F-85DE3D0451B8">
<hideElementsInCurrentOnly>false</hideElementsInCurrentOnly>
<backgroundColor>-16777216</backgroundColor>
<lineWidth>1</lineWidth>
<points>
<point x="924" y="1526"/>
<point x="924" y="1651"/>
</points>
</Connector>
<Connector class="oracle.dbtools.crest.swingui.relational.TVFKRelation" oid="AD5B4DB4-6D5E-9A3D-0027-D653E4D3F5C8" otype="FKIndexAssociation" vid_source="3FF4516F-275B-F980-2E35-A57D04CB84FF" vid_target="F09B7794-DBCC-CC1C-C9B6-33AAAEB63E2E">
<hideElementsInCurrentOnly>false</hideElementsInCurrentOnly>
<backgroundColor>-16777216</backgroundColor>
<lineWidth>1</lineWidth>
<points>
<point x="541" y="460"/>
<point x="541" y="379"/>
<point x="181" y="379"/>
<point x="181" y="242"/>
</points>
</Connector>
<Connector class="oracle.dbtools.crest.swingui.relational.TVFKRelation" oid="B294B73E-CDE5-F4FA-A176-DBD0FB8C7B61" otype="FKIndexAssociation" vid_source="6D0BC60E-AF78-E9FC-721E-1E5533EA17D7" vid_target="A9C5C351-104E-441B-96F7-BA291841C6E1">
<hideElementsInCurrentOnly>false</hideElementsInCurrentOnly>
<backgroundColor>-16777216</backgroundColor>
<lineWidth>1</lineWidth>
<points>
<point x="557" y="2754"/>
<point x="557" y="2820"/>
<point x="557" y="2820"/>
<point x="557" y="2873"/>
</points>
</Connector>
<Connector class="oracle.dbtools.crest.swingui.relational.TVFKRelation" oid="B308D463-7B8B-92CF-6208-50903F517C55" otype="FKIndexAssociation" vid_source="7917472E-8750-CB1C-0EFB-7E0E43684AF9" vid_target="A9C5C351-104E-441B-96F7-BA291841C6E1">
<hideElementsInCurrentOnly>false</hideElementsInCurrentOnly>
<backgroundColor>-16777216</backgroundColor>
<lineWidth>1</lineWidth>
<points>
<point x="1294" y="2754"/>
<point x="1294" y="2782"/>
<point x="1294" y="2951"/>
<point x="704" y="2951"/>
</points>
</Connector>
<Connector class="oracle.dbtools.crest.swingui.relational.TVFKRelation" oid="B3CFB3B8-D73C-99A6-42CF-3EF802A8AD4D" otype="FKIndexAssociation" vid_source="784ACA86-B4A3-1402-FB9A-17674451D525" vid_target="04F41B6E-F83A-95C3-E024-302D0144173B">
<hideElementsInCurrentOnly>false</hideElementsInCurrentOnly>
<backgroundColor>-16777216</backgroundColor>
<lineWidth>1</lineWidth>
<points>
<point x="1620" y="190"/>
<point x="1759" y="190"/>
</points>
</Connector>
<Connector class="oracle.dbtools.crest.swingui.relational.TVFKRelation" oid="BF594868-FFB4-8ED7-01BF-70E073A484EB" otype="FKIndexAssociation" vid_source="8680E95D-24BB-8440-0F5D-5DAB5953A717" vid_target="95F73F30-E1A9-175C-15AC-206E49DD257C">
<hideElementsInCurrentOnly>false</hideElementsInCurrentOnly>
<backgroundColor>-16777216</backgroundColor>
<lineWidth>1</lineWidth>
<points>
<point x="511" y="1228"/>
<point x="511" y="1293"/>
</points>
</Connector>
<Connector class="oracle.dbtools.crest.swingui.relational.TVFKRelation" oid="CA7D141D-18B4-E3B3-CDCA-6DE203897E5A" otype="FKIndexAssociation" vid_source="D60E96C1-F81F-2847-9E5E-F2C59947F5DF" vid_target="8680E95D-24BB-8440-0F5D-5DAB5953A717">
<hideElementsInCurrentOnly>false</hideElementsInCurrentOnly>
<backgroundColor>-16777216</backgroundColor>
<lineWidth>1</lineWidth>
<points>
<point x="504" y="948"/>
<point x="504" y="1133"/>
<point x="504" y="1133"/>
<point x="504" y="1228"/>
</points>
</Connector>
<Connector class="oracle.dbtools.crest.swingui.relational.TVFKRelation" oid="CC22EDB5-FB7F-133A-3EEC-DB38D6518470" otype="FKIndexAssociation" vid_source="7917472E-8750-CB1C-0EFB-7E0E43684AF9" vid_target="D7C9025F-5DA0-4A35-7929-38777E097835">
<hideElementsInCurrentOnly>false</hideElementsInCurrentOnly>
<backgroundColor>-16777216</backgroundColor>
<lineWidth>1</lineWidth>
<points>
<point x="1314" y="2433"/>
<point x="1314" y="2422"/>
<point x="1314" y="2253"/>
<point x="344" y="2253"/>
</points>
</Connector>
<Connector class="oracle.dbtools.crest.swingui.relational.TVFKRelation" oid="CF053FBA-A938-AE7A-DB2A-85B0DF2F3784" otype="FKIndexAssociation" vid_source="EE1B36AD-65CF-8312-C79D-AB28FC9F2859" vid_target="D60E96C1-F81F-2847-9E5E-F2C59947F5DF">
<hideElementsInCurrentOnly>false</hideElementsInCurrentOnly>
<backgroundColor>-16777216</backgroundColor>
<lineWidth>1</lineWidth>
<points>
<point x="801" y="847"/>
<point x="651" y="847"/>
</points>
</Connector>
<Connector class="oracle.dbtools.crest.swingui.relational.TVFKRelation" oid="CF323784-991B-0A97-53E5-62FD53510394" otype="FKIndexAssociation" vid_source="D0BB1D7B-EAC5-BE13-0302-C80DA99A0167" vid_target="D7C9025F-5DA0-4A35-7929-38777E097835">
<hideElementsInCurrentOnly>false</hideElementsInCurrentOnly>
<backgroundColor>-16777216</backgroundColor>
<lineWidth>1</lineWidth>
<points>
<point x="1504" y="2154"/>
<point x="396" y="2154"/>
<point x="344" y="2154"/>
</points>
</Connector>
<Connector class="oracle.dbtools.crest.swingui.relational.TVFKRelation" oid="D7ADB99A-E6A1-9B1C-E22D-9552BBD1CCE0" otype="FKIndexAssociation" vid_source="40012B4B-EF18-9AE0-1FED-07C6428A92D5" vid_target="95F73F30-E1A9-175C-15AC-206E49DD257C">
<hideElementsInCurrentOnly>false</hideElementsInCurrentOnly>
<backgroundColor>-16777216</backgroundColor>
<lineWidth>1</lineWidth>
<points>
<point x="784" y="1394"/>
<point x="651" y="1394"/>
</points>
</Connector>
<Connector class="oracle.dbtools.crest.swingui.relational.TVFKRelation" oid="DA0CFF9D-F2E4-41DD-B300-97E31C432FA8" otype="FKIndexAssociation" vid_source="D04B177A-FBDB-8D98-E978-BBBE0CFD9273" vid_target="D7C9025F-5DA0-4A35-7929-38777E097835">
<hideElementsInCurrentOnly>false</hideElementsInCurrentOnly>
<backgroundColor>-16777216</backgroundColor>
<lineWidth>1</lineWidth>
<points>
<point x="183" y="2433"/>
<point x="183" y="2394"/>
<point x="183" y="2394"/>
<point x="183" y="2314"/>
</points>
</Connector>
<Connector class="oracle.dbtools.crest.swingui.relational.TVFKRelation" oid="DBADC01D-A6BD-60BB-39EE-16BA5AFC4A4E" otype="FKIndexAssociation" vid_source="F42CEB02-BCD4-9A00-F8D1-2174E8AD2245" vid_target="A9C5C351-104E-441B-96F7-BA291841C6E1">
<hideElementsInCurrentOnly>false</hideElementsInCurrentOnly>
<backgroundColor>-16777216</backgroundColor>
<lineWidth>1</lineWidth>
<points>
<point x="914" y="2855"/>
<point x="914" y="2912"/>
<point x="883" y="2912"/>
<point x="704" y="2912"/>
</points>
</Connector>
<Connector class="oracle.dbtools.crest.swingui.relational.TVFKRelation" oid="E48444FD-0899-07E0-3DD4-A7212EF1ECC3" otype="FKIndexAssociation" vid_source="D0BB1D7B-EAC5-BE13-0302-C80DA99A0167" vid_target="A9C5C351-104E-441B-96F7-BA291841C6E1">
<hideElementsInCurrentOnly>false</hideElementsInCurrentOnly>
<backgroundColor>-16777216</backgroundColor>
<lineWidth>1</lineWidth>
<points>
<point x="1725" y="2565"/>
<point x="1725" y="3013"/>
<point x="1165" y="3012"/>
<point x="704" y="3012"/>
</points>
</Connector>
<Connector class="oracle.dbtools.crest.swingui.relational.TVFKRelation" oid="FDE005A4-2C82-3ABE-C985-BBE8C37C4626" otype="FKIndexAssociation" vid_source="C4D6A32B-5583-D40B-E677-0D53D6680A5B" vid_target="784ACA86-B4A3-1402-FB9A-17674451D525">
<hideElementsInCurrentOnly>false</hideElementsInCurrentOnly>
<backgroundColor>-16777216</backgroundColor>
<lineWidth>1</lineWidth>
<points>
<point x="300" y="599"/>
<point x="901" y="599"/>
<point x="901" y="159"/>
<point x="1340" y="159"/>
</points>
</Connector>
</connectors>
<displays>
<Display class="oracle.dbtools.crest.swingui.relational.DPVRelational" name="Table Names Only" id="9B92117A-F36C-6EB2-1BFC-74BD88D0A74F">
<createdBy>Administrator</createdBy>
<modifiedBy>User</modifiedBy>
<createdTime>2009-05-26 21:09:23 UTC</createdTime>
<autoRoute>false</autoRoute>
<boxInbox>false</boxInbox>
<showLegend>false</showLegend>
<showLabels>false</showLabels>
<showRelAttributes>false</showRelAttributes>
<gridEnabled>false</gridEnabled>
<showGrid>false</showGrid>
<diagramColor>-1</diagramColor>
<display>true</display>
<notation>1</notation>
<showAllDetails>false</showAllDetails>
<showNamesOnly>true</showNamesOnly>
<objectViews>
<OView class="oracle.dbtools.crest.swingui.relational.TVTable" oid="03BB80BE-8E66-2D88-B16F-09139273FD38" otype="Table" vid="6922F85A-AED9-5472-33AA-9DDA7F7CB8E6">
<hideElementsInCurrentOnly>false</hideElementsInCurrentOnly>
<bounds x="398" y="369" width="161" height="33"/>
</OView>
<OView class="oracle.dbtools.crest.swingui.relational.TVView" oid="06DC31BC-1FE2-AD71-D04A-F1144F91D9E1" otype="View" vid="A9C73456-4CCC-8055-DA2A-29CE193B5230">
<hideElementsInCurrentOnly>false</hideElementsInCurrentOnly>
<bounds x="56" y="1567" width="272" height="41"/>
</OView>
<OView class="oracle.dbtools.crest.swingui.relational.TVView" oid="082013F4-9580-A3D0-B9DA-04208A0E9EEC" otype="View" vid="555855C1-3CF1-9C79-974D-9DE998555CF2">
<hideElementsInCurrentOnly>false</hideElementsInCurrentOnly>
<bounds x="407" y="1567" width="272" height="42"/>
</OView>
<OView class="oracle.dbtools.crest.swingui.relational.TVTable" oid="0A34277C-3996-29C2-1EB9-6FE23D932FB3" otype="Table" vid="766E27AD-1823-3F87-CF5C-FB182B952198">
<hideElementsInCurrentOnly>false</hideElementsInCurrentOnly>
<bounds x="1450" y="1077" width="272" height="32"/>
</OView>
<OView class="oracle.dbtools.crest.swingui.relational.TVView" oid="0C762CB4-70E7-7D79-B7F0-712287A3D62C" otype="View" vid="FC3BE8EB-AC6F-663A-70C5-F72E13DD3D1B">
<hideElementsInCurrentOnly>false</hideElementsInCurrentOnly>
<bounds x="1450" y="1481" width="272" height="43"/>
</OView>
<OView class="oracle.dbtools.crest.swingui.relational.TVTable" oid="125453FC-2D61-B7EA-F86D-B5A388EE7DC9" otype="Table" vid="03E2FC41-1109-2A90-CD3D-A84F6797CBBC">
<hideElementsInCurrentOnly>false</hideElementsInCurrentOnly>
<bounds x="1450" y="1156" width="272" height="34"/>
</OView>
<OView class="oracle.dbtools.crest.swingui.relational.TVTable" oid="185FD3DB-3B2C-100B-7A4A-3A651435BE71" otype="Table" vid="52FA24A1-F9E8-9D62-D0B3-E00B809554CF">
<hideElementsInCurrentOnly>false</hideElementsInCurrentOnly>
<bounds x="398" y="34" width="161" height="33"/>
</OView>
<OView class="oracle.dbtools.crest.swingui.relational.TVTable" oid="18F78F23-990A-CF15-D697-32C991750D81" otype="Table" vid="7CB5F53D-EAD5-BF02-E02A-FC5E1E352461">
<hideElementsInCurrentOnly>false</hideElementsInCurrentOnly>
<bounds x="1793" y="1077" width="272" height="39"/>
</OView>
<OView class="oracle.dbtools.crest.swingui.relational.TVView" oid="1AEBE826-59D9-9D4D-44E9-0F2EB2B5A0C9" otype="View" vid="78700E41-4482-C0E7-7110-6672B7103434">
<hideElementsInCurrentOnly>false</hideElementsInCurrentOnly>
<bounds x="1096" y="1397" width="272" height="35"/>
</OView>
<OView class="oracle.dbtools.crest.swingui.relational.TVTable" oid="22E41E54-33D3-9163-52D3-DE04B0425E3B" otype="Table" vid="DB510550-24F4-1B8C-89B8-892399DFBDF0">
<hideElementsInCurrentOnly>false</hideElementsInCurrentOnly>
<bounds x="393" y="961" width="161" height="53"/>
</OView>
<OView class="oracle.dbtools.crest.swingui.relational.TVTable" oid="2BFB35E0-B370-4CB8-346E-A6B64B4A3DC1" otype="Table" vid="3751A694-FF06-E09A-02C3-E1F85E371F8E">
<hideElementsInCurrentOnly>false</hideElementsInCurrentOnly>
<bounds x="2141" y="1225" width="272" height="36"/>
</OView>
<OView class="oracle.dbtools.crest.swingui.relational.TVTable" oid="2C531C8D-3DA3-59B5-0452-F1A0D969C27C" otype="Table" vid="38AFCE44-C5BD-B467-43FD-71EC239BCBB1">
<hideElementsInCurrentOnly>false</hideElementsInCurrentOnly>
<bounds x="720" y="270" width="161" height="33"/>
</OView>
<OView class="oracle.dbtools.crest.swingui.relational.TVTable" oid="2E16E288-1889-58DC-8FF6-F1C377C810F9" otype="Table" vid="D157DA8F-D540-5D6C-1AE4-8C3F86BAAC14">
<hideElementsInCurrentOnly>false</hideElementsInCurrentOnly>
<bounds x="1117" y="708" width="161" height="53"/>
</OView>
<OView class="oracle.dbtools.crest.swingui.relational.TVTable" oid="2E990410-B222-2F5E-80B3-28583E099807" otype="Table" vid="B3998FF2-EB32-A356-498F-82E23963E6F1">
<hideElementsInCurrentOnly>false</hideElementsInCurrentOnly>
<bounds x="56" y="1311" width="272" height="32"/>
</OView>
<OView class="oracle.dbtools.crest.swingui.relational.TVView" oid="3AB99239-D002-7D65-A782-EC857330CDC9" otype="View" vid="CAF0BB57-2305-B01F-B589-957DA9EEF068">
<hideElementsInCurrentOnly>false</hideElementsInCurrentOnly>
<bounds x="56" y="1481" width="272" height="41"/>
</OView>
<OView class="oracle.dbtools.crest.swingui.relational.TVTable" oid="3FE9BDD9-8918-6064-3575-7DAE91E55797" otype="Table" vid="C80A7F7C-AD3B-39C0-3253-8137DF3A784B">
<hideElementsInCurrentOnly>false</hideElementsInCurrentOnly>
<bounds x="742" y="1311" width="272" height="34"/>
</OView>
<OView class="oracle.dbtools.crest.swingui.relational.TVTable" oid="457B825A-6B82-DB52-75FB-2606B2CD3F02" otype="Table" vid="06CCEB2F-AD6B-D87C-0EB7-168B6CDE203D">
<hideElementsInCurrentOnly>false</hideElementsInCurrentOnly>
<bounds x="407" y="1156" width="272" height="34"/>
</OView>
<OView class="oracle.dbtools.crest.swingui.relational.TVTable" oid="488D8AFD-6679-8EE8-7359-B240456FC754" otype="Table" vid="B5D3D8C2-7549-A3EE-CE2B-79F693AEE287">
<hideElementsInCurrentOnly>false</hideElementsInCurrentOnly>
<bounds x="720" y="185" width="161" height="33"/>
</OView>
<OView class="oracle.dbtools.crest.swingui.relational.TVTable" oid="4967EC81-4213-65F8-490C-689F2C3AA263" otype="Table" vid="9F8ADDA5-830A-E237-BC90-6F2B182177B7">
<hideElementsInCurrentOnly>false</hideElementsInCurrentOnly>
<bounds x="963" y="185" width="161" height="33"/>
</OView>
<OView class="oracle.dbtools.crest.swingui.relational.TVTable" oid="4C9BD635-FE93-1075-EB4E-7E149AB32E9E" otype="Table" vid="4061523C-CF52-050F-5C1A-3C3F79A68617">
<hideElementsInCurrentOnly>false</hideElementsInCurrentOnly>
<bounds x="2141" y="1152" width="272" height="28"/>
</OView>
<OView class="oracle.dbtools.crest.swingui.relational.TVTable" oid="53351FA5-C8DD-8D1F-0336-1F96256F014D" otype="Table" vid="3932BB5F-C50B-8740-0115-D88BF24F6EF4">
<hideElementsInCurrentOnly>false</hideElementsInCurrentOnly>
<bounds x="407" y="1311" width="272" height="34"/>
</OView>
<OView class="oracle.dbtools.crest.swingui.relational.TVView" oid="5B0216DA-5073-6264-F413-26B33DBFC3B4" otype="View" vid="E20772B4-4092-EC76-DE90-2F4CE56A1700">
<hideElementsInCurrentOnly>false</hideElementsInCurrentOnly>
<bounds x="407" y="1481" width="272" height="42"/>
</OView>
<OView class="oracle.dbtools.crest.swingui.relational.TVTable" oid="5CB572B8-E47E-15A6-A56F-E175AA2A7847" otype="Table" vid="770A3886-14FF-AE23-C9FD-E75D468051EB">
<hideElementsInCurrentOnly>false</hideElementsInCurrentOnly>
<bounds x="1793" y="1156" width="272" height="39"/>
</OView>
<OView class="oracle.dbtools.crest.swingui.relational.TVView" oid="5E20AD7D-95A4-D0CD-3020-5BCAA836B257" otype="View" vid="889A94EE-FAF1-3E7A-06D6-86290F1DDA43">
<hideElementsInCurrentOnly>false</hideElementsInCurrentOnly>
<bounds x="2141" y="1307" width="272" height="45"/>
</OView>
<OView class="oracle.dbtools.crest.swingui.relational.TVTable" oid="60E6FFA7-C033-DCD8-B440-025ADBE27823" otype="Table" vid="CD4CD6CB-6C4C-B0A7-90AB-3938DE13265E">
<hideElementsInCurrentOnly>false</hideElementsInCurrentOnly>
<bounds x="635" y="859" width="161" height="53"/>
</OView>
<OView class="oracle.dbtools.crest.swingui.relational.TVTable" oid="66001FBA-016E-3A68-EC0A-6F0DA8AD7813" otype="Table" vid="6B1D9C7A-EADB-B55F-AF66-EAE27D19661A">
<hideElementsInCurrentOnly>false</hideElementsInCurrentOnly>
<bounds x="152" y="961" width="161" height="53"/>
</OView>
<OView class="oracle.dbtools.crest.swingui.relational.TVTable" oid="674A3173-75FD-1B4B-F7C1-27C59D147834" otype="Table" vid="E9E19EB6-3542-02B5-972C-094617997F29">
<hideElementsInCurrentOnly>false</hideElementsInCurrentOnly>
<bounds x="2141" y="1073" width="272" height="35"/>
</OView>
<OView class="oracle.dbtools.crest.swingui.relational.TVTable" oid="67C0D93E-0C2C-F597-56D0-9C0BAC5F12D1" otype="Table" vid="212D1BF6-D8FE-C93A-C7CB-8A7F669A94D0">
<hideElementsInCurrentOnly>false</hideElementsInCurrentOnly>
<bounds x="1096" y="1229" width="272" height="36"/>
</OView>
<OView class="oracle.dbtools.crest.swingui.relational.TVTable" oid="6D993EDC-0D2E-04E9-E93D-60FA778111EA" otype="Table" vid="21FF1998-57A5-43CF-5131-BB6EEE0AD905">
<hideElementsInCurrentOnly>false</hideElementsInCurrentOnly>
<bounds x="1793" y="1229" width="272" height="39"/>
</OView>
<OView class="oracle.dbtools.crest.swingui.relational.TVView" oid="6E24464B-6B67-41C0-432B-9B250F986EBC" otype="View" vid="1CCE17A1-BB85-35FD-DE88-58428192FF1B">
<hideElementsInCurrentOnly>false</hideElementsInCurrentOnly>
<bounds x="56" y="1397" width="272" height="40"/>
</OView>
<OView class="oracle.dbtools.crest.swingui.relational.TVView" oid="750A8CD5-E4AC-1C1E-65D4-16C231D9FFB2" otype="View" vid="8C27BA47-65F1-D4FD-1CD8-D351ABB88104">
<hideElementsInCurrentOnly>false</hideElementsInCurrentOnly>
<bounds x="1793" y="1397" width="272" height="47"/>
</OView>
<OView class="oracle.dbtools.crest.swingui.relational.TVTable" oid="75166F54-179B-6FB5-3E00-01F9980349F8" otype="Table" vid="4394ADFA-8FDC-9660-B085-A2B173F7290B">
<hideElementsInCurrentOnly>false</hideElementsInCurrentOnly>
<bounds x="720" y="369" width="161" height="33"/>
</OView>
<OView class="oracle.dbtools.crest.swingui.relational.TVTable" oid="7BB39DCA-43D1-0D67-381D-E259FD6A61F8" otype="Table" vid="A2872770-E718-9E73-2467-7FA9FF10EE5B">
<hideElementsInCurrentOnly>false</hideElementsInCurrentOnly>
<bounds x="407" y="1077" width="272" height="34"/>
</OView>
<OView class="oracle.dbtools.crest.swingui.relational.TVView" oid="7FFD34CB-C203-CC96-62E5-CAF7A395DED4" otype="View" vid="4EC5EF3B-19D0-1A8B-BFBF-9FA24A2B93D1">
<hideElementsInCurrentOnly>false</hideElementsInCurrentOnly>
<bounds x="1793" y="1481" width="272" height="48"/>
</OView>
<OView class="oracle.dbtools.crest.swingui.relational.TVView" oid="8214BB8F-6B2A-18EB-E207-49DB7A89E69A" otype="View" vid="33F56CAE-A479-4017-A4CB-094860D3A8F4">
<hideElementsInCurrentOnly>false</hideElementsInCurrentOnly>
<bounds x="742" y="1397" width="272" height="42"/>
</OView>
<OView class="oracle.dbtools.crest.swingui.relational.TVTable" oid="854636B5-5225-2752-DF03-CFE820326CF9" otype="Table" vid="1FE62420-70AC-02A0-8AE3-006CE0BB0A47">
<hideElementsInCurrentOnly>false</hideElementsInCurrentOnly>
<bounds x="1096" y="1156" width="272" height="34"/>
</OView>
<OView class="oracle.dbtools.crest.swingui.relational.TVTable" oid="860AAD3D-B933-B62B-908D-D2CB37D44B40" otype="Table" vid="22B58086-AA72-83E7-3E37-34BBA7F25D9E">
<hideElementsInCurrentOnly>false</hideElementsInCurrentOnly>
<bounds x="742" y="1156" width="272" height="34"/>
</OView>
<OView class="oracle.dbtools.crest.swingui.relational.TVTable" oid="87F4CFC5-C231-BEBA-B709-6D43D478A37C" otype="Table" vid="4FB82BB0-54D7-04B1-EF43-04B923ECD7D8">
<hideElementsInCurrentOnly>false</hideElementsInCurrentOnly>
<bounds x="876" y="859" width="161" height="53"/>
</OView>
<OView class="oracle.dbtools.crest.swingui.relational.TVTable" oid="892A0937-1265-F663-3E16-9D9CF2706DB9" otype="Table" vid="63E83BB6-29C5-8A2C-A1B3-3DEEF9C206D5">
<hideElementsInCurrentOnly>false</hideElementsInCurrentOnly>
<bounds x="398" y="270" width="161" height="33"/>
</OView>
<OView class="oracle.dbtools.crest.swingui.relational.TVTable" oid="8ECB5CC3-2C75-A2E9-5E13-9101AE4B9078" otype="Table" vid="BC469E72-FED4-3A19-A329-0670AEA03C8F">
<hideElementsInCurrentOnly>false</hideElementsInCurrentOnly>
<bounds x="153" y="698" width="161" height="53"/>
</OView>
<OView class="oracle.dbtools.crest.swingui.relational.TVTable" oid="8F00100C-C99D-7537-02C4-1EAAD2989466" otype="Table" vid="1EF088E6-0520-6886-93AA-7E2C5576C707">
<hideElementsInCurrentOnly>false</hideElementsInCurrentOnly>
<bounds x="56" y="1229" width="272" height="32"/>
</OView>
<OView class="oracle.dbtools.crest.swingui.relational.TVView" oid="8F8E5A12-59D8-3493-32AE-C49FAB96DD1A" otype="View" vid="17B6D4D6-8E40-F520-37EA-FFE13365424F">
<hideElementsInCurrentOnly>false</hideElementsInCurrentOnly>
<bounds x="407" y="1397" width="272" height="39"/>
</OView>
<OView class="oracle.dbtools.crest.swingui.relational.TVTable" oid="9443AE59-506B-195D-39B8-E45A779C90BE" otype="Table" vid="EAEE589E-72EF-5C55-D88D-3F59CF624BCE">
<hideElementsInCurrentOnly>false</hideElementsInCurrentOnly>
<bounds x="398" y="582" width="161" height="33"/>
</OView>
<OView class="oracle.dbtools.crest.swingui.relational.TVTable" oid="98776627-C6F6-1D05-CEBF-F7D8C4E3F212" otype="Table" vid="A02A0B5B-7126-A250-B7C7-F32A60CC1687">
<hideElementsInCurrentOnly>false</hideElementsInCurrentOnly>
<bounds x="56" y="1156" width="272" height="32"/>
</OView>
<OView class="oracle.dbtools.crest.swingui.relational.TVTable" oid="9D0ADB9C-18E7-FCEE-8CCA-42E6B1532A5F" otype="Table" vid="102E2D29-763D-A207-CAAD-B27406D29A2E">
<hideElementsInCurrentOnly>false</hideElementsInCurrentOnly>
<bounds x="398" y="469" width="161" height="33"/>
</OView>
<OView class="oracle.dbtools.crest.swingui.relational.TVTable" oid="9FA847E3-6D39-CC59-133F-EF03AF70EA72" otype="Table" vid="3ADCBE01-FBB3-B431-4803-83A23792A9EB">
<hideElementsInCurrentOnly>false</hideElementsInCurrentOnly>
<bounds x="1096" y="1077" width="272" height="34"/>
</OView>
<OView class="oracle.dbtools.crest.swingui.relational.TVTable" oid="A16A6558-2756-469A-A510-995AE2B77046" otype="Table" vid="5BFAB965-1676-9160-1ED1-4C6710B70580">
<hideElementsInCurrentOnly>false</hideElementsInCurrentOnly>
<bounds x="1793" y="1311" width="272" height="38"/>
</OView>
<OView class="oracle.dbtools.crest.swingui.relational.TVTable" oid="A2E7173C-E707-3F60-ECF4-6F5E9818F4CB" otype="Table" vid="F8771CAA-7256-9100-91BA-3932CE39C3AF">
<hideElementsInCurrentOnly>false</hideElementsInCurrentOnly>
<bounds x="394" y="859" width="161" height="53"/>
</OView>
<OView class="oracle.dbtools.crest.swingui.relational.TVTable" oid="A71B0828-0665-D0F4-042F-30E2C60FA3AB" otype="Table" vid="B8373C8A-D8CD-7307-1E2F-D57216DDE40E">
<hideElementsInCurrentOnly>false</hideElementsInCurrentOnly>
<bounds x="1450" y="1311" width="272" height="33"/>
</OView>
<OView class="oracle.dbtools.crest.swingui.relational.TVTable" oid="ACFDBD4E-C2A9-60D1-639A-3841326467E9" otype="Table" vid="92BA6D62-AC42-A06D-664E-1822D179A797">
<hideElementsInCurrentOnly>false</hideElementsInCurrentOnly>
<bounds x="963" y="34" width="161" height="52"/>
</OView>
<OView class="oracle.dbtools.crest.swingui.relational.TVTable" oid="B1828407-D0C1-F929-1CB8-9DC25E64E8C4" otype="Table" vid="88FE78BD-E0CD-AFCF-EB9A-DEE6033C7041">
<hideElementsInCurrentOnly>false</hideElementsInCurrentOnly>
<bounds x="153" y="859" width="161" height="53"/>
</OView>
<OView class="oracle.dbtools.crest.swingui.relational.TVTable" oid="B20129C4-1399-9E2C-058E-500AB376E5D4" otype="Table" vid="FB7A9A73-250C-FEDA-8ED1-ABA2E7811EDB">
<hideElementsInCurrentOnly>false</hideElementsInCurrentOnly>
<bounds x="720" y="560" width="161" height="33"/>
</OView>
<OView class="oracle.dbtools.crest.swingui.relational.TVView" oid="B78B6F3B-72DD-3314-D58E-A356FFA76EF9" otype="View" vid="C2F07805-7335-E62B-9C2E-DAE512068913">
<hideElementsInCurrentOnly>false</hideElementsInCurrentOnly>
<bounds x="2141" y="1477" width="272" height="45"/>
</OView>
<OView class="oracle.dbtools.crest.swingui.relational.TVTable" oid="BBFCB5B5-BDA6-306D-6119-BF1ABE4680CD" otype="Table" vid="D7999E9D-EDCF-87B9-CE66-83CFCE947E1C">
<hideElementsInCurrentOnly>false</hideElementsInCurrentOnly>
<bounds x="742" y="1229" width="272" height="34"/>
</OView>
<OView class="oracle.dbtools.crest.swingui.relational.TVTable" oid="BE0F0A9F-0561-BB7C-19CE-D8BED34BB5B7" otype="Table" vid="477F4E32-BFAD-1CCC-CC31-92DE79DAED01">
<hideElementsInCurrentOnly>false</hideElementsInCurrentOnly>
<bounds x="1204" y="34" width="161" height="33"/>
</OView>
<OView class="oracle.dbtools.crest.swingui.relational.TVTable" oid="C45D80C9-783F-A6E8-C8E1-D4F283B94463" otype="Table" vid="7568A536-9024-A3B7-4F7C-1258373B2630">
<hideElementsInCurrentOnly>false</hideElementsInCurrentOnly>
<bounds x="398" y="185" width="161" height="33"/>
</OView>
<OView class="oracle.dbtools.crest.swingui.TVNote" oid="C4D83AA1-C3BA-87AE-82E3-01F7FAB7EF3A" otype="Note" vid="47583C34-6713-7816-3CBE-AE72CA8B1730">
<hideElementsInCurrentOnly>false</hideElementsInCurrentOnly>
<bounds x="50" y="50" width="251" height="151"/>
</OView>
<OView class="oracle.dbtools.crest.swingui.relational.TVTable" oid="C54814A0-52FC-C51B-B7CE-7410642D3EBC" otype="Table" vid="5078F8FA-43C8-B1B0-E9D6-9361D6926869">
<hideElementsInCurrentOnly>false</hideElementsInCurrentOnly>
<bounds x="1450" y="1229" width="272" height="34"/>
</OView>
<OView class="oracle.dbtools.crest.swingui.relational.TVTable" oid="C9A48430-823A-265B-584E-23C76D9EC097" otype="Table" vid="1EB9A0CF-5D4B-E0A4-1B61-8DC6F4E10B79">
<hideElementsInCurrentOnly>false</hideElementsInCurrentOnly>
<bounds x="720" y="469" width="161" height="33"/>
</OView>
<OView class="oracle.dbtools.crest.swingui.relational.TVView" oid="D0A9496F-E1E4-B920-0324-A15AC1E2DF69" otype="View" vid="830F68B1-E26B-D716-FB03-F78751234DB9">
<hideElementsInCurrentOnly>false</hideElementsInCurrentOnly>
<bounds x="2141" y="1393" width="272" height="44"/>
</OView>
<OView class="oracle.dbtools.crest.swingui.relational.TVTable" oid="D57E7C4F-4D2B-AF7D-8CC1-2142510DF34C" otype="Table" vid="7F80453F-FA0F-D863-D46C-403B89916804">
<hideElementsInCurrentOnly>false</hideElementsInCurrentOnly>
<bounds x="407" y="1229" width="272" height="34"/>
</OView>
<OView class="oracle.dbtools.crest.swingui.relational.TVView" oid="D6DCE1DF-346B-8FCE-7848-1B5668D85F69" otype="View" vid="B971DE0A-F53C-E012-8AA2-D5F9C067E365">
<hideElementsInCurrentOnly>false</hideElementsInCurrentOnly>
<bounds x="1450" y="1397" width="272" height="42"/>
</OView>
<OView class="oracle.dbtools.crest.swingui.relational.TVTable" oid="E00A3C90-7D3A-EBF7-E318-8C6ED8D0AD9D" otype="Table" vid="B963D2BD-12B4-3785-20F8-698D1DD48DB0">
<hideElementsInCurrentOnly>false</hideElementsInCurrentOnly>
<bounds x="742" y="1077" width="272" height="34"/>
</OView>
<OView class="oracle.dbtools.crest.swingui.relational.TVView" oid="E6D8034D-8911-8D98-F7CD-D4FF081AC726" otype="View" vid="B6440C62-6314-001F-E3F7-F2C171C6C050">
<hideElementsInCurrentOnly>false</hideElementsInCurrentOnly>
<bounds x="1096" y="1481" width="272" height="43"/>
</OView>
<OView class="oracle.dbtools.crest.swingui.relational.TVTable" oid="ED524B91-2544-C32F-046F-37416495BC2F" otype="Table" vid="14669924-AF5D-74C5-F535-ED71A1611F6A">
<hideElementsInCurrentOnly>false</hideElementsInCurrentOnly>
<bounds x="1096" y="1311" width="272" height="34"/>
</OView>
<OView class="oracle.dbtools.crest.swingui.relational.TVView" oid="EE564BDA-8C49-F2CC-D4E3-33589780897D" otype="View" vid="D5245082-0A6B-D3A8-2D97-877B1FCADB66">
<hideElementsInCurrentOnly>false</hideElementsInCurrentOnly>
<bounds x="742" y="1481" width="272" height="45"/>
</OView>
<OView class="oracle.dbtools.crest.swingui.relational.TVTable" oid="F85211EF-ADDF-C485-90DF-FD291A31E5E8" otype="Table" vid="EA61A54C-345E-9A09-1B79-CEDC13865036">
<hideElementsInCurrentOnly>false</hideElementsInCurrentOnly>
<bounds x="56" y="1077" width="272" height="32"/>
</OView>
</objectViews>
<connectors>
<Connector class="oracle.dbtools.crest.swingui.relational.TVFKRelation" oid="0E02678F-6B1A-2259-CC3D-EFA0FB7B4690" otype="FKIndexAssociation" vid_source="92BA6D62-AC42-A06D-664E-1822D179A797" vid_target="9F8ADDA5-830A-E237-BC90-6F2B182177B7">
<hideElementsInCurrentOnly>false</hideElementsInCurrentOnly>
<backgroundColor>-16777216</backgroundColor>
<lineWidth>1</lineWidth>
<points>
<point x="1016" y="86"/>
<point x="1016" y="121"/>
<point x="1016" y="121"/>
<point x="1016" y="185"/>
</points>
</Connector>
<Connector class="oracle.dbtools.crest.swingui.relational.TVFKRelation" oid="17F41959-B5E9-6C0F-97DC-26FCB1A69FE7" otype="FKIndexAssociation" vid_source="38AFCE44-C5BD-B467-43FD-71EC239BCBB1" vid_target="B5D3D8C2-7549-A3EE-CE2B-79F693AEE287">
<hideElementsInCurrentOnly>false</hideElementsInCurrentOnly>
<backgroundColor>-16777216</backgroundColor>
<lineWidth>1</lineWidth>
<points>
<point x="779" y="270"/>
<point x="779" y="218"/>
</points>
</Connector>
<Connector class="oracle.dbtools.crest.swingui.relational.TVFKRelation" oid="1B8FBB54-9EAF-8BDE-0DE6-98FE1A9C1878" otype="FKIndexAssociation" vid_source="477F4E32-BFAD-1CCC-CC31-92DE79DAED01" vid_target="9F8ADDA5-830A-E237-BC90-6F2B182177B7">
<hideElementsInCurrentOnly>false</hideElementsInCurrentOnly>
<backgroundColor>-16777216</backgroundColor>
<lineWidth>1</lineWidth>
<points>
<point x="1279" y="67"/>
<point x="1279" y="196"/>
<point x="1171" y="194"/>
<point x="1124" y="194"/>
</points>
</Connector>
<Connector class="oracle.dbtools.crest.swingui.relational.TVFKRelation" oid="1FD3236E-935B-26C9-D57A-CC8421712955" otype="FKIndexAssociation" vid_source="92BA6D62-AC42-A06D-664E-1822D179A797" vid_target="B5D3D8C2-7549-A3EE-CE2B-79F693AEE287">
<hideElementsInCurrentOnly>false</hideElementsInCurrentOnly>
<backgroundColor>-16777216</backgroundColor>
<lineWidth>1</lineWidth>
<points>
<point x="963" y="65"/>
<point x="906" y="65"/>
<point x="760" y="66"/>
<point x="760" y="185"/>
</points>
</Connector>
<Connector class="oracle.dbtools.crest.swingui.relational.TVFKRelation" oid="3527D5B7-5642-E719-2EAA-ED37AD2183C9" otype="FKIndexAssociation" vid_source="EAEE589E-72EF-5C55-D88D-3F59CF624BCE" vid_target="102E2D29-763D-A207-CAAD-B27406D29A2E">
<hideElementsInCurrentOnly>false</hideElementsInCurrentOnly>
<backgroundColor>-16777216</backgroundColor>
<lineWidth>1</lineWidth>
<points>
<point x="490" y="582"/>
<point x="490" y="502"/>
</points>
</Connector>
<Connector class="oracle.dbtools.crest.swingui.relational.TVFKRelation" oid="4E60D625-AD9A-2523-FD47-8F4FACE7B772" otype="FKIndexAssociation" vid_source="1EB9A0CF-5D4B-E0A4-1B61-8DC6F4E10B79" vid_target="4394ADFA-8FDC-9660-B085-A2B173F7290B">
<hideElementsInCurrentOnly>false</hideElementsInCurrentOnly>
<backgroundColor>-16777216</backgroundColor>
<lineWidth>1</lineWidth>
<points>
<point x="800" y="469"/>
<point x="800" y="402"/>
</points>
</Connector>
<Connector class="oracle.dbtools.crest.swingui.relational.TVFKRelation" oid="58BAE124-4B7D-15BC-0836-6B0A83AF4DCF" otype="FKIndexAssociation" vid_source="92BA6D62-AC42-A06D-664E-1822D179A797" vid_target="92BA6D62-AC42-A06D-664E-1822D179A797">
<hideElementsInCurrentOnly>false</hideElementsInCurrentOnly>
<backgroundColor>-16777216</backgroundColor>
<lineWidth>1</lineWidth>
<points>
<point x="1124" y="60"/>
<point x="1139" y="60"/>
<point x="1139" y="101"/>
<point x="1043" y="101"/>
<point x="1043" y="86"/>
</points>
</Connector>
<Connector class="oracle.dbtools.crest.swingui.relational.TVFKRelation" oid="6F0A4F18-3D90-4F0E-E22F-4572E9EFD924" otype="FKIndexAssociation" vid_source="92BA6D62-AC42-A06D-664E-1822D179A797" vid_target="52FA24A1-F9E8-9D62-D0B3-E00B809554CF">
<hideElementsInCurrentOnly>false</hideElementsInCurrentOnly>
<backgroundColor>-16777216</backgroundColor>
<lineWidth>1</lineWidth>
<points>
<point x="963" y="45"/>
<point x="755" y="45"/>
<point x="755" y="45"/>
<point x="559" y="45"/>
</points>
</Connector>
<Connector class="oracle.dbtools.crest.swingui.relational.TVFKRelation" oid="6F0C4A28-192C-E915-1029-054EE0D77907" otype="FKIndexAssociation" vid_source="B5D3D8C2-7549-A3EE-CE2B-79F693AEE287" vid_target="92BA6D62-AC42-A06D-664E-1822D179A797">
<hideElementsInCurrentOnly>false</hideElementsInCurrentOnly>
<backgroundColor>-16777216</backgroundColor>
<lineWidth>1</lineWidth>
<points>
<point x="881" y="196"/>
<point x="919" y="196"/>
<point x="919" y="76"/>
<point x="963" y="76"/>
</points>
</Connector>
<Connector class="oracle.dbtools.crest.swingui.relational.TVFKRelation" oid="81B22722-FFB0-8C4B-9B6B-EC492939B180" otype="FKIndexAssociation" vid_source="9F8ADDA5-830A-E237-BC90-6F2B182177B7" vid_target="FB7A9A73-250C-FEDA-8ED1-ABA2E7811EDB">
<hideElementsInCurrentOnly>false</hideElementsInCurrentOnly>
<backgroundColor>-16777216</backgroundColor>
<lineWidth>1</lineWidth>
<points>
<point x="1039" y="218"/>
<point x="1039" y="574"/>
<point x="1039" y="574"/>
<point x="881" y="574"/>
</points>
</Connector>
<Connector class="oracle.dbtools.crest.swingui.relational.TVFKRelation" oid="86F91C96-559D-76C8-F8BB-D9FCCBFFAEC3" otype="FKIndexAssociation" vid_source="F8771CAA-7256-9100-91BA-3932CE39C3AF" vid_target="BC469E72-FED4-3A19-A329-0670AEA03C8F">
<hideElementsInCurrentOnly>false</hideElementsInCurrentOnly>
<backgroundColor>-16777216</backgroundColor>
<lineWidth>1</lineWidth>
<points>
<point x="480" y="859"/>
<point x="480" y="781"/>
<point x="260" y="781"/>
<point x="260" y="751"/>
</points>
</Connector>
<Connector class="oracle.dbtools.crest.swingui.relational.TVFKRelation" oid="8F85E61B-A071-CFC9-B2C0-3EF25C220DED" otype="FKIndexAssociation" vid_source="CD4CD6CB-6C4C-B0A7-90AB-3938DE13265E" vid_target="BC469E72-FED4-3A19-A329-0670AEA03C8F">
<hideElementsInCurrentOnly>false</hideElementsInCurrentOnly>
<backgroundColor>-16777216</backgroundColor>
<lineWidth>1</lineWidth>
<points>
<point x="720" y="859"/>
<point x="720" y="740"/>
<point x="330" y="740"/>
<point x="314" y="740"/>
</points>
</Connector>
<Connector class="oracle.dbtools.crest.swingui.relational.TVFKRelation" oid="98C44588-C39D-7FE1-C2A7-D4A5A9919753" otype="FKIndexAssociation" vid_source="6B1D9C7A-EADB-B55F-AF66-EAE27D19661A" vid_target="88FE78BD-E0CD-AFCF-EB9A-DEE6033C7041">
<hideElementsInCurrentOnly>false</hideElementsInCurrentOnly>
<backgroundColor>-16777216</backgroundColor>
<lineWidth>1</lineWidth>
<points>
<point x="233" y="961"/>
<point x="233" y="912"/>
</points>
</Connector>
<Connector class="oracle.dbtools.crest.swingui.relational.TVFKRelation" oid="9ADDA53C-9FAC-2245-9E5D-70EB43769546" otype="FKIndexAssociation" vid_source="7568A536-9024-A3B7-4F7C-1258373B2630" vid_target="52FA24A1-F9E8-9D62-D0B3-E00B809554CF">
<hideElementsInCurrentOnly>false</hideElementsInCurrentOnly>
<backgroundColor>-16777216</backgroundColor>
<lineWidth>1</lineWidth>
<points>
<point x="478" y="185"/>
<point x="479" y="67"/>
</points>
</Connector>
<Connector class="oracle.dbtools.crest.swingui.relational.TVFKRelation" oid="9AFADFB4-E08B-96E2-D682-CF118BAFA670" otype="FKIndexAssociation" vid_source="102E2D29-763D-A207-CAAD-B27406D29A2E" vid_target="FB7A9A73-250C-FEDA-8ED1-ABA2E7811EDB">
<hideElementsInCurrentOnly>false</hideElementsInCurrentOnly>
<backgroundColor>-16777216</backgroundColor>
<lineWidth>1</lineWidth>
<points>
<point x="510" y="502"/>
<point x="510" y="574"/>
<point x="720" y="574"/>
</points>
</Connector>
<Connector class="oracle.dbtools.crest.swingui.relational.TVFKRelation" oid="AD5B4DB4-6D5E-9A3D-0027-D653E4D3F5C8" otype="FKIndexAssociation" vid_source="B5D3D8C2-7549-A3EE-CE2B-79F693AEE287" vid_target="52FA24A1-F9E8-9D62-D0B3-E00B809554CF">
<hideElementsInCurrentOnly>false</hideElementsInCurrentOnly>
<backgroundColor>-16777216</backgroundColor>
<lineWidth>1</lineWidth>
<points>
<point x="720" y="208"/>
<point x="632" y="208"/>
<point x="632" y="57"/>
<point x="559" y="57"/>
</points>
</Connector>
<Connector class="oracle.dbtools.crest.swingui.relational.TVFKRelation" oid="B294B73E-CDE5-F4FA-A176-DBD0FB8C7B61" otype="FKIndexAssociation" vid_source="F8771CAA-7256-9100-91BA-3932CE39C3AF" vid_target="DB510550-24F4-1B8C-89B8-892399DFBDF0">
<hideElementsInCurrentOnly>false</hideElementsInCurrentOnly>
<backgroundColor>-16777216</backgroundColor>
<lineWidth>1</lineWidth>
<points>
<point x="479" y="912"/>
<point x="479" y="985"/>
<point x="479" y="985"/>
<point x="479" y="961"/>
</points>
</Connector>
<Connector class="oracle.dbtools.crest.swingui.relational.TVFKRelation" oid="B308D463-7B8B-92CF-6208-50903F517C55" otype="FKIndexAssociation" vid_source="4FB82BB0-54D7-04B1-EF43-04B923ECD7D8" vid_target="DB510550-24F4-1B8C-89B8-892399DFBDF0">
<hideElementsInCurrentOnly>false</hideElementsInCurrentOnly>
<backgroundColor>-16777216</backgroundColor>
<lineWidth>1</lineWidth>
<points>
<point x="950" y="912"/>
<point x="950" y="990"/>
<point x="554" y="990"/>
</points>
</Connector>
<Connector class="oracle.dbtools.crest.swingui.relational.TVFKRelation" oid="B3CFB3B8-D73C-99A6-42CF-3EF802A8AD4D" otype="FKIndexAssociation" vid_source="92BA6D62-AC42-A06D-664E-1822D179A797" vid_target="477F4E32-BFAD-1CCC-CC31-92DE79DAED01">
<hideElementsInCurrentOnly>false</hideElementsInCurrentOnly>
<backgroundColor>-16777216</backgroundColor>
<lineWidth>1</lineWidth>
<points>
<point x="1124" y="43"/>
<point x="1171" y="43"/>
<point x="1171" y="43"/>
<point x="1204" y="43"/>
</points>
</Connector>
<Connector class="oracle.dbtools.crest.swingui.relational.TVFKRelation" oid="BF594868-FFB4-8ED7-01BF-70E073A484EB" otype="FKIndexAssociation" vid_source="63E83BB6-29C5-8A2C-A1B3-3DEEF9C206D5" vid_target="6922F85A-AED9-5472-33AA-9DDA7F7CB8E6">
<hideElementsInCurrentOnly>false</hideElementsInCurrentOnly>
<backgroundColor>-16777216</backgroundColor>
<lineWidth>1</lineWidth>
<points>
<point x="485" y="303"/>
<point x="485" y="369"/>
</points>
</Connector>
<Connector class="oracle.dbtools.crest.swingui.relational.TVFKRelation" oid="CA7D141D-18B4-E3B3-CDCA-6DE203897E5A" otype="FKIndexAssociation" vid_source="38AFCE44-C5BD-B467-43FD-71EC239BCBB1" vid_target="63E83BB6-29C5-8A2C-A1B3-3DEEF9C206D5">
<hideElementsInCurrentOnly>false</hideElementsInCurrentOnly>
<backgroundColor>-16777216</backgroundColor>
<lineWidth>1</lineWidth>
<points>
<point x="720" y="285"/>
<point x="559" y="285"/>
</points>
</Connector>
<Connector class="oracle.dbtools.crest.swingui.relational.TVFKRelation" oid="CC22EDB5-FB7F-133A-3EEC-DB38D6518470" otype="FKIndexAssociation" vid_source="4FB82BB0-54D7-04B1-EF43-04B923ECD7D8" vid_target="BC469E72-FED4-3A19-A329-0670AEA03C8F">
<hideElementsInCurrentOnly>false</hideElementsInCurrentOnly>
<backgroundColor>-16777216</backgroundColor>
<lineWidth>1</lineWidth>
<points>
<point x="940" y="859"/>
<point x="940" y="730"/>
<point x="314" y="730"/>
</points>
</Connector>
<Connector class="oracle.dbtools.crest.swingui.relational.TVFKRelation" oid="CF053FBA-A938-AE7A-DB2A-85B0DF2F3784" otype="FKIndexAssociation" vid_source="4394ADFA-8FDC-9660-B085-A2B173F7290B" vid_target="38AFCE44-C5BD-B467-43FD-71EC239BCBB1">
<hideElementsInCurrentOnly>false</hideElementsInCurrentOnly>
<backgroundColor>-16777216</backgroundColor>
<lineWidth>1</lineWidth>
<points>
<point x="801" y="369"/>
<point x="801" y="379"/>
<point x="800" y="379"/>
<point x="800" y="303"/>
</points>
</Connector>
<Connector class="oracle.dbtools.crest.swingui.relational.TVFKRelation" oid="CF323784-991B-0A97-53E5-62FD53510394" otype="FKIndexAssociation" vid_source="D157DA8F-D540-5D6C-1AE4-8C3F86BAAC14" vid_target="BC469E72-FED4-3A19-A329-0670AEA03C8F">
<hideElementsInCurrentOnly>false</hideElementsInCurrentOnly>
<backgroundColor>-16777216</backgroundColor>
<lineWidth>1</lineWidth>
<points>
<point x="1117" y="720"/>
<point x="314" y="720"/>
</points>
</Connector>
<Connector class="oracle.dbtools.crest.swingui.relational.TVFKRelation" oid="D7ADB99A-E6A1-9B1C-E22D-9552BBD1CCE0" otype="FKIndexAssociation" vid_source="102E2D29-763D-A207-CAAD-B27406D29A2E" vid_target="6922F85A-AED9-5472-33AA-9DDA7F7CB8E6">
<hideElementsInCurrentOnly>false</hideElementsInCurrentOnly>
<backgroundColor>-16777216</backgroundColor>
<lineWidth>1</lineWidth>
<points>
<point x="485" y="469"/>
<point x="485" y="402"/>
</points>
</Connector>
<Connector class="oracle.dbtools.crest.swingui.relational.TVFKRelation" oid="DA0CFF9D-F2E4-41DD-B300-97E31C432FA8" otype="FKIndexAssociation" vid_source="88FE78BD-E0CD-AFCF-EB9A-DEE6033C7041" vid_target="BC469E72-FED4-3A19-A329-0670AEA03C8F">
<hideElementsInCurrentOnly>false</hideElementsInCurrentOnly>
<backgroundColor>-16777216</backgroundColor>
<lineWidth>1</lineWidth>
<points>
<point x="233" y="859"/>
<point x="233" y="788"/>
<point x="233" y="751"/>
</points>
</Connector>
<Connector class="oracle.dbtools.crest.swingui.relational.TVFKRelation" oid="DBADC01D-A6BD-60BB-39EE-16BA5AFC4A4E" otype="FKIndexAssociation" vid_source="CD4CD6CB-6C4C-B0A7-90AB-3938DE13265E" vid_target="DB510550-24F4-1B8C-89B8-892399DFBDF0">
<hideElementsInCurrentOnly>false</hideElementsInCurrentOnly>
<backgroundColor>-16777216</backgroundColor>
<lineWidth>1</lineWidth>
<points>
<point x="720" y="912"/>
<point x="720" y="980"/>
<point x="610" y="980"/>
<point x="554" y="980"/>
</points>
</Connector>
<Connector class="oracle.dbtools.crest.swingui.relational.TVFKRelation" oid="E48444FD-0899-07E0-3DD4-A7212EF1ECC3" otype="FKIndexAssociation" vid_source="D157DA8F-D540-5D6C-1AE4-8C3F86BAAC14" vid_target="DB510550-24F4-1B8C-89B8-892399DFBDF0">
<hideElementsInCurrentOnly>false</hideElementsInCurrentOnly>
<backgroundColor>-16777216</backgroundColor>
<lineWidth>1</lineWidth>
<points>
<point x="1190" y="761"/>
<point x="1190" y="1000"/>
<point x="554" y="1000"/>
</points>
</Connector>
<Connector class="oracle.dbtools.crest.swingui.relational.TVFKRelation" oid="FDE005A4-2C82-3ABE-C985-BBE8C37C4626" otype="FKIndexAssociation" vid_source="7568A536-9024-A3B7-4F7C-1258373B2630" vid_target="92BA6D62-AC42-A06D-664E-1822D179A797">
<hideElementsInCurrentOnly>false</hideElementsInCurrentOnly>
<backgroundColor>-16777216</backgroundColor>
<lineWidth>1</lineWidth>
<points>
<point x="398" y="199"/>
<point x="350" y="199"/>
<point x="349" y="25"/>
<point x="1039" y="25"/>
<point x="1039" y="34"/>
</points>
</Connector>
</connectors>
</Display>
</displays>
</Diagram>