<?xml version = '1.0' encoding = 'UTF-8'?>
<Diagram class="oracle.dbtools.crest.swingui.relational.DPVRelationalSubView" name="SH" id="F162FC84-9C72-77F7-D81F-F6B980A14900">
<createdBy>Administrator</createdBy>
<modifiedBy>User</modifiedBy>
<createdTime>2009-05-26 21:09:24 UTC</createdTime>
<autoRoute>false</autoRoute>
<boxInbox>false</boxInbox>
<showLegend>false</showLegend>
<showLabels>false</showLabels>
<showRelAttributes>false</showRelAttributes>
<gridEnabled>false</gridEnabled>
<showGrid>false</showGrid>
<diagramColor>-1</diagramColor>
<display>false</display>
<notation>1</notation>
<objectViews>
<OView class="oracle.dbtools.crest.swingui.relational.TVView" oid="06DC31BC-1FE2-AD71-D04A-F1144F91D9E1" otype="View" vid="50353CCA-DF98-339A-C870-D00AF291663C">
<hideElementsInCurrentOnly>false</hideElementsInCurrentOnly>
<bounds x="1360" y="1681" width="231" height="98"/>
</OView>
<OView class="oracle.dbtools.crest.swingui.relational.TVTable" oid="125453FC-2D61-B7EA-F86D-B5A388EE7DC9" otype="Table" vid="9573AF66-43DC-093A-114A-38A36DADF5C7">
<hideElementsInCurrentOnly>false</hideElementsInCurrentOnly>
<bounds x="28" y="1460" width="280" height="175"/>
</OView>
<OView class="oracle.dbtools.crest.swingui.relational.TVTable" oid="22E41E54-33D3-9163-52D3-DE04B0425E3B" otype="Table" vid="EC2623B8-254D-B7C4-949E-24CC202B7684">
<hideElementsInCurrentOnly>false</hideElementsInCurrentOnly>
<bounds x="28" y="1103" width="280" height="321"/>
</OView>
<OView class="oracle.dbtools.crest.swingui.relational.TVTable" oid="2BFB35E0-B370-4CB8-346E-A6B64B4A3DC1" otype="Table" vid="F202B8B9-9037-D7D0-85A2-2238BD964430">
<hideElementsInCurrentOnly>false</hideElementsInCurrentOnly>
<bounds x="351" y="1460" width="280" height="175"/>
</OView>
<OView class="oracle.dbtools.crest.swingui.relational.TVTable" oid="2E16E288-1889-58DC-8FF6-F1C377C810F9" otype="Table" vid="2AC72AED-2809-9B05-3504-FA1C4F73FB92">
<hideElementsInCurrentOnly>false</hideElementsInCurrentOnly>
<bounds x="462" y="460" width="280" height="580"/>
</OView>
<OView class="oracle.dbtools.crest.swingui.relational.TVTable" oid="2E990410-B222-2F5E-80B3-28583E099807" otype="Table" vid="D2F0D012-A44E-D420-4E98-1E8098F4204D">
<hideElementsInCurrentOnly>false</hideElementsInCurrentOnly>
<bounds x="681" y="1460" width="280" height="175"/>
</OView>
<OView class="oracle.dbtools.crest.swingui.relational.TVTable" oid="4C9BD635-FE93-1075-EB4E-7E149AB32E9E" otype="Table" vid="781B0787-BB8D-B4C1-F3B0-B0CD26FDED04">
<hideElementsInCurrentOnly>false</hideElementsInCurrentOnly>
<bounds x="1011" y="1460" width="280" height="175"/>
</OView>
<OView class="oracle.dbtools.crest.swingui.relational.TVTable" oid="53351FA5-C8DD-8D1F-0336-1F96256F014D" otype="Table" vid="1AF90F12-47A6-30FF-2904-F081C5C3A02E">
<hideElementsInCurrentOnly>false</hideElementsInCurrentOnly>
<bounds x="1360" y="1460" width="280" height="175"/>
</OView>
<OView class="oracle.dbtools.crest.swingui.relational.TVTable" oid="5CB572B8-E47E-15A6-A56F-E175AA2A7847" otype="Table" vid="4221A77D-1D16-2DB8-A0FF-3FBD45A59CFE">
<hideElementsInCurrentOnly>false</hideElementsInCurrentOnly>
<bounds x="28" y="1820" width="280" height="271"/>
</OView>
<OView class="oracle.dbtools.crest.swingui.relational.TVView" oid="5E20AD7D-95A4-D0CD-3020-5BCAA836B257" otype="View" vid="DD41FC1A-B11D-D6A4-D869-EE1A1878479D">
<hideElementsInCurrentOnly>false</hideElementsInCurrentOnly>
<bounds x="1011" y="1820" width="224" height="168"/>
</OView>
<OView class="oracle.dbtools.crest.swingui.relational.TVTable" oid="60E6FFA7-C033-DCD8-B440-025ADBE27823" otype="Table" vid="7968F829-A889-78BE-76DC-5496F6B1EFFF">
<hideElementsInCurrentOnly>false</hideElementsInCurrentOnly>
<bounds x="822" y="460" width="280" height="421"/>
</OView>
<OView class="oracle.dbtools.crest.swingui.relational.TVTable" oid="66001FBA-016E-3A68-EC0A-6F0DA8AD7813" otype="Table" vid="5E37EA9F-3F71-8F49-9A66-A601DFE10BB9">
<hideElementsInCurrentOnly>false</hideElementsInCurrentOnly>
<bounds x="1543" y="460" width="280" height="320"/>
</OView>
<OView class="oracle.dbtools.crest.swingui.relational.TVTable" oid="67C0D93E-0C2C-F597-56D0-9C0BAC5F12D1" otype="Table" vid="566056BB-6AB9-1F3F-FE6D-C2CFDBD26A1D">
<hideElementsInCurrentOnly>false</hideElementsInCurrentOnly>
<bounds x="351" y="1820" width="280" height="271"/>
</OView>
<OView class="oracle.dbtools.crest.swingui.relational.TVTable" oid="6D993EDC-0D2E-04E9-E93D-60FA778111EA" otype="Table" vid="1C6FB62D-A092-807D-07BC-4BC379634538">
<hideElementsInCurrentOnly>false</hideElementsInCurrentOnly>
<bounds x="681" y="1820" width="280" height="271"/>
</OView>
<OView class="oracle.dbtools.crest.swingui.relational.TVView" oid="7FFD34CB-C203-CC96-62E5-CAF7A395DED4" otype="View" vid="634328BD-1668-D9F4-12B4-E954FC3FEF07">
<hideElementsInCurrentOnly>false</hideElementsInCurrentOnly>
<bounds x="1360" y="1801" width="186" height="98"/>
</OView>
<OView class="oracle.dbtools.crest.swingui.relational.TVTable" oid="87F4CFC5-C231-BEBA-B709-6D43D478A37C" otype="Table" vid="50D180BF-632B-5BFD-C1DA-AB0E06CEEE32">
<hideElementsInCurrentOnly>false</hideElementsInCurrentOnly>
<bounds x="1182" y="460" width="280" height="320"/>
</OView>
<OView class="oracle.dbtools.crest.swingui.relational.TVTable" oid="8ECB5CC3-2C75-A2E9-5E13-9101AE4B9078" otype="Table" vid="B9F0548B-7BEB-591F-A59C-5A34B70CFDB1">
<hideElementsInCurrentOnly>false</hideElementsInCurrentOnly>
<bounds x="32" y="20" width="280" height="320"/>
</OView>
<OView class="oracle.dbtools.crest.swingui.relational.TVTable" oid="A2E7173C-E707-3F60-ECF4-6F5E9818F4CB" otype="Table" vid="20E3C21B-9D50-3AED-A17A-71224B2B7D06">
<hideElementsInCurrentOnly>false</hideElementsInCurrentOnly>
<bounds x="32" y="460" width="280" height="320"/>
</OView>
<OView class="oracle.dbtools.crest.swingui.relational.TVTable" oid="A71B0828-0665-D0F4-042F-30E2C60FA3AB" otype="Table" vid="2DDC99B5-3243-233F-A831-61418156AEF8">
<hideElementsInCurrentOnly>false</hideElementsInCurrentOnly>
<bounds x="28" y="1682" width="280" height="109"/>
</OView>
<OView class="oracle.dbtools.crest.swingui.relational.TVTable" oid="B1828407-D0C1-F929-1CB8-9DC25E64E8C4" otype="Table" vid="3D26FC16-D437-F62C-4348-1CE16B4CDFF1">
<hideElementsInCurrentOnly>false</hideElementsInCurrentOnly>
<bounds x="1542" y="20" width="280" height="420"/>
</OView>
<OView class="oracle.dbtools.crest.swingui.relational.TVTable" oid="BBFCB5B5-BDA6-306D-6119-BF1ABE4680CD" otype="Table" vid="FDA0EDD7-DB6E-2271-198B-066C1E30423D">
<hideElementsInCurrentOnly>false</hideElementsInCurrentOnly>
<bounds x="351" y="1682" width="280" height="109"/>
</OView>
<OView class="oracle.dbtools.crest.swingui.relational.TVTable" oid="C54814A0-52FC-C51B-B7CE-7410642D3EBC" otype="Table" vid="A9DD1E36-F884-0593-C57B-FAE15CCC4CF9">
<hideElementsInCurrentOnly>false</hideElementsInCurrentOnly>
<bounds x="681" y="1682" width="280" height="109"/>
</OView>
<OView class="oracle.dbtools.crest.swingui.relational.TVTable" oid="D57E7C4F-4D2B-AF7D-8CC1-2142510DF34C" otype="Table" vid="8F5FD9AE-5ECD-9AA2-836B-7009CE347665">
<hideElementsInCurrentOnly>false</hideElementsInCurrentOnly>
<bounds x="1011" y="1682" width="280" height="109"/>
</OView>
</objectViews>
<connectors>
<Connector class="oracle.dbtools.crest.swingui.relational.TVFKRelation" oid="86F91C96-559D-76C8-F8BB-D9FCCBFFAEC3" otype="FKIndexAssociation" vid_source="20E3C21B-9D50-3AED-A17A-71224B2B7D06" vid_target="B9F0548B-7BEB-591F-A59C-5A34B70CFDB1">
<hideElementsInCurrentOnly>false</hideElementsInCurrentOnly>
<backgroundColor>-16777216</backgroundColor>
<lineWidth>1</lineWidth>
<points>
<point x="165" y="460"/>
<point x="165" y="340"/>
</points>
</Connector>
<Connector class="oracle.dbtools.crest.swingui.relational.TVFKRelation" oid="8F85E61B-A071-CFC9-B2C0-3EF25C220DED" otype="FKIndexAssociation" vid_source="7968F829-A889-78BE-76DC-5496F6B1EFFF" vid_target="B9F0548B-7BEB-591F-A59C-5A34B70CFDB1">
<hideElementsInCurrentOnly>false</hideElementsInCurrentOnly>
<backgroundColor>-16777216</backgroundColor>
<lineWidth>1</lineWidth>
<points>
<point x="951" y="460"/>
<point x="951" y="200"/>
<point x="312" y="200"/>
</points>
</Connector>
<Connector class="oracle.dbtools.crest.swingui.relational.TVFKRelation" oid="98C44588-C39D-7FE1-C2A7-D4A5A9919753" otype="FKIndexAssociation" vid_source="5E37EA9F-3F71-8F49-9A66-A601DFE10BB9" vid_target="3D26FC16-D437-F62C-4348-1CE16B4CDFF1">
<hideElementsInCurrentOnly>false</hideElementsInCurrentOnly>
<backgroundColor>-16777216</backgroundColor>
<lineWidth>1</lineWidth>
<points>
<point x="1683" y="460"/>
<point x="1683" y="400"/>
<point x="1682" y="400"/>
<point x="1682" y="440"/>
</points>
</Connector>
<Connector class="oracle.dbtools.crest.swingui.relational.TVFKRelation" oid="B294B73E-CDE5-F4FA-A176-DBD0FB8C7B61" otype="FKIndexAssociation" vid_source="20E3C21B-9D50-3AED-A17A-71224B2B7D06" vid_target="EC2623B8-254D-B7C4-949E-24CC202B7684">
<hideElementsInCurrentOnly>false</hideElementsInCurrentOnly>
<backgroundColor>-16777216</backgroundColor>
<lineWidth>1</lineWidth>
<points>
<point x="168" y="780"/>
<point x="168" y="803"/>
<point x="168" y="803"/>
<point x="168" y="1103"/>
</points>
</Connector>
<Connector class="oracle.dbtools.crest.swingui.relational.TVFKRelation" oid="B308D463-7B8B-92CF-6208-50903F517C55" otype="FKIndexAssociation" vid_source="50D180BF-632B-5BFD-C1DA-AB0E06CEEE32" vid_target="EC2623B8-254D-B7C4-949E-24CC202B7684">
<hideElementsInCurrentOnly>false</hideElementsInCurrentOnly>
<backgroundColor>-16777216</backgroundColor>
<lineWidth>1</lineWidth>
<points>
<point x="1329" y="780"/>
<point x="1329" y="1229"/>
<point x="1322" y="1240"/>
<point x="308" y="1240"/>
</points>
</Connector>
<Connector class="oracle.dbtools.crest.swingui.relational.TVFKRelation" oid="CC22EDB5-FB7F-133A-3EEC-DB38D6518470" otype="FKIndexAssociation" vid_source="50D180BF-632B-5BFD-C1DA-AB0E06CEEE32" vid_target="B9F0548B-7BEB-591F-A59C-5A34B70CFDB1">
<hideElementsInCurrentOnly>false</hideElementsInCurrentOnly>
<backgroundColor>-16777216</backgroundColor>
<lineWidth>1</lineWidth>
<points>
<point x="1310" y="460"/>
<point x="1310" y="161"/>
<point x="312" y="161"/>
</points>
</Connector>
<Connector class="oracle.dbtools.crest.swingui.relational.TVFKRelation" oid="CF323784-991B-0A97-53E5-62FD53510394" otype="FKIndexAssociation" vid_source="2AC72AED-2809-9B05-3504-FA1C4F73FB92" vid_target="B9F0548B-7BEB-591F-A59C-5A34B70CFDB1">
<hideElementsInCurrentOnly>false</hideElementsInCurrentOnly>
<backgroundColor>-16777216</backgroundColor>
<lineWidth>1</lineWidth>
<points>
<point x="600" y="460"/>
<point x="600" y="230"/>
<point x="439" y="230"/>
<point x="312" y="230"/>
</points>
</Connector>
<Connector class="oracle.dbtools.crest.swingui.relational.TVFKRelation" oid="DA0CFF9D-F2E4-41DD-B300-97E31C432FA8" otype="FKIndexAssociation" vid_source="3D26FC16-D437-F62C-4348-1CE16B4CDFF1" vid_target="B9F0548B-7BEB-591F-A59C-5A34B70CFDB1">
<hideElementsInCurrentOnly>false</hideElementsInCurrentOnly>
<backgroundColor>-16777216</backgroundColor>
<lineWidth>1</lineWidth>
<points>
<point x="1542" y="119"/>
<point x="894" y="119"/>
<point x="894" y="119"/>
<point x="312" y="119"/>
</points>
</Connector>
<Connector class="oracle.dbtools.crest.swingui.relational.TVFKRelation" oid="DBADC01D-A6BD-60BB-39EE-16BA5AFC4A4E" otype="FKIndexAssociation" vid_source="7968F829-A889-78BE-76DC-5496F6B1EFFF" vid_target="EC2623B8-254D-B7C4-949E-24CC202B7684">
<hideElementsInCurrentOnly>false</hideElementsInCurrentOnly>
<backgroundColor>-16777216</backgroundColor>
<lineWidth>1</lineWidth>
<points>
<point x="939" y="881"/>
<point x="939" y="1210"/>
<point x="561" y="1210"/>
<point x="308" y="1210"/>
</points>
</Connector>
<Connector class="oracle.dbtools.crest.swingui.relational.TVFKRelation" oid="E48444FD-0899-07E0-3DD4-A7212EF1ECC3" otype="FKIndexAssociation" vid_source="2AC72AED-2809-9B05-3504-FA1C4F73FB92" vid_target="EC2623B8-254D-B7C4-949E-24CC202B7684">
<hideElementsInCurrentOnly>false</hideElementsInCurrentOnly>
<backgroundColor>-16777216</backgroundColor>
<lineWidth>1</lineWidth>
<points>
<point x="586" y="1040"/>
<point x="586" y="1154"/>
<point x="529" y="1154"/>
<point x="308" y="1154"/>
</points>
</Connector>
</connectors>
</Diagram>