<?xml version = '1.0' encoding = 'UTF-8'?>
<Diagram class="oracle.dbtools.crest.swingui.datatypes.DPVDataTypes" id="EFD64091-8827-4927-CD64-2E86ED1647BC">
   <createdBy>smharper</createdBy>
   <createdTime>2011-01-06 19:14:52 UTC</createdTime>
   <changedBy>smharper</changedBy>
   <changedTime>2011-01-06 19:14:52 UTC</changedTime>
   <autoRoute>false</autoRoute>
   <boxInbox>true</boxInbox>
   <showLegend>false</showLegend>
   <showLabels>false</showLabels>
   <showGrid>false</showGrid>
   <diagramColor>-1</diagramColor>
   <display>false</display>
   <notation>1</notation>
   <objectViews>
      <OView class="oracle.dbtools.crest.swingui.datatypes.TVStructuredType" oid="1300B473-479F-D3B1-B2DD-70FB97433BE4" otype="StructuredType" vid="BFE67B7E-B3F9-811A-8614-E7D1E49D5F28">
         <bounds x="20" y="20" width="100" height="100"/>
      </OView>
      <OView class="oracle.dbtools.crest.swingui.datatypes.TVStructuredType" oid="27519C2C-2E01-0FFC-BD98-F301218740C1" otype="StructuredType" vid="050D3AB0-806C-285C-9ECF-685736141D03">
         <bounds x="20" y="20" width="100" height="100"/>
      </OView>
      <OView class="oracle.dbtools.crest.swingui.datatypes.TVStructuredType" oid="34436472-829B-3357-D14A-238026A9FE6A" otype="StructuredType" vid="8C9D0254-983E-3604-6C79-85EC2C3059A0">
         <bounds x="20" y="20" width="100" height="100"/>
      </OView>
      <OView class="oracle.dbtools.crest.swingui.datatypes.TVStructuredType" oid="3E6BB331-2412-CAF5-FF2A-2AB8E1D8B629" otype="StructuredType" vid="B9DBBB1F-FCFC-29D5-6506-9685C9115FFF">
         <bounds x="20" y="20" width="100" height="100"/>
      </OView>
      <OView class="oracle.dbtools.crest.swingui.datatypes.TVStructuredType" oid="45EAD6FF-998F-49CE-A410-F3BDB7E2EE24" otype="StructuredType" vid="D37F6A7E-6229-97E6-7F5C-4ED87681B9DD">
         <bounds x="20" y="20" width="100" height="100"/>
      </OView>
      <OView class="oracle.dbtools.crest.swingui.datatypes.TVStructuredType" oid="474D6FCB-A77F-4356-E491-2C454AD2E444" otype="StructuredType" vid="5A9B5F07-B7D9-FE46-74AF-2452A80446B2">
         <bounds x="20" y="20" width="100" height="100"/>
      </OView>
      <OView class="oracle.dbtools.crest.swingui.datatypes.TVStructuredType" oid="47E390DE-0671-C4B1-8428-0F45CBEE18F8" otype="StructuredType" vid="B44BE0AC-2EDE-7F89-772C-27E7614C6F41">
         <bounds x="20" y="20" width="100" height="100"/>
      </OView>
      <OView class="oracle.dbtools.crest.swingui.datatypes.TVStructuredType" oid="621BACE7-BA59-D8FF-E944-4DFE0A6EEB2E" otype="StructuredType" vid="ECE3DFD0-D89C-8511-0C9F-407CDFEC818B">
         <bounds x="20" y="20" width="100" height="100"/>
      </OView>
      <OView class="oracle.dbtools.crest.swingui.datatypes.TVStructuredType" oid="66DA6F65-85F7-927F-F6B2-5C5985B1915C" otype="StructuredType" vid="03653087-66FD-F28A-D89D-719FAD3D577E">
         <bounds x="20" y="20" width="100" height="100"/>
      </OView>
      <OView class="oracle.dbtools.crest.swingui.datatypes.TVStructuredType" oid="7CAA6A5F-EEF1-E703-79A6-71DB1429939F" otype="StructuredType" vid="14FFB379-572C-D4CE-3BD0-4EABE44D00FE">
         <bounds x="20" y="20" width="100" height="100"/>
      </OView>
      <OView class="oracle.dbtools.crest.swingui.datatypes.TVStructuredType" oid="935574B9-FE76-EBDB-4455-E7BA6B34213A" otype="StructuredType" vid="B61C354A-375A-1F94-53B5-516026F956A1">
         <bounds x="20" y="20" width="100" height="100"/>
      </OView>
      <OView class="oracle.dbtools.crest.swingui.datatypes.TVStructuredType" oid="A65225D2-2732-443A-75CB-506FDCF0B983" otype="StructuredType" vid="33243B29-D4DB-75D1-A6FD-9328BF14C5FA">
         <bounds x="20" y="20" width="100" height="100"/>
      </OView>
      <OView class="oracle.dbtools.crest.swingui.datatypes.TVStructuredType" oid="A92A5F30-019C-622A-8A05-FB7AA8D5F9B7" otype="StructuredType" vid="AC3354EF-CC70-7756-3F15-2B1A66AA1C65">
         <bounds x="20" y="20" width="100" height="100"/>
      </OView>
      <OView class="oracle.dbtools.crest.swingui.datatypes.TVStructuredType" oid="A9CB1BFD-5A23-8A8A-8228-3674A5840050" otype="StructuredType" vid="7EF0C019-1305-DD1C-F125-D3661FCC80FD">
         <bounds x="20" y="20" width="100" height="100"/>
      </OView>
      <OView class="oracle.dbtools.crest.swingui.datatypes.TVStructuredType" oid="AF86A7C1-86DC-CCBA-7B26-E0557495BC68" otype="StructuredType" vid="1A0C9F6B-2DBD-CDFB-3A09-898A45339589">
         <bounds x="20" y="20" width="100" height="100"/>
      </OView>
      <OView class="oracle.dbtools.crest.swingui.datatypes.TVStructuredType" oid="CB3D2AF4-66C4-97A9-4D02-2F6757A9E8A0" otype="StructuredType" vid="AF79E90E-7B32-8C08-4281-5100F3E3B9FF">
         <bounds x="20" y="20" width="100" height="100"/>
      </OView>
      <OView class="oracle.dbtools.crest.swingui.datatypes.TVStructuredType" oid="D4531AD5-72E4-2793-D215-3E58E57B0A6C" otype="StructuredType" vid="753C7CC9-2D84-1DF8-98F8-29E09AFD43B6">
         <bounds x="20" y="20" width="100" height="100"/>
      </OView>
      <OView class="oracle.dbtools.crest.swingui.datatypes.TVStructuredType" oid="D9FE7F6F-49DE-FB61-374E-C33A516674A6" otype="StructuredType" vid="215F134F-30F5-6F30-3AD2-738669C8FC4D">
         <bounds x="20" y="20" width="100" height="100"/>
      </OView>
      <OView class="oracle.dbtools.crest.swingui.datatypes.TVStructuredType" oid="DF157475-D63C-E86D-571D-6CF0DF9FDB3A" otype="StructuredType" vid="E16B58D3-3AB3-2C54-B985-712A79F287C1">
         <bounds x="20" y="20" width="100" height="100"/>
      </OView>
      <OView class="oracle.dbtools.crest.swingui.datatypes.TVStructuredType" oid="E83AC126-38AC-813C-131C-E7C46EB5C25C" otype="StructuredType" vid="64AB3B42-C6A4-B399-86B1-FCD794EFEE6B">
         <bounds x="20" y="20" width="100" height="100"/>
      </OView>
      <OView class="oracle.dbtools.crest.swingui.datatypes.TVStructuredType" oid="ECB7CC80-675D-B36A-24C6-9A10E92E186F" otype="StructuredType" vid="3DDEC876-21C8-D364-D761-3A5FA7116E34">
         <bounds x="20" y="20" width="100" height="100"/>
      </OView>
      <OView class="oracle.dbtools.crest.swingui.datatypes.TVStructuredType" oid="F211AAAA-4D0C-0580-729F-32CBBABE85F2" otype="StructuredType" vid="99B2F17D-EB59-FBD1-C252-D87166E4423D">
         <bounds x="50" y="50" width="100" height="100"/>
      </OView>
   </objectViews>
   <connectors>
      <Connector class="oracle.dbtools.crest.swingui.datatypes.TVDTInheritance" oid="3BC588DE-103E-8EAD-BFC3-83CA1E503CD0" otype="DTInheritance" vid_source="5A9B5F07-B7D9-FE46-74AF-2452A80446B2" vid_target="3DDEC876-21C8-D364-D761-3A5FA7116E34">
         <lineWidth>1</lineWidth>
      </Connector>
      <Connector class="oracle.dbtools.crest.swingui.datatypes.TVDTInheritance" oid="745D2D1D-3C34-A5D3-131F-1D6DFF8429D6" otype="DTInheritance" vid_source="5A9B5F07-B7D9-FE46-74AF-2452A80446B2" vid_target="B61C354A-375A-1F94-53B5-516026F956A1">
         <lineWidth>1</lineWidth>
      </Connector>
      <Connector class="oracle.dbtools.crest.swingui.datatypes.TVDTInheritance" oid="749AA4F4-050A-0C03-7688-7223B5006ED9" otype="DTInheritance" vid_source="215F134F-30F5-6F30-3AD2-738669C8FC4D" vid_target="14FFB379-572C-D4CE-3BD0-4EABE44D00FE">
         <lineWidth>1</lineWidth>
      </Connector>
      <Connector class="oracle.dbtools.crest.swingui.datatypes.TVDTInheritance" oid="D694354A-FFDA-1826-556D-EB1458EE7F82" otype="DTInheritance" vid_source="3DDEC876-21C8-D364-D761-3A5FA7116E34" vid_target="8C9D0254-983E-3604-6C79-85EC2C3059A0">
         <lineWidth>1</lineWidth>
      </Connector>
   </connectors>
</Diagram>