<?xml version = '1.0' encoding = 'UTF-8'?>
<FKIndexAssociation class="oracle.dbtools.crest.model.design.relational.FKIndexAssociation" directorySegmentName="seg_0" id="0E02678F-6B1A-2259-CC3D-EFA0FB7B4690" containerWithKeyObject="4967EC81-4213-65F8-490C-689F2C3AA263" localFKIndex="9DA867EE-8FFC-05CC-6FC5-AE3BB1D32B3C" name="ORDERS_SALES_REP_FK">
<createdBy>Administrator</createdBy>
<createdTime>2009-01-30 17:10:25 UTC</createdTime>
<ownerDesignName>all_schemas</ownerDesignName>
<referredTableLongName>HR.EMPLOYEES</referredTableLongName>
<deleteRule>SET NULL</deleteRule>
<referredTableID>ACFDBD4E-C2A9-60D1-639A-3841326467E9</referredTableID>
<keyObject>B625395C-D403-2E10-C92D-217174C035C0</keyObject>
<referredKeyID>B625395C-D403-2E10-C92D-217174C035C0</referredKeyID>
<mandatory>false</mandatory>
<refColNames>EMPLOYEE_ID</refColNames>
<transferable>true</transferable>
<rely>false</rely>
<columnDependencyConstraintGenerateInDDL>false</columnDependencyConstraintGenerateInDDL>
</FKIndexAssociation>