<?xml version = '1.0' encoding = 'UTF-8'?>
<FKIndexAssociation class="oracle.dbtools.crest.model.design.relational.FKIndexAssociation" directorySegmentName="seg_0" id="17F41959-B5E9-6C0F-97DC-26FCB1A69FE7" containerWithKeyObject="488D8AFD-6679-8EE8-7359-B240456FC754" localFKIndex="5F711463-0423-6756-5FA7-BCB34C586764" name="DEPT_LOC_FK">
<createdBy>Administrator</createdBy>
<createdTime>2009-01-30 17:10:26 UTC</createdTime>
<ownerDesignName>all_schemas</ownerDesignName>
<referredTableLongName>HR.LOCATIONS</referredTableLongName>
<deleteRule>NO ACTION</deleteRule>
<referredTableID>2C531C8D-3DA3-59B5-0452-F1A0D969C27C</referredTableID>
<keyObject>26049F41-094F-4046-E866-00F371FDFE04</keyObject>
<referredKeyID>26049F41-094F-4046-E866-00F371FDFE04</referredKeyID>
<mandatory>false</mandatory>
<refColNames>LOCATION_ID</refColNames>
<transferable>true</transferable>
<rely>false</rely>
<columnDependencyConstraintGenerateInDDL>false</columnDependencyConstraintGenerateInDDL>
</FKIndexAssociation>