<?xml version = '1.0' encoding = 'UTF-8'?>
<FKIndexAssociation class="oracle.dbtools.crest.model.design.relational.FKIndexAssociation" directorySegmentName="seg_0" id="1B8FBB54-9EAF-8BDE-0DE6-98FE1A9C1878" containerWithKeyObject="4967EC81-4213-65F8-490C-689F2C3AA263" localFKIndex="AAACB201-7F7C-D3F6-2489-8D1BCE56279B" name="ORDERS_CUSTOMER_ID_FK">
<createdBy>Administrator</createdBy>
<createdTime>2009-01-30 17:10:25 UTC</createdTime>
<ownerDesignName>all_schemas</ownerDesignName>
<referredTableLongName>OE.CUSTOMERS2</referredTableLongName>
<deleteRule>SET NULL</deleteRule>
<referredTableID>BE0F0A9F-0561-BB7C-19CE-D8BED34BB5B7</referredTableID>
<keyObject>9E582595-12F8-54C5-A42E-53C4A2B881D0</keyObject>
<referredKeyID>9E582595-12F8-54C5-A42E-53C4A2B881D0</referredKeyID>
<mandatory>true</mandatory>
<refColNames>CUSTOMER_ID</refColNames>
<transferable>true</transferable>
<rely>false</rely>
<columnDependencyConstraintGenerateInDDL>false</columnDependencyConstraintGenerateInDDL>
</FKIndexAssociation>