<?xml version = '1.0' encoding = 'UTF-8'?>
<FKIndexAssociation class="oracle.dbtools.crest.model.design.relational.FKIndexAssociation" directorySegmentName="seg_0" id="1FD3236E-935B-26C9-D57A-CC8421712955" containerWithKeyObject="488D8AFD-6679-8EE8-7359-B240456FC754" localFKIndex="A679970D-6E38-7E00-3871-E85B828750F9" name="DEPT_MGR_FK">
<createdBy>Administrator</createdBy>
<createdTime>2009-01-30 17:10:26 UTC</createdTime>
<ownerDesignName>all_schemas</ownerDesignName>
<referredTableLongName>HR.EMPLOYEES</referredTableLongName>
<deleteRule>NO ACTION</deleteRule>
<referredTableID>ACFDBD4E-C2A9-60D1-639A-3841326467E9</referredTableID>
<keyObject>B625395C-D403-2E10-C92D-217174C035C0</keyObject>
<referredKeyID>B625395C-D403-2E10-C92D-217174C035C0</referredKeyID>
<mandatory>false</mandatory>
<refColNames>EMPLOYEE_ID</refColNames>
<transferable>true</transferable>
<rely>false</rely>
<columnDependencyConstraintGenerateInDDL>false</columnDependencyConstraintGenerateInDDL>
</FKIndexAssociation>