<?xml version = '1.0' encoding = 'UTF-8'?>
<FKIndexAssociation class="oracle.dbtools.crest.model.design.relational.FKIndexAssociation" directorySegmentName="seg_0" id="3527D5B7-5642-E719-2EAA-ED37AD2183C9" containerWithKeyObject="9D0ADB9C-18E7-FCEE-8CCA-42E6B1532A5F" localFKIndex="FDDB3117-503C-A23F-DCAC-F879424F0C5B" name="PRODUCT_INFO_CATEGORY_FK">
<createdBy>Administrator</createdBy>
<createdTime>2009-01-30 17:10:25 UTC</createdTime>
<ownerDesignName>all_schemas</ownerDesignName>
<referredTableLongName>OE.CATEGORIES</referredTableLongName>
<deleteRule>NO ACTION</deleteRule>
<referredTableID>9443AE59-506B-195D-39B8-E45A779C90BE</referredTableID>
<keyObject>BD2EA96F-B7D2-7B51-8553-FDECE4779376</keyObject>
<referredKeyID>BD2EA96F-B7D2-7B51-8553-FDECE4779376</referredKeyID>
<mandatory>false</mandatory>
<refColNames>CATEGORY_ID</refColNames>
<transferable>true</transferable>
<rely>false</rely>
<columnDependencyConstraintGenerateInDDL>false</columnDependencyConstraintGenerateInDDL>
</FKIndexAssociation>