<?xml version = '1.0' encoding = 'UTF-8'?>
<FKIndexAssociation class="oracle.dbtools.crest.model.design.relational.FKIndexAssociation" directorySegmentName="seg_0" id="4E60D625-AD9A-2523-FD47-8F4FACE7B772" containerWithKeyObject="75166F54-179B-6FB5-3E00-01F9980349F8" localFKIndex="91AB61FB-5449-D059-4268-F604B678F2FE" name="COUNTR_REG_FK">
<createdBy>Administrator</createdBy>
<createdTime>2009-01-30 17:10:26 UTC</createdTime>
<ownerDesignName>all_schemas</ownerDesignName>
<referredTableLongName>HR.REGIONS</referredTableLongName>
<deleteRule>NO ACTION</deleteRule>
<referredTableID>C9A48430-823A-265B-584E-23C76D9EC097</referredTableID>
<keyObject>E168AF9A-9E18-5E59-7558-B2BD93E8043B</keyObject>
<referredKeyID>E168AF9A-9E18-5E59-7558-B2BD93E8043B</referredKeyID>
<mandatory>false</mandatory>
<refColNames>REGION_ID</refColNames>
<transferable>true</transferable>
<rely>false</rely>
<columnDependencyConstraintGenerateInDDL>false</columnDependencyConstraintGenerateInDDL>
</FKIndexAssociation>