<?xml version = '1.0' encoding = 'UTF-8'?>
<FKIndexAssociation class="oracle.dbtools.crest.model.design.relational.FKIndexAssociation" directorySegmentName="seg_0" id="58BAE124-4B7D-15BC-0836-6B0A83AF4DCF" containerWithKeyObject="ACFDBD4E-C2A9-60D1-639A-3841326467E9" localFKIndex="85E2BA90-0ADA-DEBE-04E7-BF0ABE4AF8AE" name="EMP_MANAGER_FK">
<createdBy>Administrator</createdBy>
<createdTime>2009-01-30 17:10:25 UTC</createdTime>
<ownerDesignName>all_schemas</ownerDesignName>
<referredTableLongName>HR.EMPLOYEES</referredTableLongName>
<deleteRule>NO ACTION</deleteRule>
<referredTableID>ACFDBD4E-C2A9-60D1-639A-3841326467E9</referredTableID>
<keyObject>B625395C-D403-2E10-C92D-217174C035C0</keyObject>
<referredKeyID>B625395C-D403-2E10-C92D-217174C035C0</referredKeyID>
<mandatory>false</mandatory>
<refColNames>EMPLOYEE_ID</refColNames>
<transferable>true</transferable>
<rely>false</rely>
<columnDependencyConstraintGenerateInDDL>false</columnDependencyConstraintGenerateInDDL>
</FKIndexAssociation>