<?xml version = '1.0' encoding = 'UTF-8'?>
<FKIndexAssociation class="oracle.dbtools.crest.model.design.relational.FKIndexAssociation" directorySegmentName="seg_0" id="6F0A4F18-3D90-4F0E-E22F-4572E9EFD924" containerWithKeyObject="185FD3DB-3B2C-100B-7A4A-3A651435BE71" localFKIndex="EF762CF8-FE16-3DC3-0721-762E31A28806" name="JHIST_EMP_FK">
<createdBy>Administrator</createdBy>
<createdTime>2009-01-30 17:10:25 UTC</createdTime>
<ownerDesignName>all_schemas</ownerDesignName>
<referredTableLongName>HR.EMPLOYEES</referredTableLongName>
<deleteRule>NO ACTION</deleteRule>
<referredTableID>ACFDBD4E-C2A9-60D1-639A-3841326467E9</referredTableID>
<keyObject>B625395C-D403-2E10-C92D-217174C035C0</keyObject>
<referredKeyID>B625395C-D403-2E10-C92D-217174C035C0</referredKeyID>
<mandatory>true</mandatory>
<refColNames>EMPLOYEE_ID</refColNames>
<transferable>true</transferable>
<rely>false</rely>
<columnDependencyConstraintGenerateInDDL>false</columnDependencyConstraintGenerateInDDL>
</FKIndexAssociation>