<?xml version = '1.0' encoding = 'UTF-8'?>
<FKIndexAssociation class="oracle.dbtools.crest.model.design.relational.FKIndexAssociation" directorySegmentName="seg_0" id="6F0C4A28-192C-E915-1029-054EE0D77907" containerWithKeyObject="ACFDBD4E-C2A9-60D1-639A-3841326467E9" localFKIndex="FBEB355B-C06E-5DE7-71C8-A3B6EB9135EC" name="EMP_DEPT_FK">
<createdBy>Administrator</createdBy>
<createdTime>2009-01-30 17:10:25 UTC</createdTime>
<ownerDesignName>all_schemas</ownerDesignName>
<referredTableLongName>HR.DEPARTMENTS</referredTableLongName>
<deleteRule>NO ACTION</deleteRule>
<referredTableID>488D8AFD-6679-8EE8-7359-B240456FC754</referredTableID>
<keyObject>DFB9F817-369B-5FF4-9BFC-9DACE8D5462B</keyObject>
<referredKeyID>DFB9F817-369B-5FF4-9BFC-9DACE8D5462B</referredKeyID>
<mandatory>false</mandatory>
<refColNames>DEPARTMENT_ID</refColNames>
<transferable>true</transferable>
<rely>false</rely>
<columnDependencyConstraintGenerateInDDL>false</columnDependencyConstraintGenerateInDDL>
</FKIndexAssociation>