<?xml version = '1.0' encoding = 'UTF-8'?>
<FKIndexAssociation class="oracle.dbtools.crest.model.design.relational.FKIndexAssociation" directorySegmentName="seg_0" id="81B22722-FFB0-8C4B-9B6B-EC492939B180" containerWithKeyObject="B20129C4-1399-9E2C-058E-500AB376E5D4" localFKIndex="D04B6F28-C1F6-7155-233C-AB2102D04757" name="ORDER_ITEMS_ORDER_ID_FK">
<createdBy>Administrator</createdBy>
<createdTime>2009-01-30 17:10:25 UTC</createdTime>
<ownerDesignName>all_schemas</ownerDesignName>
<referredTableLongName>OE.ORDERS</referredTableLongName>
<deleteRule>CASCADE</deleteRule>
<referredTableID>4967EC81-4213-65F8-490C-689F2C3AA263</referredTableID>
<keyObject>CEA8E15B-FDCA-AB22-9EB0-4EF6E1CC28B8</keyObject>
<referredKeyID>CEA8E15B-FDCA-AB22-9EB0-4EF6E1CC28B8</referredKeyID>
<mandatory>true</mandatory>
<refColNames>ORDER_ID</refColNames>
<transferable>true</transferable>
<rely>false</rely>
<columnDependencyConstraintGenerateInDDL>false</columnDependencyConstraintGenerateInDDL>
</FKIndexAssociation>