<?xml version = '1.0' encoding = 'UTF-8'?>
<FKIndexAssociation class="oracle.dbtools.crest.model.design.relational.FKIndexAssociation" directorySegmentName="seg_0" id="86F91C96-559D-76C8-F8BB-D9FCCBFFAEC3" containerWithKeyObject="8ECB5CC3-2C75-A2E9-5E13-9101AE4B9078" localFKIndex="FFBB8758-2226-DDC2-9746-F6FA1A7AA098" name="SALES_CHANNEL_FK">
<createdBy>Administrator</createdBy>
<createdTime>2009-01-30 17:10:25 UTC</createdTime>
<ownerDesignName>all_schemas</ownerDesignName>
<referredTableLongName>SH.CHANNELS</referredTableLongName>
<deleteRule>NO ACTION</deleteRule>
<referredTableID>A2E7173C-E707-3F60-ECF4-6F5E9818F4CB</referredTableID>
<keyObject>2DB37EFA-178B-7B6D-0D1C-E45B71934D16</keyObject>
<referredKeyID>2DB37EFA-178B-7B6D-0D1C-E45B71934D16</referredKeyID>
<mandatory>true</mandatory>
<refColNames>CHANNEL_ID</refColNames>
<transferable>true</transferable>
<rely>false</rely>
<columnDependencyConstraintGenerateInDDL>false</columnDependencyConstraintGenerateInDDL>
</FKIndexAssociation>