<?xml version = '1.0' encoding = 'UTF-8'?>
<FKIndexAssociation class="oracle.dbtools.crest.model.design.relational.FKIndexAssociation" directorySegmentName="seg_0" id="8F85E61B-A071-CFC9-B2C0-3EF25C220DED" containerWithKeyObject="8ECB5CC3-2C75-A2E9-5E13-9101AE4B9078" localFKIndex="C04F3741-1D10-CFEF-F7E7-28C5E3E5B251" name="SALES_PRODUCT_FK">
<createdBy>Administrator</createdBy>
<createdTime>2009-01-30 17:10:25 UTC</createdTime>
<ownerDesignName>all_schemas</ownerDesignName>
<referredTableLongName>SH.PRODUCTS</referredTableLongName>
<deleteRule>NO ACTION</deleteRule>
<referredTableID>60E6FFA7-C033-DCD8-B440-025ADBE27823</referredTableID>
<keyObject>76B9D04F-2273-8355-B470-8BC829D034FB</keyObject>
<referredKeyID>76B9D04F-2273-8355-B470-8BC829D034FB</referredKeyID>
<mandatory>true</mandatory>
<refColNames>PROD_ID</refColNames>
<transferable>true</transferable>
<rely>false</rely>
<columnDependencyConstraintGenerateInDDL>false</columnDependencyConstraintGenerateInDDL>
</FKIndexAssociation>