<?xml version = '1.0' encoding = 'UTF-8'?>
<FKIndexAssociation class="oracle.dbtools.crest.model.design.relational.FKIndexAssociation" directorySegmentName="seg_0" id="98C44588-C39D-7FE1-C2A7-D4A5A9919753" containerWithKeyObject="B1828407-D0C1-F929-1CB8-9DC25E64E8C4" localFKIndex="FBDACA35-A348-04E3-554C-68F1E84E5E4D" name="CUSTOMERS_COUNTRY_FK">
<createdBy>Administrator</createdBy>
<createdTime>2009-01-30 17:10:24 UTC</createdTime>
<ownerDesignName>all_schemas</ownerDesignName>
<referredTableLongName>SH.COUNTRIES</referredTableLongName>
<deleteRule>NO ACTION</deleteRule>
<referredTableID>66001FBA-016E-3A68-EC0A-6F0DA8AD7813</referredTableID>
<keyObject>802DA376-DD7F-E933-F335-99E674B17234</keyObject>
<referredKeyID>802DA376-DD7F-E933-F335-99E674B17234</referredKeyID>
<mandatory>true</mandatory>
<refColNames>COUNTRY_ID</refColNames>
<transferable>true</transferable>
<rely>false</rely>
<columnDependencyConstraintGenerateInDDL>false</columnDependencyConstraintGenerateInDDL>
</FKIndexAssociation>