<?xml version = '1.0' encoding = 'UTF-8'?>
<FKIndexAssociation class="oracle.dbtools.crest.model.design.relational.FKIndexAssociation" directorySegmentName="seg_0" id="9ADDA53C-9FAC-2245-9E5D-70EB43769546" containerWithKeyObject="185FD3DB-3B2C-100B-7A4A-3A651435BE71" localFKIndex="2515788A-C962-43EB-86F5-D60B9BF86FAE" name="JHIST_JOB_FK">
<createdBy>Administrator</createdBy>
<createdTime>2009-01-30 17:10:25 UTC</createdTime>
<ownerDesignName>all_schemas</ownerDesignName>
<referredTableLongName>HR.JOBS</referredTableLongName>
<deleteRule>NO ACTION</deleteRule>
<referredTableID>C45D80C9-783F-A6E8-C8E1-D4F283B94463</referredTableID>
<keyObject>3D3FE630-97B4-4E1C-7237-DB73F575CEC4</keyObject>
<referredKeyID>3D3FE630-97B4-4E1C-7237-DB73F575CEC4</referredKeyID>
<mandatory>true</mandatory>
<refColNames>JOB_ID</refColNames>
<transferable>true</transferable>
<rely>false</rely>
<columnDependencyConstraintGenerateInDDL>false</columnDependencyConstraintGenerateInDDL>
</FKIndexAssociation>