<?xml version = '1.0' encoding = 'UTF-8'?>
<FKIndexAssociation class="oracle.dbtools.crest.model.design.relational.FKIndexAssociation" directorySegmentName="seg_0" id="9AFADFB4-E08B-96E2-D682-CF118BAFA670" containerWithKeyObject="B20129C4-1399-9E2C-058E-500AB376E5D4" localFKIndex="33E8E87D-58D7-7414-4BF2-159834E8EEC9" name="ORDER_ITEMS_PRODUCT_ID_FK">
<createdBy>Administrator</createdBy>
<createdTime>2009-01-30 17:10:26 UTC</createdTime>
<ownerDesignName>all_schemas</ownerDesignName>
<referredTableLongName>OE.PRODUCT_INFORMATION</referredTableLongName>
<deleteRule>NO ACTION</deleteRule>
<referredTableID>9D0ADB9C-18E7-FCEE-8CCA-42E6B1532A5F</referredTableID>
<keyObject>E76C7C13-EAFC-D31C-41F4-791157A107B6</keyObject>
<referredKeyID>E76C7C13-EAFC-D31C-41F4-791157A107B6</referredKeyID>
<mandatory>true</mandatory>
<refColNames>PRODUCT_ID</refColNames>
<transferable>true</transferable>
<rely>false</rely>
<columnDependencyConstraintGenerateInDDL>false</columnDependencyConstraintGenerateInDDL>
</FKIndexAssociation>