<?xml version = '1.0' encoding = 'UTF-8'?>
<FKIndexAssociation class="oracle.dbtools.crest.model.design.relational.FKIndexAssociation" directorySegmentName="seg_0" id="AD5B4DB4-6D5E-9A3D-0027-D653E4D3F5C8" containerWithKeyObject="185FD3DB-3B2C-100B-7A4A-3A651435BE71" localFKIndex="624843BF-1F91-3F94-85CD-82BE5F89B7B4" name="JHIST_DEPT_FK">
<createdBy>Administrator</createdBy>
<createdTime>2009-01-30 17:10:25 UTC</createdTime>
<ownerDesignName>all_schemas</ownerDesignName>
<referredTableLongName>HR.DEPARTMENTS</referredTableLongName>
<deleteRule>NO ACTION</deleteRule>
<referredTableID>488D8AFD-6679-8EE8-7359-B240456FC754</referredTableID>
<keyObject>DFB9F817-369B-5FF4-9BFC-9DACE8D5462B</keyObject>
<referredKeyID>DFB9F817-369B-5FF4-9BFC-9DACE8D5462B</referredKeyID>
<mandatory>false</mandatory>
<refColNames>DEPARTMENT_ID</refColNames>
<transferable>true</transferable>
<rely>false</rely>
<columnDependencyConstraintGenerateInDDL>false</columnDependencyConstraintGenerateInDDL>
</FKIndexAssociation>