<?xml version = '1.0' encoding = 'UTF-8'?>
<FKIndexAssociation class="oracle.dbtools.crest.model.design.relational.FKIndexAssociation" directorySegmentName="seg_0" id="B294B73E-CDE5-F4FA-A176-DBD0FB8C7B61" containerWithKeyObject="22E41E54-33D3-9163-52D3-DE04B0425E3B" localFKIndex="A5402850-9199-D954-3885-85848F778C96" name="COSTS_CHANNEL_FK">
<createdBy>Administrator</createdBy>
<createdTime>2009-01-30 17:10:24 UTC</createdTime>
<ownerDesignName>all_schemas</ownerDesignName>
<referredTableLongName>SH.CHANNELS</referredTableLongName>
<deleteRule>NO ACTION</deleteRule>
<referredTableID>A2E7173C-E707-3F60-ECF4-6F5E9818F4CB</referredTableID>
<keyObject>2DB37EFA-178B-7B6D-0D1C-E45B71934D16</keyObject>
<referredKeyID>2DB37EFA-178B-7B6D-0D1C-E45B71934D16</referredKeyID>
<mandatory>true</mandatory>
<refColNames>CHANNEL_ID</refColNames>
<transferable>true</transferable>
<rely>false</rely>
<columnDependencyConstraintGenerateInDDL>false</columnDependencyConstraintGenerateInDDL>
</FKIndexAssociation>