<?xml version = '1.0' encoding = 'UTF-8'?>
<FKIndexAssociation class="oracle.dbtools.crest.model.design.relational.FKIndexAssociation" directorySegmentName="seg_0" id="B308D463-7B8B-92CF-6208-50903F517C55" containerWithKeyObject="22E41E54-33D3-9163-52D3-DE04B0425E3B" localFKIndex="537549A8-226B-15D6-6085-77B6D11980CD" name="COSTS_PROMO_FK">
<createdBy>Administrator</createdBy>
<createdTime>2009-01-30 17:10:26 UTC</createdTime>
<ownerDesignName>all_schemas</ownerDesignName>
<referredTableLongName>SH.PROMOTIONS</referredTableLongName>
<deleteRule>NO ACTION</deleteRule>
<referredTableID>87F4CFC5-C231-BEBA-B709-6D43D478A37C</referredTableID>
<keyObject>42204839-CF40-28B1-228C-B1CF5D0853DA</keyObject>
<referredKeyID>42204839-CF40-28B1-228C-B1CF5D0853DA</referredKeyID>
<mandatory>true</mandatory>
<refColNames>PROMO_ID</refColNames>
<transferable>true</transferable>
<rely>false</rely>
<columnDependencyConstraintGenerateInDDL>false</columnDependencyConstraintGenerateInDDL>
</FKIndexAssociation>