<?xml version = '1.0' encoding = 'UTF-8'?>
<FKIndexAssociation class="oracle.dbtools.crest.model.design.relational.FKIndexAssociation" directorySegmentName="seg_0" id="BF594868-FFB4-8ED7-01BF-70E073A484EB" containerWithKeyObject="03BB80BE-8E66-2D88-B16F-09139273FD38" localFKIndex="F03A5D41-BB01-9835-9132-A523EECD717F" name="INVENTORIES_WAREHOUSES_FK">
<createdBy>Administrator</createdBy>
<createdTime>2009-01-30 17:10:26 UTC</createdTime>
<ownerDesignName>all_schemas</ownerDesignName>
<referredTableLongName>OE.WAREHOUSES</referredTableLongName>
<deleteRule>NO ACTION</deleteRule>
<referredTableID>892A0937-1265-F663-3E16-9D9CF2706DB9</referredTableID>
<keyObject>07640160-0A98-F983-FFB5-E3685114D9D4</keyObject>
<referredKeyID>07640160-0A98-F983-FFB5-E3685114D9D4</referredKeyID>
<mandatory>true</mandatory>
<refColNames>WAREHOUSE_ID</refColNames>
<transferable>true</transferable>
<rely>false</rely>
<columnDependencyConstraintGenerateInDDL>false</columnDependencyConstraintGenerateInDDL>
</FKIndexAssociation>