<?xml version = '1.0' encoding = 'UTF-8'?>
<FKIndexAssociation class="oracle.dbtools.crest.model.design.relational.FKIndexAssociation" directorySegmentName="seg_0" id="CA7D141D-18B4-E3B3-CDCA-6DE203897E5A" containerWithKeyObject="892A0937-1265-F663-3E16-9D9CF2706DB9" localFKIndex="E64B6A16-A28C-C734-8FA3-7797C945469E" name="WAREHOUSES_LOCATION_FK">
<createdBy>Administrator</createdBy>
<createdTime>2009-01-30 17:10:26 UTC</createdTime>
<ownerDesignName>all_schemas</ownerDesignName>
<referredTableLongName>HR.LOCATIONS</referredTableLongName>
<deleteRule>SET NULL</deleteRule>
<referredTableID>2C531C8D-3DA3-59B5-0452-F1A0D969C27C</referredTableID>
<keyObject>26049F41-094F-4046-E866-00F371FDFE04</keyObject>
<referredKeyID>26049F41-094F-4046-E866-00F371FDFE04</referredKeyID>
<mandatory>false</mandatory>
<refColNames>LOCATION_ID</refColNames>
<transferable>true</transferable>
<rely>false</rely>
<columnDependencyConstraintGenerateInDDL>false</columnDependencyConstraintGenerateInDDL>
</FKIndexAssociation>