<?xml version = '1.0' encoding = 'UTF-8'?>
<FKIndexAssociation class="oracle.dbtools.crest.model.design.relational.FKIndexAssociation" directorySegmentName="seg_0" id="CC22EDB5-FB7F-133A-3EEC-DB38D6518470" containerWithKeyObject="8ECB5CC3-2C75-A2E9-5E13-9101AE4B9078" localFKIndex="FCD64DAA-C049-F4DE-A5FF-109C912F97CF" name="SALES_PROMO_FK">
<createdBy>Administrator</createdBy>
<createdTime>2009-01-30 17:10:25 UTC</createdTime>
<ownerDesignName>all_schemas</ownerDesignName>
<referredTableLongName>SH.PROMOTIONS</referredTableLongName>
<deleteRule>NO ACTION</deleteRule>
<referredTableID>87F4CFC5-C231-BEBA-B709-6D43D478A37C</referredTableID>
<keyObject>42204839-CF40-28B1-228C-B1CF5D0853DA</keyObject>
<referredKeyID>42204839-CF40-28B1-228C-B1CF5D0853DA</referredKeyID>
<mandatory>true</mandatory>
<refColNames>PROMO_ID</refColNames>
<transferable>true</transferable>
<rely>false</rely>
<columnDependencyConstraintGenerateInDDL>false</columnDependencyConstraintGenerateInDDL>
</FKIndexAssociation>