<?xml version = '1.0' encoding = 'UTF-8'?>
<FKIndexAssociation class="oracle.dbtools.crest.model.design.relational.FKIndexAssociation" directorySegmentName="seg_0" id="CF053FBA-A938-AE7A-DB2A-85B0DF2F3784" containerWithKeyObject="2C531C8D-3DA3-59B5-0452-F1A0D969C27C" localFKIndex="B7A55BBD-8CD4-56CC-B426-83DD71144A6F" name="LOC_C_ID_FK">
<createdBy>Administrator</createdBy>
<createdTime>2009-01-30 17:10:25 UTC</createdTime>
<ownerDesignName>all_schemas</ownerDesignName>
<referredTableLongName>HR.COUNTRIES2</referredTableLongName>
<deleteRule>NO ACTION</deleteRule>
<referredTableID>75166F54-179B-6FB5-3E00-01F9980349F8</referredTableID>
<keyObject>5818B59D-F484-4B20-5090-28991399BA37</keyObject>
<referredKeyID>5818B59D-F484-4B20-5090-28991399BA37</referredKeyID>
<mandatory>false</mandatory>
<refColNames>COUNTRY_ID</refColNames>
<transferable>true</transferable>
<rely>false</rely>
<columnDependencyConstraintGenerateInDDL>false</columnDependencyConstraintGenerateInDDL>
</FKIndexAssociation>