<?xml version = '1.0' encoding = 'UTF-8'?>
<FKIndexAssociation class="oracle.dbtools.crest.model.design.relational.FKIndexAssociation" directorySegmentName="seg_0" id="CF323784-991B-0A97-53E5-62FD53510394" containerWithKeyObject="8ECB5CC3-2C75-A2E9-5E13-9101AE4B9078" localFKIndex="37347728-04E5-4873-F6BD-C1A9A3CE7A1B" name="SALES_TIME_FK">
<createdBy>Administrator</createdBy>
<createdTime>2009-01-30 17:10:26 UTC</createdTime>
<ownerDesignName>all_schemas</ownerDesignName>
<referredTableLongName>SH.TIMES</referredTableLongName>
<deleteRule>NO ACTION</deleteRule>
<referredTableID>2E16E288-1889-58DC-8FF6-F1C377C810F9</referredTableID>
<keyObject>31F92048-14B1-3435-970B-CD62646326EA</keyObject>
<referredKeyID>31F92048-14B1-3435-970B-CD62646326EA</referredKeyID>
<mandatory>true</mandatory>
<refColNames>TIME_ID</refColNames>
<transferable>true</transferable>
<rely>false</rely>
<columnDependencyConstraintGenerateInDDL>false</columnDependencyConstraintGenerateInDDL>
</FKIndexAssociation>