<?xml version = '1.0' encoding = 'UTF-8'?>
<FKIndexAssociation class="oracle.dbtools.crest.model.design.relational.FKIndexAssociation" directorySegmentName="seg_0" id="D7ADB99A-E6A1-9B1C-E22D-9552BBD1CCE0" containerWithKeyObject="03BB80BE-8E66-2D88-B16F-09139273FD38" localFKIndex="D81BEDAF-1F6B-0DA4-8FF2-C1D3C1B63577" name="INVENTORIES_PRODUCT_ID_FK">
<createdBy>Administrator</createdBy>
<createdTime>2009-01-30 17:10:26 UTC</createdTime>
<ownerDesignName>all_schemas</ownerDesignName>
<referredTableLongName>OE.PRODUCT_INFORMATION</referredTableLongName>
<deleteRule>NO ACTION</deleteRule>
<referredTableID>9D0ADB9C-18E7-FCEE-8CCA-42E6B1532A5F</referredTableID>
<keyObject>E76C7C13-EAFC-D31C-41F4-791157A107B6</keyObject>
<referredKeyID>E76C7C13-EAFC-D31C-41F4-791157A107B6</referredKeyID>
<mandatory>true</mandatory>
<refColNames>PRODUCT_ID</refColNames>
<transferable>true</transferable>
<rely>false</rely>
<columnDependencyConstraintGenerateInDDL>false</columnDependencyConstraintGenerateInDDL>
</FKIndexAssociation>