<?xml version = '1.0' encoding = 'UTF-8'?>
<FKIndexAssociation class="oracle.dbtools.crest.model.design.relational.FKIndexAssociation" directorySegmentName="seg_0" id="DA0CFF9D-F2E4-41DD-B300-97E31C432FA8" containerWithKeyObject="8ECB5CC3-2C75-A2E9-5E13-9101AE4B9078" localFKIndex="CE8AEA12-264D-32F7-CF8E-FCDDFD7A9BA8" name="SALES_CUSTOMER_FK">
<createdBy>Administrator</createdBy>
<createdTime>2009-01-30 17:10:25 UTC</createdTime>
<ownerDesignName>all_schemas</ownerDesignName>
<referredTableLongName>SH.CUSTOMERS</referredTableLongName>
<deleteRule>NO ACTION</deleteRule>
<referredTableID>B1828407-D0C1-F929-1CB8-9DC25E64E8C4</referredTableID>
<keyObject>16E64520-1C91-4F13-1D77-0152EB781763</keyObject>
<referredKeyID>16E64520-1C91-4F13-1D77-0152EB781763</referredKeyID>
<mandatory>true</mandatory>
<refColNames>CUST_ID</refColNames>
<transferable>true</transferable>
<rely>false</rely>
<columnDependencyConstraintGenerateInDDL>false</columnDependencyConstraintGenerateInDDL>
</FKIndexAssociation>