<?xml version = '1.0' encoding = 'UTF-8'?>
<FKIndexAssociation class="oracle.dbtools.crest.model.design.relational.FKIndexAssociation" directorySegmentName="seg_0" id="DBADC01D-A6BD-60BB-39EE-16BA5AFC4A4E" containerWithKeyObject="22E41E54-33D3-9163-52D3-DE04B0425E3B" localFKIndex="8FF67ADF-8987-56CF-A939-2E8E3AFC7E07" name="COSTS_PRODUCT_FK">
<createdBy>Administrator</createdBy>
<createdTime>2009-01-30 17:10:26 UTC</createdTime>
<ownerDesignName>all_schemas</ownerDesignName>
<referredTableLongName>SH.PRODUCTS</referredTableLongName>
<deleteRule>NO ACTION</deleteRule>
<referredTableID>60E6FFA7-C033-DCD8-B440-025ADBE27823</referredTableID>
<keyObject>76B9D04F-2273-8355-B470-8BC829D034FB</keyObject>
<referredKeyID>76B9D04F-2273-8355-B470-8BC829D034FB</referredKeyID>
<mandatory>true</mandatory>
<refColNames>PROD_ID</refColNames>
<transferable>true</transferable>
<rely>false</rely>
<columnDependencyConstraintGenerateInDDL>false</columnDependencyConstraintGenerateInDDL>
</FKIndexAssociation>