<?xml version = '1.0' encoding = 'UTF-8'?>
<FKIndexAssociation class="oracle.dbtools.crest.model.design.relational.FKIndexAssociation" directorySegmentName="seg_0" id="E48444FD-0899-07E0-3DD4-A7212EF1ECC3" containerWithKeyObject="22E41E54-33D3-9163-52D3-DE04B0425E3B" localFKIndex="32E162B4-A8DB-949A-639A-EA5AFA7BDF8F" name="COSTS_TIME_FK">
<createdBy>Administrator</createdBy>
<createdTime>2009-01-30 17:10:26 UTC</createdTime>
<ownerDesignName>all_schemas</ownerDesignName>
<referredTableLongName>SH.TIMES</referredTableLongName>
<deleteRule>NO ACTION</deleteRule>
<referredTableID>2E16E288-1889-58DC-8FF6-F1C377C810F9</referredTableID>
<keyObject>31F92048-14B1-3435-970B-CD62646326EA</keyObject>
<referredKeyID>31F92048-14B1-3435-970B-CD62646326EA</referredKeyID>
<mandatory>true</mandatory>
<refColNames>TIME_ID</refColNames>
<transferable>true</transferable>
<rely>false</rely>
<columnDependencyConstraintGenerateInDDL>false</columnDependencyConstraintGenerateInDDL>
</FKIndexAssociation>