<?xml version = '1.0' encoding = 'UTF-8'?>
<FKIndexAssociation class="oracle.dbtools.crest.model.design.relational.FKIndexAssociation" directorySegmentName="seg_0" id="FDE005A4-2C82-3ABE-C985-BBE8C37C4626" containerWithKeyObject="ACFDBD4E-C2A9-60D1-639A-3841326467E9" localFKIndex="495BE249-EC3C-7471-145D-DEED960B8BB4" name="EMP_JOB_FK">
<createdBy>Administrator</createdBy>
<createdTime>2009-01-30 17:10:26 UTC</createdTime>
<ownerDesignName>all_schemas</ownerDesignName>
<referredTableLongName>HR.JOBS</referredTableLongName>
<deleteRule>NO ACTION</deleteRule>
<referredTableID>C45D80C9-783F-A6E8-C8E1-D4F283B94463</referredTableID>
<keyObject>3D3FE630-97B4-4E1C-7237-DB73F575CEC4</keyObject>
<referredKeyID>3D3FE630-97B4-4E1C-7237-DB73F575CEC4</referredKeyID>
<mandatory>true</mandatory>
<refColNames>JOB_ID</refColNames>
<transferable>true</transferable>
<rely>false</rely>
<columnDependencyConstraintGenerateInDDL>false</columnDependencyConstraintGenerateInDDL>
</FKIndexAssociation>