<?xml version = '1.0' encoding = 'UTF-8'?>
<Table class="oracle.dbtools.crest.model.design.relational.Table" directorySegmentName="seg_0" id="6009F836-639C-05CA-5BE6-6F0114FDDB94" name="JOBS">
<createdBy>Administrator</createdBy>
<createdTime>2008-11-18 12:29:10 UTC</createdTime>
<generatorID>8878031F-D9CA-D6E3-1941-7D4D718A8802</generatorID>
<ownerDesignName>all_schemas</ownerDesignName>
<parsed>true</parsed>
<columns itemClass="oracle.dbtools.crest.model.design.relational.Column">
<Column name="JOB_ID" id="493BABD9-9D99-91DC-85F0-CB3608989DF0">
<createdBy>Administrator</createdBy>
<createdTime>2008-11-18 12:29:10 UTC</createdTime>
<commentInRDBMS><![CDATA[Primary key of jobs table.]]></commentInRDBMS>
<generatorID>77A2DB3A-2DDB-7EDE-6DD9-0DE984ABBB6A</generatorID>
<ownerDesignName>all_schemas</ownerDesignName>
<useDomainConstraints>false</useDomainConstraints>
<use>1</use>
<logicalDatatype>LOGDT024</logicalDatatype>
<dataTypeSize>10 BYTE</dataTypeSize>
<ownDataTypeParameters>10 BYTE,,</ownDataTypeParameters>
</Column>
<Column name="JOB_TITLE" id="4721A111-03BD-B3B8-1081-68FD7755BF87">
<createdBy>Administrator</createdBy>
<createdTime>2008-11-18 12:29:10 UTC</createdTime>
<commentInRDBMS><![CDATA[A not null column that shows job title, e.g. AD_VP, FI_ACCOUNTANT]]></commentInRDBMS>
<generatorID>4B444935-2548-4A51-3BA8-669BBF6878BE</generatorID>
<ownerDesignName>all_schemas</ownerDesignName>
<useDomainConstraints>false</useDomainConstraints>
<use>1</use>
<logicalDatatype>LOGDT024</logicalDatatype>
<dataTypeSize>35 BYTE</dataTypeSize>
<ownDataTypeParameters>35 BYTE,,</ownDataTypeParameters>
</Column>
<Column name="MIN_SALARY" id="D4CB38A2-1539-2977-0825-440454C46021">
<createdBy>Administrator</createdBy>
<createdTime>2008-11-18 12:29:10 UTC</createdTime>
<commentInRDBMS><![CDATA[Minimum salary for a job title.]]></commentInRDBMS>
<generatorID>EFDD1429-93EB-9FE3-05C1-CA3C58178A51</generatorID>
<ownerDesignName>all_schemas</ownerDesignName>
<nullsAllowed>true</nullsAllowed>
<useDomainConstraints>false</useDomainConstraints>
<use>1</use>
<logicalDatatype>LOGDT019</logicalDatatype>
<dataTypePrecision>6</dataTypePrecision>
<ownDataTypeParameters>,6,</ownDataTypeParameters>
</Column>
<Column name="MAX_SALARY" id="D2530C23-F8C7-4E65-83ED-9E74887A669E">
<createdBy>Administrator</createdBy>
<createdTime>2008-11-18 12:29:10 UTC</createdTime>
<commentInRDBMS><![CDATA[Maximum salary for a job title]]></commentInRDBMS>
<generatorID>2B3E5780-FA91-5DBA-2B61-B2117E9C57B1</generatorID>
<ownerDesignName>all_schemas</ownerDesignName>
<nullsAllowed>true</nullsAllowed>
<useDomainConstraints>false</useDomainConstraints>
<use>1</use>
<logicalDatatype>LOGDT019</logicalDatatype>
<dataTypePrecision>6</dataTypePrecision>
<ownDataTypeParameters>,6,</ownDataTypeParameters>
</Column>
</columns>
<indexes itemClass="oracle.dbtools.crest.model.design.relational.Index">
<ind_PK_UK id="CDCE6301-4BD3-98C4-A4BC-51DD14027786" name="JOB_ID_PK">
<createdBy>Administrator</createdBy>
<createdTime>2008-11-18 12:29:10 UTC</createdTime>
<generatorID>41EAF67C-5445-3827-A51F-E477E7358007</generatorID>
<ownerDesignName>all_schemas</ownerDesignName>
<pk>true</pk>
<indexState>Primary Constraint</indexState>
<indexColumnUsage>
<colUsage columnID="493BABD9-9D99-91DC-85F0-CB3608989DF0"/>
</indexColumnUsage>
</ind_PK_UK>
</indexes>
</Table>