<?xml version = '1.0' encoding = 'UTF-8'?>
<Table class="oracle.dbtools.crest.model.design.relational.Table" directorySegmentName="seg_0" id="8D46CAF4-1B86-B683-A615-37E5750B4146" name="ORDERS">
<createdBy>Administrator</createdBy>
<createdTime>2008-11-18 12:29:10 UTC</createdTime>
<generatorID>AF51C786-B84D-BA70-5A4C-95CA1A3963F6</generatorID>
<ownerDesignName>all_schemas</ownerDesignName>
<parsed>true</parsed>
<columns itemClass="oracle.dbtools.crest.model.design.relational.Column">
<Column name="ORDER_ID" id="00D17600-B5FB-F8EA-DD77-70663192C91B">
<createdBy>Administrator</createdBy>
<createdTime>2008-11-18 12:29:10 UTC</createdTime>
<generatorID>D74BC95A-22CB-CC36-8148-7C36DDF3BF8F</generatorID>
<ownerDesignName>all_schemas</ownerDesignName>
<useDomainConstraints>false</useDomainConstraints>
<use>1</use>
<logicalDatatype>LOGDT019</logicalDatatype>
<dataTypePrecision>12</dataTypePrecision>
<ownDataTypeParameters>,12,</ownDataTypeParameters>
</Column>
<Column name="ORDER_DATE" id="554933DC-39F4-F976-23B0-A0BA2DB91837">
<createdBy>Administrator</createdBy>
<createdTime>2008-11-18 12:29:10 UTC</createdTime>
<generatorID>FED6DF57-9757-EEF6-2300-0660B4DE4337</generatorID>
<ownerDesignName>all_schemas</ownerDesignName>
<useDomainConstraints>false</useDomainConstraints>
<use>1</use>
<logicalDatatype>LOGDT047</logicalDatatype>
<dataTypePrecision>6</dataTypePrecision>
<ownDataTypeParameters>,6,</ownDataTypeParameters>
</Column>
<Column name="ORDER_MODE" id="D10B5166-424E-F0D8-D207-69665DA51BF3">
<createdBy>Administrator</createdBy>
<createdTime>2008-11-18 12:29:10 UTC</createdTime>
<generatorID>F22019E7-981E-7975-02A7-C342E9CBD634</generatorID>
<ownerDesignName>all_schemas</ownerDesignName>
<nullsAllowed>true</nullsAllowed>
<useDomainConstraints>false</useDomainConstraints>
<use>1</use>
<logicalDatatype>LOGDT024</logicalDatatype>
<dataTypeSize>8 BYTE</dataTypeSize>
<checkConstraint>
<implementationDef dbType="Oracle Database 10g" definition="order_mode in (&apos;direct&apos;,&apos;online&apos;)"/>
</checkConstraint>
<ownDataTypeParameters>8 BYTE,,</ownDataTypeParameters>
</Column>
<Column name="CUSTOMER_ID" id="71968A30-2D0D-49EC-3562-8999DC1D4249">
<createdBy>Administrator</createdBy>
<createdTime>2008-11-18 12:29:10 UTC</createdTime>
<generatorID>38EDC446-463A-C934-0CE6-57ED69D3433A</generatorID>
<ownerDesignName>all_schemas</ownerDesignName>
<useDomainConstraints>false</useDomainConstraints>
<use>1</use>
<logicalDatatype>LOGDT019</logicalDatatype>
<dataTypePrecision>6</dataTypePrecision>
<ownDataTypeParameters>,6,</ownDataTypeParameters>
<previousColumn>false</previousColumn>
<associations>
<colAssociation fkAssociation="E58531DC-CBEF-1063-3092-D2F53B0B93D8" referredColumn="045775BB-9C06-55FF-529D-EAE10357DA77"/>
</associations>
</Column>
<Column name="ORDER_STATUS" id="C2DDB107-C0A9-68E8-1728-72E0846E74B1">
<createdBy>Administrator</createdBy>
<createdTime>2008-11-18 12:29:10 UTC</createdTime>
<generatorID>721EDD42-FC98-29AE-CC92-6052CBB42080</generatorID>
<ownerDesignName>all_schemas</ownerDesignName>
<nullsAllowed>true</nullsAllowed>
<useDomainConstraints>false</useDomainConstraints>
<use>1</use>
<logicalDatatype>LOGDT019</logicalDatatype>
<dataTypePrecision>2</dataTypePrecision>
<ownDataTypeParameters>,2,</ownDataTypeParameters>
</Column>
<Column name="ORDER_TOTAL" id="840D7F6C-607B-183C-24BA-5239E1D0054D">
<createdBy>Administrator</createdBy>
<createdTime>2008-11-18 12:29:10 UTC</createdTime>
<generatorID>526EC8C1-2EA1-6419-DF3E-ECD02013217A</generatorID>
<ownerDesignName>all_schemas</ownerDesignName>
<nullsAllowed>true</nullsAllowed>
<useDomainConstraints>false</useDomainConstraints>
<use>1</use>
<logicalDatatype>LOGDT019</logicalDatatype>
<dataTypePrecision>8</dataTypePrecision>
<dataTypeScale>2</dataTypeScale>
<checkConstraint>
<implementationDef dbType="Oracle Database 10g" definition="order_total &gt;= 0"/>
</checkConstraint>
<ownDataTypeParameters>,8,2</ownDataTypeParameters>
</Column>
<Column name="SALES_REP_ID" id="57911EF2-2FED-1D0D-3D64-D5C43CF40B76">
<createdBy>Administrator</createdBy>
<createdTime>2008-11-18 12:29:10 UTC</createdTime>
<generatorID>40C3E7C4-3B6F-BE01-BAAA-5A595A5750AB</generatorID>
<ownerDesignName>all_schemas</ownerDesignName>
<nullsAllowed>true</nullsAllowed>
<useDomainConstraints>false</useDomainConstraints>
<use>1</use>
<logicalDatatype>LOGDT019</logicalDatatype>
<dataTypePrecision>6</dataTypePrecision>
<ownDataTypeParameters>,6,</ownDataTypeParameters>
<previousColumn>false</previousColumn>
<associations>
<colAssociation fkAssociation="373238F1-1897-94A8-30AE-E370A1F2E1C3" referredColumn="AF85FBD1-F45B-CEDC-EB1C-41F2FFB7E9FC"/>
</associations>
</Column>
<Column name="PROMOTION_ID" id="1E3C1367-2157-F93F-81C4-AD40CD3AE56A">
<createdBy>Administrator</createdBy>
<createdTime>2008-11-18 12:29:10 UTC</createdTime>
<generatorID>4CFF0C90-34A4-EDE7-F427-A31830948EB5</generatorID>
<ownerDesignName>all_schemas</ownerDesignName>
<nullsAllowed>true</nullsAllowed>
<useDomainConstraints>false</useDomainConstraints>
<use>1</use>
<logicalDatatype>LOGDT019</logicalDatatype>
<dataTypePrecision>6</dataTypePrecision>
<ownDataTypeParameters>,6,</ownDataTypeParameters>
</Column>
</columns>
<indexes itemClass="oracle.dbtools.crest.model.design.relational.Index">
<ind_PK_UK id="318FEF11-F716-C4F8-EB49-17A56439BD4D" name="ORDER_PK">
<createdBy>Administrator</createdBy>
<createdTime>2008-11-18 12:29:10 UTC</createdTime>
<generatorID>3DD9D429-635F-8C33-8E1C-3994054377B1</generatorID>
<ownerDesignName>all_schemas</ownerDesignName>
<pk>true</pk>
<indexState>Primary Constraint</indexState>
<indexColumnUsage>
<colUsage columnID="00D17600-B5FB-F8EA-DD77-70663192C91B"/>
</indexColumnUsage>
</ind_PK_UK>
<ind_PK_UK id="9FAA42C7-AB03-EE01-FB23-5CCB717040A2" name="ORDERS_CUSTOMER_ID_FK">
<createdBy>Administrator</createdBy>
<createdTime>2008-11-18 12:29:10 UTC</createdTime>
<generatorID>1EB43D81-4255-6BFD-5F38-CE5DC80F7951</generatorID>
<ownerDesignName>all_schemas</ownerDesignName>
<indexState>Foreign Key</indexState>
<indexColumnUsage>
<colUsage columnID="71968A30-2D0D-49EC-3562-8999DC1D4249"/>
</indexColumnUsage>
</ind_PK_UK>
<ind_PK_UK id="5D836272-5206-141A-06E4-499961E5F5F5" name="ORDERS_SALES_REP_FK">
<createdBy>Administrator</createdBy>
<createdTime>2008-11-18 12:29:10 UTC</createdTime>
<generatorID>E30BC26B-4656-AD91-150F-66CD9380B1D6</generatorID>
<ownerDesignName>all_schemas</ownerDesignName>
<indexState>Foreign Key</indexState>
<indexColumnUsage>
<colUsage columnID="57911EF2-2FED-1D0D-3D64-D5C43CF40B76"/>
</indexColumnUsage>
</ind_PK_UK>
</indexes>
</Table>