<?xml version = '1.0' encoding = 'UTF-8'?>
<FKIndexAssociation class="oracle.dbtools.crest.model.design.relational.FKIndexAssociation" directorySegmentName="seg_0" id="373238F1-1897-94A8-30AE-E370A1F2E1C3" containerWithKeyObject="8D46CAF4-1B86-B683-A615-37E5750B4146" localFKIndex="5D836272-5206-141A-06E4-499961E5F5F5" name="ORDERS_SALES_REP_FK">
<createdBy>Administrator</createdBy>
<createdTime>2009-01-30 17:10:27 UTC</createdTime>
<generatorID>E30BC26B-4656-AD91-150F-66CD9380B1D6</generatorID>
<ownerDesignName>all_schemas</ownerDesignName>
<referredTableLongName>EMPLOYEES</referredTableLongName>
<deleteRule>SET NULL</deleteRule>
<referredTableID>C0B50D0E-DCD4-0977-1AE4-C7423F41B56F</referredTableID>
<keyObject>02D25A08-8BA2-F6A9-869E-7886D43E64F8</keyObject>
<referredKeyID>02D25A08-8BA2-F6A9-869E-7886D43E64F8</referredKeyID>
<mandatory>false</mandatory>
<refColNames>EMPLOYEE_ID</refColNames>
<transferable>true</transferable>
<rely>false</rely>
<columnDependencyConstraintGenerateInDDL>false</columnDependencyConstraintGenerateInDDL>
</FKIndexAssociation>