<?xml version = '1.0' encoding = 'UTF-8'?>
<FKIndexAssociation class="oracle.dbtools.crest.model.design.relational.FKIndexAssociation" directorySegmentName="seg_0" id="8FFED19E-E25B-D87B-25EE-5435A7C5ACA3" containerWithKeyObject="BDADE069-E99F-2836-C319-98544D6B0AE7" localFKIndex="C775374C-8C69-89F4-F617-E73A1E7CB82F" name="DEPT_MGR_FK">
<createdBy>Administrator</createdBy>
<createdTime>2009-01-30 17:10:27 UTC</createdTime>
<generatorID>679539BC-80D5-023E-E9B4-85725307B3A6</generatorID>
<ownerDesignName>all_schemas</ownerDesignName>
<referredTableLongName>EMPLOYEES</referredTableLongName>
<deleteRule>SET NULL</deleteRule>
<referredTableID>C0B50D0E-DCD4-0977-1AE4-C7423F41B56F</referredTableID>
<keyObject>02D25A08-8BA2-F6A9-869E-7886D43E64F8</keyObject>
<referredKeyID>02D25A08-8BA2-F6A9-869E-7886D43E64F8</referredKeyID>
<mandatory>false</mandatory>
<refColNames>EMPLOYEE_ID</refColNames>
<transferable>true</transferable>
<rely>false</rely>
<columnDependencyConstraintGenerateInDDL>false</columnDependencyConstraintGenerateInDDL>
</FKIndexAssociation>