<?xml version = '1.0' encoding = 'UTF-8'?>
<FKIndexAssociation class="oracle.dbtools.crest.model.design.relational.FKIndexAssociation" directorySegmentName="seg_0" id="97348E91-6AB6-25FB-E8BE-74CCB186B29F" containerWithKeyObject="C0B50D0E-DCD4-0977-1AE4-C7423F41B56F" localFKIndex="E936C564-772D-9BE4-B96F-6D8ABD4B8D5A" name="EMP_MANAGER_FK">
<createdBy>Administrator</createdBy>
<createdTime>2009-01-30 17:10:27 UTC</createdTime>
<generatorID>909303C3-8E13-6B36-C93B-5DA8949A62C0</generatorID>
<ownerDesignName>all_schemas</ownerDesignName>
<referredTableLongName>EMPLOYEES</referredTableLongName>
<deleteRule>SET NULL</deleteRule>
<referredTableID>C0B50D0E-DCD4-0977-1AE4-C7423F41B56F</referredTableID>
<keyObject>02D25A08-8BA2-F6A9-869E-7886D43E64F8</keyObject>
<referredKeyID>02D25A08-8BA2-F6A9-869E-7886D43E64F8</referredKeyID>
<mandatory>false</mandatory>
<refColNames>EMPLOYEE_ID</refColNames>
<transferable>true</transferable>
<rely>false</rely>
<columnDependencyConstraintGenerateInDDL>false</columnDependencyConstraintGenerateInDDL>
</FKIndexAssociation>