<?xml version = '1.0' encoding = 'UTF-8'?>
<FKIndexAssociation class="oracle.dbtools.crest.model.design.relational.FKIndexAssociation" directorySegmentName="seg_0" id="BDB747D7-FC6D-C39B-6BDE-6B5B301B836E" containerWithKeyObject="C0B50D0E-DCD4-0977-1AE4-C7423F41B56F" localFKIndex="B58035BC-A313-AB0A-17CE-00072E51C5F7" name="EMP_JOB_FK">
<createdBy>Administrator</createdBy>
<createdTime>2009-01-30 17:10:27 UTC</createdTime>
<generatorID>39796541-0B82-4423-0870-2CBA84A849FD</generatorID>
<ownerDesignName>all_schemas</ownerDesignName>
<referredTableLongName>JOBS</referredTableLongName>
<deleteRule>RESTRICT</deleteRule>
<referredTableID>6009F836-639C-05CA-5BE6-6F0114FDDB94</referredTableID>
<keyObject>CDCE6301-4BD3-98C4-A4BC-51DD14027786</keyObject>
<referredKeyID>CDCE6301-4BD3-98C4-A4BC-51DD14027786</referredKeyID>
<mandatory>true</mandatory>
<refColNames>JOB_ID</refColNames>
<transferable>true</transferable>
<rely>false</rely>
<columnDependencyConstraintGenerateInDDL>false</columnDependencyConstraintGenerateInDDL>
</FKIndexAssociation>