<?xml version = '1.0' encoding = 'UTF-8'?>
<FKIndexAssociation class="oracle.dbtools.crest.model.design.relational.FKIndexAssociation" directorySegmentName="seg_0" id="BEF54B8B-E756-31B0-0FC2-2105AAA32BA1" containerWithKeyObject="5172116E-1FAD-99B9-4D0D-922C1EC035ED" localFKIndex="96CC6B18-BC65-34F3-FDB8-3B9ACB3037A0" name="CUSTOMERS_ACCOUNT_MANAGER_FK">
<createdBy>Administrator</createdBy>
<createdTime>2009-01-30 17:10:27 UTC</createdTime>
<generatorID>704078D2-3F50-7FA3-D835-A5CD2CBB7065</generatorID>
<ownerDesignName>all_schemas</ownerDesignName>
<referredTableLongName>EMPLOYEES</referredTableLongName>
<deleteRule>SET NULL</deleteRule>
<referredTableID>C0B50D0E-DCD4-0977-1AE4-C7423F41B56F</referredTableID>
<keyObject>02D25A08-8BA2-F6A9-869E-7886D43E64F8</keyObject>
<referredKeyID>02D25A08-8BA2-F6A9-869E-7886D43E64F8</referredKeyID>
<mandatory>false</mandatory>
<refColNames>EMPLOYEE_ID</refColNames>
<transferable>true</transferable>
<rely>false</rely>
<columnDependencyConstraintGenerateInDDL>false</columnDependencyConstraintGenerateInDDL>
</FKIndexAssociation>