<?xml version = '1.0' encoding = 'UTF-8'?>
<FKIndexAssociation class="oracle.dbtools.crest.model.design.relational.FKIndexAssociation" directorySegmentName="seg_0" id="E58531DC-CBEF-1063-3092-D2F53B0B93D8" containerWithKeyObject="8D46CAF4-1B86-B683-A615-37E5750B4146" localFKIndex="9FAA42C7-AB03-EE01-FB23-5CCB717040A2" name="ORDERS_CUSTOMER_ID_FK">
<createdBy>Administrator</createdBy>
<createdTime>2009-01-30 17:10:27 UTC</createdTime>
<generatorID>1EB43D81-4255-6BFD-5F38-CE5DC80F7951</generatorID>
<ownerDesignName>all_schemas</ownerDesignName>
<referredTableLongName>CUSTOMERS</referredTableLongName>
<deleteRule>RESTRICT</deleteRule>
<referredTableID>5172116E-1FAD-99B9-4D0D-922C1EC035ED</referredTableID>
<keyObject>BF61C8C8-3384-6870-7C74-88263AC2F82C</keyObject>
<referredKeyID>BF61C8C8-3384-6870-7C74-88263AC2F82C</referredKeyID>
<mandatory>true</mandatory>
<refColNames>CUSTOMER_ID</refColNames>
<transferable>true</transferable>
<rely>false</rely>
<columnDependencyConstraintGenerateInDDL>false</columnDependencyConstraintGenerateInDDL>
</FKIndexAssociation>