<?xml version = '1.0' encoding = 'UTF-8'?>
<FKIndexAssociation class="oracle.dbtools.crest.model.design.relational.FKIndexAssociation" directorySegmentName="seg_0" id="F746FBE1-B09E-6FD7-CB3E-EE6821F3EE23" containerWithKeyObject="CA733471-7057-7B82-740E-E391DE2EC870" localFKIndex="FA1217A0-69CF-FDBE-145C-57FBCAED448B" name="JHIST_JOB_FK">
<createdBy>Administrator</createdBy>
<createdTime>2009-01-30 17:10:27 UTC</createdTime>
<generatorID>41581524-1DD9-BCFB-49F8-C6F8E2FCAE9B</generatorID>
<ownerDesignName>all_schemas</ownerDesignName>
<referredTableLongName>JOBS</referredTableLongName>
<deleteRule>RESTRICT</deleteRule>
<referredTableID>6009F836-639C-05CA-5BE6-6F0114FDDB94</referredTableID>
<keyObject>CDCE6301-4BD3-98C4-A4BC-51DD14027786</keyObject>
<referredKeyID>CDCE6301-4BD3-98C4-A4BC-51DD14027786</referredKeyID>
<mandatory>true</mandatory>
<refColNames>JOB_ID</refColNames>
<transferable>true</transferable>
<rely>false</rely>
<columnDependencyConstraintGenerateInDDL>false</columnDependencyConstraintGenerateInDDL>
</FKIndexAssociation>