<?xml version = '1.0' encoding = 'UTF-8'?>
<Table class="oracle.dbtools.crest.model.design.relational.Table" directorySegmentName="seg_0" id="238CC124-E6BD-3E93-EA4D-1F447F0E79EC" name="SUPPLEMENTARY_DEMOGRAPHICS">
<createdBy>Administrator</createdBy>
<createdTime>2008-11-17 12:39:36 UTC</createdTime>
<generatorID>0E9E7A13-D612-5B43-D646-A876A8E2410C</generatorID>
<ownerDesignName>all_schemas</ownerDesignName>
<parsed>true</parsed>
<columns itemClass="oracle.dbtools.crest.model.design.relational.Column">
<Column name="CUST_ID" id="FF74CECC-3AD3-F059-A53B-DB5B2F9937FA">
<createdBy>Administrator</createdBy>
<createdTime>2008-11-17 12:39:36 UTC</createdTime>
<generatorID>51D3C504-37E2-429B-6362-7969B3158A05</generatorID>
<ownerDesignName>all_schemas</ownerDesignName>
<useDomainConstraints>false</useDomainConstraints>
<use>1</use>
<logicalDatatype>LOGDT019</logicalDatatype>
<ownDataTypeParameters>,,</ownDataTypeParameters>
</Column>
<Column name="EDUCATION" id="9BA6145D-B48B-1BE1-8F3A-DAEFADB28B07">
<createdBy>Administrator</createdBy>
<createdTime>2008-11-17 12:39:36 UTC</createdTime>
<generatorID>F2CF0B63-E855-D848-2E59-6941882D3B3C</generatorID>
<ownerDesignName>all_schemas</ownerDesignName>
<nullsAllowed>true</nullsAllowed>
<useDomainConstraints>false</useDomainConstraints>
<use>1</use>
<logicalDatatype>LOGDT024</logicalDatatype>
<dataTypeSize>21 BYTE</dataTypeSize>
<ownDataTypeParameters>21 BYTE,,</ownDataTypeParameters>
</Column>
<Column name="OCCUPATION" id="151F6F5C-1C2C-DA3A-E3BC-924617DC6C53">
<createdBy>Administrator</createdBy>
<createdTime>2008-11-17 12:39:36 UTC</createdTime>
<generatorID>735054EF-9BCE-2DDD-92DF-0AF6F41A57FD</generatorID>
<ownerDesignName>all_schemas</ownerDesignName>
<nullsAllowed>true</nullsAllowed>
<useDomainConstraints>false</useDomainConstraints>
<use>1</use>
<logicalDatatype>LOGDT024</logicalDatatype>
<dataTypeSize>21 BYTE</dataTypeSize>
<ownDataTypeParameters>21 BYTE,,</ownDataTypeParameters>
</Column>
<Column name="HOUSEHOLD_SIZE" id="046527D2-0FC8-4F54-6F90-90DFB7367CBE">
<createdBy>Administrator</createdBy>
<createdTime>2008-11-17 12:39:36 UTC</createdTime>
<generatorID>186036D1-B22F-DD00-BC2E-2F24B51C17C0</generatorID>
<ownerDesignName>all_schemas</ownerDesignName>
<nullsAllowed>true</nullsAllowed>
<useDomainConstraints>false</useDomainConstraints>
<use>1</use>
<logicalDatatype>LOGDT024</logicalDatatype>
<dataTypeSize>21 BYTE</dataTypeSize>
<ownDataTypeParameters>21 BYTE,,</ownDataTypeParameters>
</Column>
<Column name="YRS_RESIDENCE" id="FC6BD430-BCE9-3423-B8A4-AB231D41B9AB">
<createdBy>Administrator</createdBy>
<createdTime>2008-11-17 12:39:36 UTC</createdTime>
<generatorID>D8F7358A-4238-1360-CF8E-0BA67D779A5C</generatorID>
<ownerDesignName>all_schemas</ownerDesignName>
<nullsAllowed>true</nullsAllowed>
<useDomainConstraints>false</useDomainConstraints>
<use>1</use>
<logicalDatatype>LOGDT019</logicalDatatype>
<ownDataTypeParameters>,,</ownDataTypeParameters>
</Column>
<Column name="AFFINITY_CARD" id="11BE3AAA-FD8D-D212-B5B0-2A80F36D1B81">
<createdBy>Administrator</createdBy>
<createdTime>2008-11-17 12:39:36 UTC</createdTime>
<generatorID>F4FA62B5-C197-5B16-5C50-C82AA19C8D8C</generatorID>
<ownerDesignName>all_schemas</ownerDesignName>
<nullsAllowed>true</nullsAllowed>
<useDomainConstraints>false</useDomainConstraints>
<use>1</use>
<logicalDatatype>LOGDT019</logicalDatatype>
<dataTypePrecision>10</dataTypePrecision>
<ownDataTypeParameters>,10,</ownDataTypeParameters>
</Column>
<Column name="BULK_PACK_DISKETTES" id="D8AC5E7D-DF71-5215-689A-364B69601ABB">
<createdBy>Administrator</createdBy>
<createdTime>2008-11-17 12:39:36 UTC</createdTime>
<generatorID>4A3C5AF8-804C-2D6C-293C-4985F85435E9</generatorID>
<ownerDesignName>all_schemas</ownerDesignName>
<nullsAllowed>true</nullsAllowed>
<useDomainConstraints>false</useDomainConstraints>
<use>1</use>
<logicalDatatype>LOGDT019</logicalDatatype>
<dataTypePrecision>10</dataTypePrecision>
<ownDataTypeParameters>,10,</ownDataTypeParameters>
</Column>
<Column name="FLAT_PANEL_MONITOR" id="3A131241-4D87-E9E8-B11B-0BA0A5EAD023">
<createdBy>Administrator</createdBy>
<createdTime>2008-11-17 12:39:36 UTC</createdTime>
<generatorID>3F600896-3872-F608-A91D-1897EECDEADA</generatorID>
<ownerDesignName>all_schemas</ownerDesignName>
<nullsAllowed>true</nullsAllowed>
<useDomainConstraints>false</useDomainConstraints>
<use>1</use>
<logicalDatatype>LOGDT019</logicalDatatype>
<dataTypePrecision>10</dataTypePrecision>
<ownDataTypeParameters>,10,</ownDataTypeParameters>
</Column>
<Column name="HOME_THEATER_PACKAGE" id="55EF7F78-F0EC-B258-0F7D-65D280945D86">
<createdBy>Administrator</createdBy>
<createdTime>2008-11-17 12:39:36 UTC</createdTime>
<generatorID>9C1A26F6-9B42-1806-C3BA-6D447A5F2870</generatorID>
<ownerDesignName>all_schemas</ownerDesignName>
<nullsAllowed>true</nullsAllowed>
<useDomainConstraints>false</useDomainConstraints>
<use>1</use>
<logicalDatatype>LOGDT019</logicalDatatype>
<dataTypePrecision>10</dataTypePrecision>
<ownDataTypeParameters>,10,</ownDataTypeParameters>
</Column>
<Column name="BOOKKEEPING_APPLICATION" id="636C0BDE-565B-3C6A-AA02-07ED16E8B149">
<createdBy>Administrator</createdBy>
<createdTime>2008-11-17 12:39:36 UTC</createdTime>
<generatorID>29BD9A87-55CA-15B3-6400-79C99F6C5096</generatorID>
<ownerDesignName>all_schemas</ownerDesignName>
<nullsAllowed>true</nullsAllowed>
<useDomainConstraints>false</useDomainConstraints>
<use>1</use>
<logicalDatatype>LOGDT019</logicalDatatype>
<dataTypePrecision>10</dataTypePrecision>
<ownDataTypeParameters>,10,</ownDataTypeParameters>
</Column>
<Column name="PRINTER_SUPPLIES" id="2ED7D145-88BE-C159-D548-76BE3F3B5BA6">
<createdBy>Administrator</createdBy>
<createdTime>2008-11-17 12:39:36 UTC</createdTime>
<generatorID>6C92737D-B051-7A35-290A-CE3C5D0D41CE</generatorID>
<ownerDesignName>all_schemas</ownerDesignName>
<nullsAllowed>true</nullsAllowed>
<useDomainConstraints>false</useDomainConstraints>
<use>1</use>
<logicalDatatype>LOGDT019</logicalDatatype>
<dataTypePrecision>10</dataTypePrecision>
<ownDataTypeParameters>,10,</ownDataTypeParameters>
</Column>
<Column name="Y_BOX_GAMES" id="4527CA85-1E79-208E-900F-B0E589C74BDB">
<createdBy>Administrator</createdBy>
<createdTime>2008-11-17 12:39:36 UTC</createdTime>
<generatorID>14966F0F-7868-FF2D-3727-3BF0F47B16F9</generatorID>
<ownerDesignName>all_schemas</ownerDesignName>
<nullsAllowed>true</nullsAllowed>
<useDomainConstraints>false</useDomainConstraints>
<use>1</use>
<logicalDatatype>LOGDT019</logicalDatatype>
<dataTypePrecision>10</dataTypePrecision>
<ownDataTypeParameters>,10,</ownDataTypeParameters>
</Column>
<Column name="OS_DOC_SET_KANJI" id="9C0C8AC5-4DFD-20C4-0BC3-5C088CDF4D66">
<createdBy>Administrator</createdBy>
<createdTime>2008-11-17 12:39:36 UTC</createdTime>
<generatorID>E8F7021B-5481-68B1-4230-117ED3B165F1</generatorID>
<ownerDesignName>all_schemas</ownerDesignName>
<nullsAllowed>true</nullsAllowed>
<useDomainConstraints>false</useDomainConstraints>
<use>1</use>
<logicalDatatype>LOGDT019</logicalDatatype>
<dataTypePrecision>10</dataTypePrecision>
<ownDataTypeParameters>,10,</ownDataTypeParameters>
</Column>
<Column name="COMMENTS" id="8192A571-1132-A04F-A606-FC1B0C57759D">
<createdBy>Administrator</createdBy>
<createdTime>2008-11-17 12:39:36 UTC</createdTime>
<generatorID>37038E3A-ADEE-81F3-2FA7-3FEF43BD691C</generatorID>
<ownerDesignName>all_schemas</ownerDesignName>
<nullsAllowed>true</nullsAllowed>
<useDomainConstraints>false</useDomainConstraints>
<use>1</use>
<logicalDatatype>LOGDT024</logicalDatatype>
<dataTypeSize>4000 BYTE</dataTypeSize>
<ownDataTypeParameters>4000 BYTE,,</ownDataTypeParameters>
</Column>
</columns>
<indexes itemClass="oracle.dbtools.crest.model.design.relational.Index">
<ind_PK_UK id="E1B7BE1C-65D2-42E3-E6DA-6F441C005CC0" name="SUPP_DEMO_PK">
<createdBy>Administrator</createdBy>
<createdTime>2008-11-17 12:39:36 UTC</createdTime>
<generatorID>A27C6A9F-E1F9-5563-6983-9FE8DBF52DD7</generatorID>
<ownerDesignName>all_schemas</ownerDesignName>
<pk>true</pk>
<indexState>Primary Constraint</indexState>
</ind_PK_UK>
</indexes>
</Table>