<?xml version = '1.0' encoding = 'UTF-8'?>
<Table class="oracle.dbtools.crest.model.design.relational.Table" directorySegmentName="seg_0" id="8A18E593-8AD9-BF8B-CEEF-9BA247BC9F10" name="CAL_MONTH_SALES_MV">
<createdBy>Administrator</createdBy>
<createdTime>2008-11-17 12:39:36 UTC</createdTime>
<generatorID>60BE4A72-D00F-8D86-32DA-957B9DEE9D68</generatorID>
<ownerDesignName>all_schemas</ownerDesignName>
<typeID>4</typeID>
<parsed>true</parsed>
<columns itemClass="oracle.dbtools.crest.model.design.relational.Column">
<Column name="CALENDAR_MONTH_DESC" id="038C4217-DED5-091E-9900-FF452F63FEA9">
<createdBy>Administrator</createdBy>
<createdTime>2008-11-17 12:39:36 UTC</createdTime>
<generatorID>FE848F98-8517-975B-6CE9-B2CB35DB325E</generatorID>
<ownerDesignName>all_schemas</ownerDesignName>
<useDomainConstraints>false</useDomainConstraints>
<use>1</use>
<logicalDatatype>LOGDT024</logicalDatatype>
<dataTypeSize>8 BYTE</dataTypeSize>
<ownDataTypeParameters>8 BYTE,,</ownDataTypeParameters>
</Column>
<Column name="DOLLARS" id="D3382147-452D-DE1D-E1DE-81BE4A613621">
<createdBy>Administrator</createdBy>
<createdTime>2008-11-17 12:39:36 UTC</createdTime>
<generatorID>146F80D0-D531-2B61-A37B-E95E889B5AED</generatorID>
<ownerDesignName>all_schemas</ownerDesignName>
<formulaDesc>SUM(&amp;amp;quot;SH&amp;amp;quot;.&amp;amp;quot;S&amp;amp;quot;.&amp;amp;quot;AMOUNT_SOLD&amp;amp;quot;)</formulaDesc>
<nullsAllowed>true</nullsAllowed>
<sourceType>Aggregate</sourceType>
<useDomainConstraints>false</useDomainConstraints>
<use>1</use>
<logicalDatatype>LOGDT019</logicalDatatype>
<ownDataTypeParameters>,,</ownDataTypeParameters>
</Column>
</columns>
</Table>