<?xml version = '1.0' encoding = 'UTF-8'?>
<Table class="oracle.dbtools.crest.model.design.relational.Table" directorySegmentName="seg_0" id="A5216B58-17BE-89ED-4D62-367FC67AA46A" name="SUM_SALES">
<createdBy>Administrator</createdBy>
<createdTime>2008-11-17 12:39:36 UTC</createdTime>
<generatorID>E193894E-6B74-68B1-FE8A-08552D3562D0</generatorID>
<ownerDesignName>all_schemas</ownerDesignName>
<typeID>4</typeID>
<parsed>true</parsed>
<columns itemClass="oracle.dbtools.crest.model.design.relational.Column">
<Column name="PROD_ID" id="EB534360-D4B5-D0F8-5AEA-64874947239C">
<createdBy>Administrator</createdBy>
<createdTime>2008-11-17 12:39:36 UTC</createdTime>
<generatorID>4B4E2CB4-1A63-12CD-E21F-9C38D66B4779</generatorID>
<ownerDesignName>all_schemas</ownerDesignName>
<useDomainConstraints>false</useDomainConstraints>
<use>1</use>
<logicalDatatype>LOGDT019</logicalDatatype>
<ownDataTypeParameters>,,</ownDataTypeParameters>
</Column>
<Column name="TIME_ID" id="229D32F9-492B-2579-F64B-0ECB0C4DCE0D">
<createdBy>Administrator</createdBy>
<createdTime>2008-11-17 12:39:36 UTC</createdTime>
<generatorID>1A0E6EB0-4441-4B49-982F-4DF54A812832</generatorID>
<ownerDesignName>all_schemas</ownerDesignName>
<useDomainConstraints>false</useDomainConstraints>
<use>1</use>
<logicalDatatype>LOGDT007</logicalDatatype>
<ownDataTypeParameters>,,</ownDataTypeParameters>
</Column>
<Column name="COUNT_GRP" id="60BDFD69-BEB3-4F34-9310-9243E737361E">
<createdBy>Administrator</createdBy>
<createdTime>2008-11-17 12:39:36 UTC</createdTime>
<generatorID>B170EC7D-0220-EF3C-B3B0-3BD53FD68752</generatorID>
<ownerDesignName>all_schemas</ownerDesignName>
<formulaDesc>COUNT(*)</formulaDesc>
<nullsAllowed>true</nullsAllowed>
<sourceType>Aggregate</sourceType>
<useDomainConstraints>false</useDomainConstraints>
<use>1</use>
<logicalDatatype>LOGDT019</logicalDatatype>
<ownDataTypeParameters>,,</ownDataTypeParameters>
</Column>
<Column name="SUM_DOLLAR_SALES" id="B647C5E0-56E9-C021-E02C-8392C8B6E2C1">
<createdBy>Administrator</createdBy>
<createdTime>2008-11-17 12:39:36 UTC</createdTime>
<generatorID>2FBE6377-6E99-1E2E-D9D8-3A06CC402927</generatorID>
<ownerDesignName>all_schemas</ownerDesignName>
<formulaDesc>SUM(&amp;amp;quot;SH&amp;amp;quot;.&amp;amp;quot;S&amp;amp;quot;.&amp;amp;quot;AMOUNT_SOLD&amp;amp;quot;)</formulaDesc>
<nullsAllowed>true</nullsAllowed>
<sourceType>Aggregate</sourceType>
<useDomainConstraints>false</useDomainConstraints>
<use>1</use>
<logicalDatatype>LOGDT019</logicalDatatype>
<ownDataTypeParameters>,,</ownDataTypeParameters>
</Column>
<Column name="COUNT_DOLLAR_SALES" id="D1958B79-E003-9A1D-AE63-7F17509D0EC0">
<createdBy>Administrator</createdBy>
<createdTime>2008-11-17 12:39:36 UTC</createdTime>
<generatorID>E8CC38A0-2A0E-0ED7-0E1E-5C0B42610B7C</generatorID>
<ownerDesignName>all_schemas</ownerDesignName>
<formulaDesc>COUNT(&amp;amp;quot;SH&amp;amp;quot;.&amp;amp;quot;S&amp;amp;quot;.&amp;amp;quot;AMOUNT_SOLD&amp;amp;quot;)</formulaDesc>
<nullsAllowed>true</nullsAllowed>
<sourceType>Aggregate</sourceType>
<useDomainConstraints>false</useDomainConstraints>
<use>1</use>
<logicalDatatype>LOGDT019</logicalDatatype>
<ownDataTypeParameters>,,</ownDataTypeParameters>
</Column>
<Column name="SUM_QUANTITY_SALES" id="690CF80B-F69F-D48C-0F12-E62C0FEDAF98">
<createdBy>Administrator</createdBy>
<createdTime>2008-11-17 12:39:36 UTC</createdTime>
<generatorID>277CB102-5517-3888-D5C7-0BEB850E63A6</generatorID>
<ownerDesignName>all_schemas</ownerDesignName>
<formulaDesc>SUM(&amp;amp;quot;SH&amp;amp;quot;.&amp;amp;quot;S&amp;amp;quot;.&amp;amp;quot;QUANTITY_SOLD&amp;amp;quot;)</formulaDesc>
<nullsAllowed>true</nullsAllowed>
<sourceType>Aggregate</sourceType>
<useDomainConstraints>false</useDomainConstraints>
<use>1</use>
<logicalDatatype>LOGDT019</logicalDatatype>
<ownDataTypeParameters>,,</ownDataTypeParameters>
</Column>
<Column name="COUNT_QUANTITY_SALES" id="31667283-3154-9808-EBC8-DB8392891F8A">
<createdBy>Administrator</createdBy>
<createdTime>2008-11-17 12:39:36 UTC</createdTime>
<generatorID>0A2EF6D8-C4C6-064F-EA22-DBAE57B1A6C2</generatorID>
<ownerDesignName>all_schemas</ownerDesignName>
<formulaDesc>COUNT(&amp;amp;quot;SH&amp;amp;quot;.&amp;amp;quot;S&amp;amp;quot;.&amp;amp;quot;QUANTITY_SOLD&amp;amp;quot;)</formulaDesc>
<nullsAllowed>true</nullsAllowed>
<sourceType>Aggregate</sourceType>
<useDomainConstraints>false</useDomainConstraints>
<use>1</use>
<logicalDatatype>LOGDT019</logicalDatatype>
<ownDataTypeParameters>,,</ownDataTypeParameters>
</Column>
</columns>
</Table>