<?xml version = '1.0' encoding = 'UTF-8'?>
<Table class="oracle.dbtools.crest.model.design.relational.Table" directorySegmentName="seg_0" id="C744D77D-980B-3AD1-7DA4-37439E7C0066" name="LOCATIONS">
<createdBy>Administrator</createdBy>
<createdTime>2008-11-17 12:39:36 UTC</createdTime>
<generatorID>D540300A-9622-CEDD-DCE7-6760750C10F2</generatorID>
<ownerDesignName>all_schemas</ownerDesignName>
<parsed>true</parsed>
<columns itemClass="oracle.dbtools.crest.model.design.relational.Column">
<Column name="LOCATION_ID" id="E3D9105C-3409-E1F0-E11C-518C7EEADB05">
<createdBy>Administrator</createdBy>
<createdTime>2008-11-17 12:39:36 UTC</createdTime>
<commentInRDBMS><![CDATA[Primary key of locations table]]></commentInRDBMS>
<generatorID>FE3E550D-B6DF-2295-FE30-F8F81424D634</generatorID>
<ownerDesignName>all_schemas</ownerDesignName>
<useDomainConstraints>false</useDomainConstraints>
<use>1</use>
<logicalDatatype>LOGDT019</logicalDatatype>
<dataTypePrecision>4</dataTypePrecision>
<ownDataTypeParameters>,4,</ownDataTypeParameters>
</Column>
<Column name="STREET_ADDRESS" id="078DBDD9-E7D9-328E-1A16-4D7723B18032">
<createdBy>Administrator</createdBy>
<createdTime>2008-11-17 12:39:36 UTC</createdTime>
<commentInRDBMS><![CDATA[Street address of an office, warehouse, or production site of a company.&lt;br&gt;Contains building number and street name]]></commentInRDBMS>
<generatorID>3E9CE835-8121-C26E-D278-AB680D657A67</generatorID>
<ownerDesignName>all_schemas</ownerDesignName>
<nullsAllowed>true</nullsAllowed>
<useDomainConstraints>false</useDomainConstraints>
<use>1</use>
<logicalDatatype>LOGDT024</logicalDatatype>
<dataTypeSize>40 BYTE</dataTypeSize>
<ownDataTypeParameters>40 BYTE,,</ownDataTypeParameters>
</Column>
<Column name="POSTAL_CODE" id="FDB78670-7AEA-D192-7B90-87CDA7A2E997">
<createdBy>Administrator</createdBy>
<createdTime>2008-11-17 12:39:36 UTC</createdTime>
<commentInRDBMS><![CDATA[Postal code of the location of an office, warehouse, or production site &lt;br&gt;of a company. ]]></commentInRDBMS>
<generatorID>86425246-05E9-52C3-6C76-041AD6E2931C</generatorID>
<ownerDesignName>all_schemas</ownerDesignName>
<nullsAllowed>true</nullsAllowed>
<useDomainConstraints>false</useDomainConstraints>
<use>1</use>
<logicalDatatype>LOGDT024</logicalDatatype>
<dataTypeSize>12 BYTE</dataTypeSize>
<ownDataTypeParameters>12 BYTE,,</ownDataTypeParameters>
</Column>
<Column name="CITY" id="60ACD7E2-7111-286A-52E8-4FCAE6654694">
<createdBy>Administrator</createdBy>
<createdTime>2008-11-17 12:39:36 UTC</createdTime>
<commentInRDBMS><![CDATA[A not null column that shows city where an office, warehouse, or &lt;br&gt;production site of a company is located. ]]></commentInRDBMS>
<generatorID>AAC5490F-03B9-B257-A216-F948A568D2DE</generatorID>
<ownerDesignName>all_schemas</ownerDesignName>
<useDomainConstraints>false</useDomainConstraints>
<use>1</use>
<logicalDatatype>LOGDT024</logicalDatatype>
<dataTypeSize>30 BYTE</dataTypeSize>
<ownDataTypeParameters>30 BYTE,,</ownDataTypeParameters>
</Column>
<Column name="STATE_PROVINCE" id="FAF45B02-80FF-A5A0-53CF-29093AA6B70C">
<createdBy>Administrator</createdBy>
<createdTime>2008-11-17 12:39:36 UTC</createdTime>
<commentInRDBMS><![CDATA[State or Province where an office, warehouse, or production site of a &lt;br&gt;company is located.]]></commentInRDBMS>
<generatorID>D454F204-41C8-4640-1D3E-1AB0BA5D97BB</generatorID>
<ownerDesignName>all_schemas</ownerDesignName>
<nullsAllowed>true</nullsAllowed>
<useDomainConstraints>false</useDomainConstraints>
<use>1</use>
<logicalDatatype>LOGDT024</logicalDatatype>
<dataTypeSize>25 BYTE</dataTypeSize>
<ownDataTypeParameters>25 BYTE,,</ownDataTypeParameters>
</Column>
<Column name="COUNTRY_ID" id="E819EFB9-1B47-E27C-F594-470CB281823B">
<createdBy>Administrator</createdBy>
<createdTime>2008-11-17 12:39:36 UTC</createdTime>
<commentInRDBMS><![CDATA[Country where an office, warehouse, or production site of a company is&lt;br&gt;located. Foreign key to country_id column of the countries table.]]></commentInRDBMS>
<generatorID>69F6AFFB-E66F-4FC4-E10D-41B0D1C5CBE6</generatorID>
<ownerDesignName>all_schemas</ownerDesignName>
<nullsAllowed>true</nullsAllowed>
<useDomainConstraints>false</useDomainConstraints>
<use>1</use>
<logicalDatatype>LOGDT025</logicalDatatype>
<dataTypeSize>2 BYTE</dataTypeSize>
<ownDataTypeParameters>2 BYTE,,</ownDataTypeParameters>
<previousColumn>false</previousColumn>
<associations>
<colAssociation fkAssociation="91ECECD8-CC4C-A174-C2C7-385F7E9AC91B" referredColumn="F2C0E448-A988-F0E2-B2DC-F4CDF07D5057"/>
</associations>
</Column>
</columns>
<indexes itemClass="oracle.dbtools.crest.model.design.relational.Index">
<ind_PK_UK id="6DCF5ED0-2203-D998-BCBC-5B161A974F85" name="LOC_ID_PK">
<createdBy>Administrator</createdBy>
<createdTime>2008-11-17 12:39:36 UTC</createdTime>
<generatorID>C7E0EA2C-FE79-734A-9A8B-F33F8C9DABFC</generatorID>
<ownerDesignName>all_schemas</ownerDesignName>
<pk>true</pk>
<indexState>Primary Constraint</indexState>
<indexColumnUsage>
<colUsage columnID="E3D9105C-3409-E1F0-E11C-518C7EEADB05"/>
</indexColumnUsage>
</ind_PK_UK>
<ind_PK_UK id="897324AA-3A81-16AC-83A9-AA2710C02C23" name="LOC_C_ID_FK">
<createdBy>Administrator</createdBy>
<createdTime>2008-11-17 12:39:36 UTC</createdTime>
<generatorID>528FB046-089E-A925-85B1-27BC9A6DC425</generatorID>
<ownerDesignName>all_schemas</ownerDesignName>
<indexState>Foreign Key</indexState>
<indexColumnUsage>
<colUsage columnID="E819EFB9-1B47-E27C-F594-470CB281823B"/>
</indexColumnUsage>
</ind_PK_UK>
</indexes>
</Table>