<?xml version = '1.0' encoding = 'UTF-8'?>
<Table class="oracle.dbtools.crest.model.design.relational.Table" directorySegmentName="seg_0" id="CE5545AD-E33E-31D9-D6D4-B9E67A73B788" name="SALES">
<createdBy>Administrator</createdBy>
<createdTime>2008-11-17 12:39:36 UTC</createdTime>
<generatorID>66CE258A-F419-B34A-DEF0-D99ABECBBD55</generatorID>
<ownerDesignName>all_schemas</ownerDesignName>
<parsed>true</parsed>
<columns itemClass="oracle.dbtools.crest.model.design.relational.Column">
<Column name="PROD_ID" id="EE29643E-FE8D-343A-6924-F4EA832CAA3B">
<createdBy>Administrator</createdBy>
<createdTime>2008-11-17 12:39:36 UTC</createdTime>
<commentInRDBMS><![CDATA[FK to the products dimension table]]></commentInRDBMS>
<generatorID>C869D56E-F8A5-5AF7-0C14-CB4FAE5CD4C2</generatorID>
<ownerDesignName>all_schemas</ownerDesignName>
<useDomainConstraints>false</useDomainConstraints>
<use>1</use>
<logicalDatatype>LOGDT019</logicalDatatype>
<ownDataTypeParameters>,,</ownDataTypeParameters>
</Column>
<Column name="CUST_ID" id="617A6434-D340-34AC-3A30-C59C5C28AA87">
<createdBy>Administrator</createdBy>
<createdTime>2008-11-17 12:39:36 UTC</createdTime>
<commentInRDBMS><![CDATA[FK to the customers dimension table]]></commentInRDBMS>
<generatorID>9D4DA5C2-417A-D54D-460D-97FD5667F225</generatorID>
<ownerDesignName>all_schemas</ownerDesignName>
<useDomainConstraints>false</useDomainConstraints>
<use>1</use>
<logicalDatatype>LOGDT019</logicalDatatype>
<ownDataTypeParameters>,,</ownDataTypeParameters>
</Column>
<Column name="TIME_ID" id="E1656714-7139-732F-141F-387C5DF138EB">
<createdBy>Administrator</createdBy>
<createdTime>2008-11-17 12:39:36 UTC</createdTime>
<commentInRDBMS><![CDATA[FK to the times dimension table]]></commentInRDBMS>
<generatorID>9EF6EE91-8D13-4053-E464-F89BAB0605B8</generatorID>
<ownerDesignName>all_schemas</ownerDesignName>
<useDomainConstraints>false</useDomainConstraints>
<use>1</use>
<logicalDatatype>LOGDT007</logicalDatatype>
<ownDataTypeParameters>,,</ownDataTypeParameters>
<previousColumn>false</previousColumn>
<associations>
<colAssociation fkAssociation="9CBFDF34-2915-0C93-E383-5CB540E5178C" referredColumn="DE14A5C1-4A5A-AB6C-D79A-8A8E32B35F37"/>
</associations>
</Column>
<Column name="CHANNEL_ID" id="0B53EC2C-029B-9365-A30C-3380140438F5">
<createdBy>Administrator</createdBy>
<createdTime>2008-11-17 12:39:36 UTC</createdTime>
<commentInRDBMS><![CDATA[FK to the channels dimension table]]></commentInRDBMS>
<generatorID>743827F6-96ED-CBFB-AC9A-AADA7C93F097</generatorID>
<ownerDesignName>all_schemas</ownerDesignName>
<useDomainConstraints>false</useDomainConstraints>
<use>1</use>
<logicalDatatype>LOGDT019</logicalDatatype>
<ownDataTypeParameters>,,</ownDataTypeParameters>
<previousColumn>false</previousColumn>
<associations>
<colAssociation fkAssociation="69EEB305-8DA4-EFB5-2A5F-82FF2AC8C9FD" referredColumn="A33998C8-9628-C3F9-7FAE-D5C6EEC9A1B4"/>
</associations>
</Column>
<Column name="PROMO_ID" id="C67B3BC7-6C3B-B095-0888-E3AADB648809">
<createdBy>Administrator</createdBy>
<createdTime>2008-11-17 12:39:36 UTC</createdTime>
<commentInRDBMS><![CDATA[promotion identifier, without FK constraint (intentionally) to show outer join optimization]]></commentInRDBMS>
<generatorID>F2B2207F-2FB2-DAC4-6B43-F4B60E9A14CB</generatorID>
<ownerDesignName>all_schemas</ownerDesignName>
<useDomainConstraints>false</useDomainConstraints>
<use>1</use>
<logicalDatatype>LOGDT019</logicalDatatype>
<ownDataTypeParameters>,,</ownDataTypeParameters>
</Column>
<Column name="QUANTITY_SOLD" id="CFEBAC5F-B374-0ABB-D091-2DD6F2195E3A">
<createdBy>Administrator</createdBy>
<createdTime>2008-11-17 12:39:36 UTC</createdTime>
<commentInRDBMS><![CDATA[product quantity sold with the transaction]]></commentInRDBMS>
<generatorID>C3C15A41-E96E-0C81-CC62-B2283C5AE459</generatorID>
<ownerDesignName>all_schemas</ownerDesignName>
<useDomainConstraints>false</useDomainConstraints>
<use>1</use>
<logicalDatatype>LOGDT019</logicalDatatype>
<dataTypePrecision>10</dataTypePrecision>
<dataTypeScale>2</dataTypeScale>
<ownDataTypeParameters>,10,2</ownDataTypeParameters>
</Column>
<Column name="AMOUNT_SOLD" id="4514806F-6454-712D-C8C5-7C6E4FAD3BA3">
<createdBy>Administrator</createdBy>
<createdTime>2008-11-17 12:39:36 UTC</createdTime>
<commentInRDBMS><![CDATA[invoiced amount to the customer]]></commentInRDBMS>
<generatorID>99DC011A-08D3-96F7-7895-8C8ABBE27736</generatorID>
<ownerDesignName>all_schemas</ownerDesignName>
<useDomainConstraints>false</useDomainConstraints>
<use>1</use>
<logicalDatatype>LOGDT019</logicalDatatype>
<dataTypePrecision>10</dataTypePrecision>
<dataTypeScale>2</dataTypeScale>
<ownDataTypeParameters>,10,2</ownDataTypeParameters>
</Column>
</columns>
<indexes itemClass="oracle.dbtools.crest.model.design.relational.Index">
<ind_PK_UK id="F9CE9CEB-E093-8242-5FF0-2E194874FECC" name="SALES_CHANNEL_FK">
<createdBy>Administrator</createdBy>
<createdTime>2008-11-17 12:39:36 UTC</createdTime>
<generatorID>B5E817E3-CC67-3A5D-F079-77127E95E1E1</generatorID>
<ownerDesignName>all_schemas</ownerDesignName>
<indexState>Foreign Key</indexState>
<indexColumnUsage>
<colUsage columnID="0B53EC2C-029B-9365-A30C-3380140438F5"/>
</indexColumnUsage>
</ind_PK_UK>
<ind_PK_UK id="879F8273-4AC5-AD3A-012F-AE3369B48D53" name="SALES_TIME_FK">
<createdBy>Administrator</createdBy>
<createdTime>2008-11-17 12:39:36 UTC</createdTime>
<generatorID>BD570803-22AE-30E6-2410-906D19F8784C</generatorID>
<ownerDesignName>all_schemas</ownerDesignName>
<indexState>Foreign Key</indexState>
<indexColumnUsage>
<colUsage columnID="E1656714-7139-732F-141F-387C5DF138EB"/>
</indexColumnUsage>
</ind_PK_UK>
</indexes>
</Table>