<?xml version = '1.0' encoding = 'UTF-8'?>
<Table class="oracle.dbtools.crest.model.design.relational.Table" directorySegmentName="seg_0" id="ECB88555-5BED-AFB5-20BD-45DC75433DD2" name="FWEEK_PSCAT_SALES_MV">
<createdBy>Administrator</createdBy>
<createdTime>2008-11-17 12:39:36 UTC</createdTime>
<generatorID>9B92E12A-6B15-004B-F18E-B19DAEC932D4</generatorID>
<ownerDesignName>all_schemas</ownerDesignName>
<typeID>4</typeID>
<parsed>true</parsed>
<columns itemClass="oracle.dbtools.crest.model.design.relational.Column">
<Column name="WEEK_ENDING_DAY" id="CA1A6405-B558-D60A-8FFF-150A4E313AFD">
<createdBy>Administrator</createdBy>
<createdTime>2008-11-17 12:39:36 UTC</createdTime>
<generatorID>A2C19E9B-9ADE-1B69-F485-C432607174AA</generatorID>
<ownerDesignName>all_schemas</ownerDesignName>
<useDomainConstraints>false</useDomainConstraints>
<use>1</use>
<logicalDatatype>LOGDT007</logicalDatatype>
<ownDataTypeParameters>,,</ownDataTypeParameters>
</Column>
<Column name="PROD_SUBCATEGORY" id="06E4A1D8-00A9-4469-E3D5-9E600BEEB286">
<createdBy>Administrator</createdBy>
<createdTime>2008-11-17 12:39:36 UTC</createdTime>
<generatorID>918711BB-0319-12E9-8F57-38C825A28882</generatorID>
<ownerDesignName>all_schemas</ownerDesignName>
<useDomainConstraints>false</useDomainConstraints>
<use>1</use>
<logicalDatatype>LOGDT024</logicalDatatype>
<dataTypeSize>50 BYTE</dataTypeSize>
<ownDataTypeParameters>50 BYTE,,</ownDataTypeParameters>
</Column>
<Column name="DOLLARS" id="DB3D2EDC-46B6-ED58-B15F-3E7955FD4243">
<createdBy>Administrator</createdBy>
<createdTime>2008-11-17 12:39:36 UTC</createdTime>
<generatorID>5B9D2B7C-1E65-CD90-349F-DD591C73B7FB</generatorID>
<ownerDesignName>all_schemas</ownerDesignName>
<formulaDesc>SUM(&amp;amp;quot;SH&amp;amp;quot;.&amp;amp;quot;S&amp;amp;quot;.&amp;amp;quot;AMOUNT_SOLD&amp;amp;quot;)</formulaDesc>
<nullsAllowed>true</nullsAllowed>
<sourceType>Aggregate</sourceType>
<useDomainConstraints>false</useDomainConstraints>
<use>1</use>
<logicalDatatype>LOGDT019</logicalDatatype>
<ownDataTypeParameters>,,</ownDataTypeParameters>
</Column>
<Column name="CHANNEL_ID" id="F77B833E-70F0-5FCD-447C-0EFF9268651B">
<createdBy>Administrator</createdBy>
<createdTime>2008-11-17 12:39:36 UTC</createdTime>
<generatorID>C333F3ED-1CDE-B994-EE39-D1B6F7A9454E</generatorID>
<ownerDesignName>all_schemas</ownerDesignName>
<useDomainConstraints>false</useDomainConstraints>
<use>1</use>
<logicalDatatype>LOGDT019</logicalDatatype>
<ownDataTypeParameters>,,</ownDataTypeParameters>
</Column>
<Column name="PROMO_ID" id="C6FB69D0-881E-6F70-22EC-9AF0475C5C1A">
<createdBy>Administrator</createdBy>
<createdTime>2008-11-17 12:39:36 UTC</createdTime>
<generatorID>77A23FC1-AFCA-7222-E2C2-ECDABCF17B4D</generatorID>
<ownerDesignName>all_schemas</ownerDesignName>
<useDomainConstraints>false</useDomainConstraints>
<use>1</use>
<logicalDatatype>LOGDT019</logicalDatatype>
<ownDataTypeParameters>,,</ownDataTypeParameters>
</Column>
</columns>
</Table>