<?xml version = '1.0' encoding = 'UTF-8'?>
<Entity class="oracle.dbtools.crest.model.design.logical.Entity" directorySegmentName="seg_0" id="34C09033-C497-58DD-EBDF-1EA973BEF143" name="RUPD$_PRODUCTS">
<createdBy>Administrator</createdBy>
<createdTime>2008-11-18 12:15:36 UTC</createdTime>
<generatorID>2BFB35E0-B370-4CB8-346E-A6B64B4A3DC1</generatorID>
<ownerDesignName>all_schemas</ownerDesignName>
<engineerTo>
<item key="D0D92D2B-4EA0-833C-FF58-91F3644E8E4A" value="true"/>
<item key="037A5BCA-FECF-4DC5-9A0B-0219848544BA" value="true"/>
<item key="44BA4DCC-3408-55FA-38FE-22F0223CD0E3" value="true"/>
<item key="BF105018-3CC9-F992-06AB-3F0BD4F6521B" value="true"/>
</engineerTo>
<adequatelyNormalized>NO</adequatelyNormalized>
<expectedVolumes>0</expectedVolumes>
<fwdEngineeringStrategyName>Single Table</fwdEngineeringStrategyName>
<growthPercent>0</growthPercent>
<growthType>Year</growthType>
<maxVolumes>9999999</maxVolumes>
<minVolumes>0</minVolumes>
<normalForm>Third</normalForm>
<attributes itemClass="oracle.dbtools.crest.model.design.logical.Attribute">
<Attribute name="PROD_ID" id="8EF06357-058D-6335-C05E-90980A6FA2FF">
<createdBy>Administrator</createdBy>
<createdTime>2008-11-18 12:15:36 UTC</createdTime>
<generatorID>691C60A2-108C-1170-71CE-04989B19EEEF</generatorID>
<ownerDesignName>all_schemas</ownerDesignName>
<engineerTo>
<item key="D0D92D2B-4EA0-833C-FF58-91F3644E8E4A" value="true"/>
<item key="037A5BCA-FECF-4DC5-9A0B-0219848544BA" value="true"/>
<item key="44BA4DCC-3408-55FA-38FE-22F0223CD0E3" value="true"/>
<item key="BF105018-3CC9-F992-06AB-3F0BD4F6521B" value="true"/>
</engineerTo>
<nullsAllowed>true</nullsAllowed>
<useDomainConstraints>false</useDomainConstraints>
<use>1</use>
<logicalDatatype>LOGDT019</logicalDatatype>
<dataTypePrecision>6</dataTypePrecision>
<ownDataTypeParameters>,6,</ownDataTypeParameters>
</Attribute>
<Attribute name="DMLTYPE$$" id="0FD20099-8DC3-1172-54FC-1F1D28E82748">
<createdBy>Administrator</createdBy>
<createdTime>2008-11-18 12:15:36 UTC</createdTime>
<generatorID>F23499BD-65A0-B324-CE25-5A3166B71433</generatorID>
<ownerDesignName>all_schemas</ownerDesignName>
<engineerTo>
<item key="D0D92D2B-4EA0-833C-FF58-91F3644E8E4A" value="true"/>
<item key="037A5BCA-FECF-4DC5-9A0B-0219848544BA" value="true"/>
<item key="44BA4DCC-3408-55FA-38FE-22F0223CD0E3" value="true"/>
<item key="BF105018-3CC9-F992-06AB-3F0BD4F6521B" value="true"/>
</engineerTo>
<nullsAllowed>true</nullsAllowed>
<useDomainConstraints>false</useDomainConstraints>
<use>1</use>
<logicalDatatype>LOGDT024</logicalDatatype>
<dataTypeSize>1 BYTE</dataTypeSize>
<ownDataTypeParameters>1 BYTE,,</ownDataTypeParameters>
</Attribute>
<Attribute name="SNAPID" id="082B9C48-41EB-1F5A-3E9F-C0A7350BCF8A">
<createdBy>Administrator</createdBy>
<createdTime>2008-11-18 12:15:36 UTC</createdTime>
<generatorID>4B98884F-0DA0-3A19-EB32-F9571479C029</generatorID>
<ownerDesignName>all_schemas</ownerDesignName>
<engineerTo>
<item key="D0D92D2B-4EA0-833C-FF58-91F3644E8E4A" value="true"/>
<item key="037A5BCA-FECF-4DC5-9A0B-0219848544BA" value="true"/>
<item key="44BA4DCC-3408-55FA-38FE-22F0223CD0E3" value="true"/>
<item key="BF105018-3CC9-F992-06AB-3F0BD4F6521B" value="true"/>
</engineerTo>
<nullsAllowed>true</nullsAllowed>
<useDomainConstraints>false</useDomainConstraints>
<use>1</use>
<logicalDatatype>LOGDT019</logicalDatatype>
<dataTypePrecision>38</dataTypePrecision>
<ownDataTypeParameters>,38,</ownDataTypeParameters>
</Attribute>
<Attribute name="CHANGE_VECTOR$$" id="B66A31C0-5FD5-72D2-2914-BB29706662B6">
<createdBy>Administrator</createdBy>
<createdTime>2008-11-18 12:15:36 UTC</createdTime>
<generatorID>F3DD7342-8C31-88A9-E16E-E6593027477A</generatorID>
<ownerDesignName>all_schemas</ownerDesignName>
<engineerTo>
<item key="D0D92D2B-4EA0-833C-FF58-91F3644E8E4A" value="true"/>
<item key="037A5BCA-FECF-4DC5-9A0B-0219848544BA" value="true"/>
<item key="44BA4DCC-3408-55FA-38FE-22F0223CD0E3" value="true"/>
<item key="BF105018-3CC9-F992-06AB-3F0BD4F6521B" value="true"/>
</engineerTo>
<nullsAllowed>true</nullsAllowed>
<useDomainConstraints>false</useDomainConstraints>
<use>1</use>
<logicalDatatype>LogDes-4BABEC65-108B-2A3C-F7C4-84AC47D292B0@LOGDT10040</logicalDatatype>
<dataTypeSize>255</dataTypeSize>
<ownDataTypeParameters>255,,</ownDataTypeParameters>
</Attribute>
</attributes>
</Entity>