<?xml version = '1.0' encoding = 'UTF-8'?>
<Entity class="oracle.dbtools.crest.model.design.logical.Entity" directorySegmentName="seg_0" id="CE7EDFB1-74BC-9CB7-6DDA-67F4C9503488" name="REGIONS">
<createdBy>Administrator</createdBy>
<createdTime>2008-11-18 12:15:36 UTC</createdTime>
<generatorID>C9A48430-823A-265B-584E-23C76D9EC097</generatorID>
<ownerDesignName>all_schemas</ownerDesignName>
<engineerTo>
<item key="D0D92D2B-4EA0-833C-FF58-91F3644E8E4A" value="true"/>
<item key="037A5BCA-FECF-4DC5-9A0B-0219848544BA" value="true"/>
<item key="44BA4DCC-3408-55FA-38FE-22F0223CD0E3" value="true"/>
<item key="BF105018-3CC9-F992-06AB-3F0BD4F6521B" value="true"/>
</engineerTo>
<adequatelyNormalized>NO</adequatelyNormalized>
<expectedVolumes>0</expectedVolumes>
<fwdEngineeringStrategyName>Single Table</fwdEngineeringStrategyName>
<growthPercent>0</growthPercent>
<growthType>Year</growthType>
<maxVolumes>9999999</maxVolumes>
<minVolumes>0</minVolumes>
<normalForm>Third</normalForm>
<attributes itemClass="oracle.dbtools.crest.model.design.logical.Attribute">
<Attribute name="REGION_ID" id="3BF8293C-7857-16C1-112E-F63908EA09E4">
<createdBy>Administrator</createdBy>
<createdTime>2008-11-18 12:15:36 UTC</createdTime>
<commentInRDBMS><![CDATA[Primary key of regions table.]]></commentInRDBMS>
<generatorID>2E97E14F-246F-D5A1-29B3-88FE95CFA322</generatorID>
<ownerDesignName>all_schemas</ownerDesignName>
<engineerTo>
<item key="D0D92D2B-4EA0-833C-FF58-91F3644E8E4A" value="true"/>
<item key="037A5BCA-FECF-4DC5-9A0B-0219848544BA" value="true"/>
<item key="44BA4DCC-3408-55FA-38FE-22F0223CD0E3" value="true"/>
<item key="BF105018-3CC9-F992-06AB-3F0BD4F6521B" value="true"/>
</engineerTo>
<useDomainConstraints>false</useDomainConstraints>
<use>1</use>
<logicalDatatype>LOGDT019</logicalDatatype>
<ownDataTypeParameters>,,</ownDataTypeParameters>
</Attribute>
<Attribute name="REGION_NAME" id="7B58B31F-E67F-7175-FA49-092ED1EF1755">
<createdBy>Administrator</createdBy>
<createdTime>2008-11-18 12:15:36 UTC</createdTime>
<commentInRDBMS><![CDATA[Names of regions. Locations are in the countries of these regions.]]></commentInRDBMS>
<generatorID>9DFBBA15-6CCB-10AB-F564-FED2711182CE</generatorID>
<ownerDesignName>all_schemas</ownerDesignName>
<engineerTo>
<item key="D0D92D2B-4EA0-833C-FF58-91F3644E8E4A" value="true"/>
<item key="037A5BCA-FECF-4DC5-9A0B-0219848544BA" value="true"/>
<item key="44BA4DCC-3408-55FA-38FE-22F0223CD0E3" value="true"/>
<item key="BF105018-3CC9-F992-06AB-3F0BD4F6521B" value="true"/>
</engineerTo>
<nullsAllowed>true</nullsAllowed>
<useDomainConstraints>false</useDomainConstraints>
<use>1</use>
<logicalDatatype>LOGDT024</logicalDatatype>
<dataTypeSize>25 BYTE</dataTypeSize>
<ownDataTypeParameters>25 BYTE,,</ownDataTypeParameters>
</Attribute>
</attributes>
<identifiers itemClass="oracle.dbtools.crest.model.design.logical.CandidateKey">
<identifier id="E109398C-CC40-FFCD-1C9E-5FBF3ACACB9F" name="REG_ID_PK">
<createdBy>Administrator</createdBy>
<createdTime>2008-11-18 12:15:36 UTC</createdTime>
<generatorID>E168AF9A-9E18-5E59-7558-B2BD93E8043B</generatorID>
<ownerDesignName>all_schemas</ownerDesignName>
<engineerTo>
<item key="D0D92D2B-4EA0-833C-FF58-91F3644E8E4A" value="true"/>
<item key="037A5BCA-FECF-4DC5-9A0B-0219848544BA" value="true"/>
<item key="44BA4DCC-3408-55FA-38FE-22F0223CD0E3" value="true"/>
<item key="BF105018-3CC9-F992-06AB-3F0BD4F6521B" value="true"/>
</engineerTo>
<pk>true</pk>
<usedAttributes>
<attributeRef>3BF8293C-7857-16C1-112E-F63908EA09E4</attributeRef>
</usedAttributes>
</identifier>
</identifiers>
</Entity>