<?xml version = '1.0' encoding = 'UTF-8'?>
<Entity class="oracle.dbtools.crest.model.design.logical.Entity" directorySegmentName="seg_0" id="EEE3ABF9-1CE1-846A-4FBA-81621407E503" name="EMPLOYEES">
<createdBy>Administrator</createdBy>
<createdTime>2008-11-18 12:15:36 UTC</createdTime>
<generatorID>ACFDBD4E-C2A9-60D1-639A-3841326467E9</generatorID>
<ownerDesignName>all_schemas</ownerDesignName>
<engineerTo>
<item key="D0D92D2B-4EA0-833C-FF58-91F3644E8E4A" value="true"/>
<item key="037A5BCA-FECF-4DC5-9A0B-0219848544BA" value="true"/>
<item key="44BA4DCC-3408-55FA-38FE-22F0223CD0E3" value="true"/>
<item key="BF105018-3CC9-F992-06AB-3F0BD4F6521B" value="true"/>
</engineerTo>
<adequatelyNormalized>NO</adequatelyNormalized>
<expectedVolumes>0</expectedVolumes>
<fwdEngineeringStrategyName>Single Table</fwdEngineeringStrategyName>
<growthPercent>0</growthPercent>
<growthType>Year</growthType>
<maxVolumes>9999999</maxVolumes>
<minVolumes>0</minVolumes>
<normalForm>Third</normalForm>
<attributes itemClass="oracle.dbtools.crest.model.design.logical.Attribute">
<Attribute name="EMPLOYEE_ID" id="BC228D8E-9A55-F6A1-2EA7-1CEC37896733">
<createdBy>Administrator</createdBy>
<createdTime>2008-11-18 12:15:36 UTC</createdTime>
<commentInRDBMS><![CDATA[Primary key of employees table.]]></commentInRDBMS>
<generatorID>9981EBCA-6588-A188-06A9-AAABF725B6F5</generatorID>
<ownerDesignName>all_schemas</ownerDesignName>
<engineerTo>
<item key="D0D92D2B-4EA0-833C-FF58-91F3644E8E4A" value="true"/>
<item key="037A5BCA-FECF-4DC5-9A0B-0219848544BA" value="true"/>
<item key="44BA4DCC-3408-55FA-38FE-22F0223CD0E3" value="true"/>
<item key="BF105018-3CC9-F992-06AB-3F0BD4F6521B" value="true"/>
</engineerTo>
<useDomainConstraints>false</useDomainConstraints>
<use>1</use>
<logicalDatatype>LOGDT019</logicalDatatype>
<dataTypePrecision>6</dataTypePrecision>
<ownDataTypeParameters>,6,</ownDataTypeParameters>
</Attribute>
<Attribute name="FIRST_NAME" id="C19C13A4-EF36-99E9-07AC-001932E9D387">
<createdBy>Administrator</createdBy>
<createdTime>2008-11-18 12:15:36 UTC</createdTime>
<commentInRDBMS><![CDATA[First name of the employee. A not null column.]]></commentInRDBMS>
<generatorID>AC329F15-852B-3C0A-208D-9A799D99DBE7</generatorID>
<ownerDesignName>all_schemas</ownerDesignName>
<engineerTo>
<item key="D0D92D2B-4EA0-833C-FF58-91F3644E8E4A" value="true"/>
<item key="037A5BCA-FECF-4DC5-9A0B-0219848544BA" value="true"/>
<item key="44BA4DCC-3408-55FA-38FE-22F0223CD0E3" value="true"/>
<item key="BF105018-3CC9-F992-06AB-3F0BD4F6521B" value="true"/>
</engineerTo>
<nullsAllowed>true</nullsAllowed>
<useDomainConstraints>false</useDomainConstraints>
<use>1</use>
<logicalDatatype>LOGDT024</logicalDatatype>
<dataTypeSize>20 BYTE</dataTypeSize>
<ownDataTypeParameters>20 BYTE,,</ownDataTypeParameters>
</Attribute>
<Attribute name="LAST_NAME" id="0BB6BDB2-1D62-A13E-D0E2-F419A9F82242">
<createdBy>Administrator</createdBy>
<createdTime>2008-11-18 12:15:36 UTC</createdTime>
<commentInRDBMS><![CDATA[Last name of the employee. A not null column.]]></commentInRDBMS>
<generatorID>776BF374-911C-AA1D-3C26-931C215013DA</generatorID>
<ownerDesignName>all_schemas</ownerDesignName>
<engineerTo>
<item key="D0D92D2B-4EA0-833C-FF58-91F3644E8E4A" value="true"/>
<item key="037A5BCA-FECF-4DC5-9A0B-0219848544BA" value="true"/>
<item key="44BA4DCC-3408-55FA-38FE-22F0223CD0E3" value="true"/>
<item key="BF105018-3CC9-F992-06AB-3F0BD4F6521B" value="true"/>
</engineerTo>
<useDomainConstraints>false</useDomainConstraints>
<use>1</use>
<logicalDatatype>LOGDT024</logicalDatatype>
<dataTypeSize>25 BYTE</dataTypeSize>
<ownDataTypeParameters>25 BYTE,,</ownDataTypeParameters>
</Attribute>
<Attribute name="EMAIL" id="13381F8A-618B-DD58-9806-AD48EFD681E7">
<createdBy>Administrator</createdBy>
<createdTime>2008-11-18 12:15:36 UTC</createdTime>
<commentInRDBMS><![CDATA[Email id of the employee]]></commentInRDBMS>
<generatorID>5985A5B6-50DB-7325-BA07-4D6F1EA8D0C8</generatorID>
<ownerDesignName>all_schemas</ownerDesignName>
<engineerTo>
<item key="D0D92D2B-4EA0-833C-FF58-91F3644E8E4A" value="true"/>
<item key="037A5BCA-FECF-4DC5-9A0B-0219848544BA" value="true"/>
<item key="44BA4DCC-3408-55FA-38FE-22F0223CD0E3" value="true"/>
<item key="BF105018-3CC9-F992-06AB-3F0BD4F6521B" value="true"/>
</engineerTo>
<useDomainConstraints>false</useDomainConstraints>
<use>1</use>
<logicalDatatype>LOGDT024</logicalDatatype>
<dataTypeSize>25 BYTE</dataTypeSize>
<ownDataTypeParameters>25 BYTE,,</ownDataTypeParameters>
</Attribute>
<Attribute name="PHONE_NUMBER" id="20316C5E-5BB6-CC4C-37F3-310CAA377E76">
<createdBy>Administrator</createdBy>
<createdTime>2008-11-18 12:15:36 UTC</createdTime>
<commentInRDBMS><![CDATA[Phone number of the employee; includes country code and area code]]></commentInRDBMS>
<generatorID>0D999FF3-0FA8-A25A-6011-991420F7FEF7</generatorID>
<ownerDesignName>all_schemas</ownerDesignName>
<engineerTo>
<item key="D0D92D2B-4EA0-833C-FF58-91F3644E8E4A" value="true"/>
<item key="037A5BCA-FECF-4DC5-9A0B-0219848544BA" value="true"/>
<item key="44BA4DCC-3408-55FA-38FE-22F0223CD0E3" value="true"/>
<item key="BF105018-3CC9-F992-06AB-3F0BD4F6521B" value="true"/>
</engineerTo>
<nullsAllowed>true</nullsAllowed>
<useDomainConstraints>false</useDomainConstraints>
<use>1</use>
<logicalDatatype>LOGDT024</logicalDatatype>
<dataTypeSize>20 BYTE</dataTypeSize>
<ownDataTypeParameters>20 BYTE,,</ownDataTypeParameters>
</Attribute>
<Attribute name="HIRE_DATE" id="7AA50AFC-50E0-0765-1A2B-F5DA995543E5">
<createdBy>Administrator</createdBy>
<createdTime>2008-11-18 12:15:36 UTC</createdTime>
<commentInRDBMS><![CDATA[Date when the employee started on this job. A not null column.]]></commentInRDBMS>
<generatorID>FEA8B9BC-F2F2-59D0-9B6D-1EB8CAF35232</generatorID>
<ownerDesignName>all_schemas</ownerDesignName>
<engineerTo>
<item key="D0D92D2B-4EA0-833C-FF58-91F3644E8E4A" value="true"/>
<item key="037A5BCA-FECF-4DC5-9A0B-0219848544BA" value="true"/>
<item key="44BA4DCC-3408-55FA-38FE-22F0223CD0E3" value="true"/>
<item key="BF105018-3CC9-F992-06AB-3F0BD4F6521B" value="true"/>
</engineerTo>
<useDomainConstraints>false</useDomainConstraints>
<use>1</use>
<logicalDatatype>LOGDT007</logicalDatatype>
<ownDataTypeParameters>,,</ownDataTypeParameters>
</Attribute>
<Attribute name="JOB_ID" id="A48B6058-E00D-898C-0F8B-470B9A7906D2">
<createdBy>Administrator</createdBy>
<createdTime>2008-11-18 12:15:36 UTC</createdTime>
<commentInRDBMS><![CDATA[Current job of the employee; foreign key to job_id column of the &lt;br&gt;jobs table. A not null column.]]></commentInRDBMS>
<generatorID>39796541-0B82-4423-0870-2CBA84A849FD</generatorID>
<ownerDesignName>all_schemas</ownerDesignName>
<engineerTo>
<item key="D0D92D2B-4EA0-833C-FF58-91F3644E8E4A" value="true"/>
<item key="037A5BCA-FECF-4DC5-9A0B-0219848544BA" value="true"/>
<item key="44BA4DCC-3408-55FA-38FE-22F0223CD0E3" value="true"/>
<item key="BF105018-3CC9-F992-06AB-3F0BD4F6521B" value="true"/>
</engineerTo>
<referedAttribute>77A2DB3A-2DDB-7EDE-6DD9-0DE984ABBB6A</referedAttribute>
<useDomainConstraints>false</useDomainConstraints>
<use>1</use>
<logicalDatatype>LOGDT024</logicalDatatype>
<dataTypeSize>10 BYTE</dataTypeSize>
<ownDataTypeParameters>10 BYTE,,</ownDataTypeParameters>
</Attribute>
<Attribute name="SALARY" id="BB26A280-2DA6-DCD8-1A6C-7ECEE10FEF5E">
<createdBy>Administrator</createdBy>
<createdTime>2008-11-18 12:15:36 UTC</createdTime>
<commentInRDBMS><![CDATA[Monthly salary of the employee. Must be greater &lt;br&gt;than zero (enforced by constraint emp_salary_min)]]></commentInRDBMS>
<generatorID>8043B74B-2324-03FD-BFB4-292AC4845831</generatorID>
<ownerDesignName>all_schemas</ownerDesignName>
<engineerTo>
<item key="D0D92D2B-4EA0-833C-FF58-91F3644E8E4A" value="true"/>
<item key="037A5BCA-FECF-4DC5-9A0B-0219848544BA" value="true"/>
<item key="44BA4DCC-3408-55FA-38FE-22F0223CD0E3" value="true"/>
<item key="BF105018-3CC9-F992-06AB-3F0BD4F6521B" value="true"/>
</engineerTo>
<nullsAllowed>true</nullsAllowed>
<useDomainConstraints>false</useDomainConstraints>
<use>1</use>
<logicalDatatype>LOGDT019</logicalDatatype>
<dataTypePrecision>8</dataTypePrecision>
<dataTypeScale>2</dataTypeScale>
<checkConstraint>
<implementationDef dbType="Oracle Database 10g" definition="salary &gt; 0"/>
</checkConstraint>
<ownDataTypeParameters>,8,2</ownDataTypeParameters>
</Attribute>
<Attribute name="COMMISSION_PCT" id="818904E3-4C18-E98F-EFCD-5456F4369464">
<createdBy>Administrator</createdBy>
<createdTime>2008-11-18 12:15:36 UTC</createdTime>
<commentInRDBMS><![CDATA[Commission percentage of the employee; Only employees in sales &lt;br&gt;department elgible for commission percentage]]></commentInRDBMS>
<generatorID>527839D3-1753-B42F-41A4-73B92B6C7146</generatorID>
<ownerDesignName>all_schemas</ownerDesignName>
<engineerTo>
<item key="D0D92D2B-4EA0-833C-FF58-91F3644E8E4A" value="true"/>
<item key="037A5BCA-FECF-4DC5-9A0B-0219848544BA" value="true"/>
<item key="44BA4DCC-3408-55FA-38FE-22F0223CD0E3" value="true"/>
<item key="BF105018-3CC9-F992-06AB-3F0BD4F6521B" value="true"/>
</engineerTo>
<nullsAllowed>true</nullsAllowed>
<useDomainConstraints>false</useDomainConstraints>
<use>1</use>
<logicalDatatype>LOGDT019</logicalDatatype>
<dataTypePrecision>2</dataTypePrecision>
<dataTypeScale>2</dataTypeScale>
<ownDataTypeParameters>,2,2</ownDataTypeParameters>
</Attribute>
<Attribute name="MANAGER_ID" id="EBC92D81-34F4-B498-F2C9-855706F1D7CE">
<createdBy>Administrator</createdBy>
<createdTime>2008-11-18 12:15:36 UTC</createdTime>
<commentInRDBMS><![CDATA[Manager id of the employee; has same domain as manager_id in &lt;br&gt;departments table. Foreign key to employee_id column of employees table.&lt;br&gt;(useful for reflexive joins and CONNECT BY query)]]></commentInRDBMS>
<generatorID>909303C3-8E13-6B36-C93B-5DA8949A62C0</generatorID>
<ownerDesignName>all_schemas</ownerDesignName>
<engineerTo>
<item key="D0D92D2B-4EA0-833C-FF58-91F3644E8E4A" value="true"/>
<item key="037A5BCA-FECF-4DC5-9A0B-0219848544BA" value="true"/>
<item key="44BA4DCC-3408-55FA-38FE-22F0223CD0E3" value="true"/>
<item key="BF105018-3CC9-F992-06AB-3F0BD4F6521B" value="true"/>
</engineerTo>
<nullsAllowed>true</nullsAllowed>
<referedAttribute>BC228D8E-9A55-F6A1-2EA7-1CEC37896733</referedAttribute>
<useDomainConstraints>false</useDomainConstraints>
<use>1</use>
<logicalDatatype>LOGDT019</logicalDatatype>
<dataTypePrecision>6</dataTypePrecision>
<ownDataTypeParameters>,6,</ownDataTypeParameters>
</Attribute>
<Attribute name="DEPARTMENT_ID" id="714935F6-A4E5-E452-DD1A-42A1429C0DF5">
<createdBy>Administrator</createdBy>
<createdTime>2008-11-18 12:15:36 UTC</createdTime>
<commentInRDBMS><![CDATA[Department id where employee works; foreign key to department_id &lt;br&gt;column of the departments table]]></commentInRDBMS>
<generatorID>679539BC-80D5-023E-E9B4-85725307B3A6</generatorID>
<ownerDesignName>all_schemas</ownerDesignName>
<engineerTo>
<item key="D0D92D2B-4EA0-833C-FF58-91F3644E8E4A" value="true"/>
<item key="037A5BCA-FECF-4DC5-9A0B-0219848544BA" value="true"/>
<item key="44BA4DCC-3408-55FA-38FE-22F0223CD0E3" value="true"/>
<item key="BF105018-3CC9-F992-06AB-3F0BD4F6521B" value="true"/>
</engineerTo>
<nullsAllowed>true</nullsAllowed>
<referedAttribute>0EFB4742-E639-7EB9-A132-72FB993D861B</referedAttribute>
<useDomainConstraints>false</useDomainConstraints>
<use>1</use>
<logicalDatatype>LOGDT019</logicalDatatype>
<dataTypePrecision>4</dataTypePrecision>
<ownDataTypeParameters>,4,</ownDataTypeParameters>
</Attribute>
</attributes>
<identifiers itemClass="oracle.dbtools.crest.model.design.logical.CandidateKey">
<identifier id="7B87075E-BB50-DAE7-B008-D11484A1ED24" name="EMP_EMAIL_UK">
<createdBy>Administrator</createdBy>
<createdTime>2008-11-18 12:15:36 UTC</createdTime>
<generatorID>FA5EB36A-D69C-7427-BD42-F76F23AD0950</generatorID>
<ownerDesignName>all_schemas</ownerDesignName>
<engineerTo>
<item key="D0D92D2B-4EA0-833C-FF58-91F3644E8E4A" value="true"/>
<item key="037A5BCA-FECF-4DC5-9A0B-0219848544BA" value="true"/>
<item key="44BA4DCC-3408-55FA-38FE-22F0223CD0E3" value="true"/>
<item key="BF105018-3CC9-F992-06AB-3F0BD4F6521B" value="true"/>
</engineerTo>
<usedAttributes>
<attributeRef>13381F8A-618B-DD58-9806-AD48EFD681E7</attributeRef>
</usedAttributes>
</identifier>
<identifier id="FDB1A0B4-7569-E58A-B600-5A0526EB45B3" name="EMP_EMP_ID_PK">
<createdBy>Administrator</createdBy>
<createdTime>2008-11-18 12:15:36 UTC</createdTime>
<generatorID>B625395C-D403-2E10-C92D-217174C035C0</generatorID>
<ownerDesignName>all_schemas</ownerDesignName>
<engineerTo>
<item key="D0D92D2B-4EA0-833C-FF58-91F3644E8E4A" value="true"/>
<item key="037A5BCA-FECF-4DC5-9A0B-0219848544BA" value="true"/>
<item key="44BA4DCC-3408-55FA-38FE-22F0223CD0E3" value="true"/>
<item key="BF105018-3CC9-F992-06AB-3F0BD4F6521B" value="true"/>
</engineerTo>
<pk>true</pk>
<usedAttributes>
<attributeRef>BC228D8E-9A55-F6A1-2EA7-1CEC37896733</attributeRef>
</usedAttributes>
</identifier>
</identifiers>
</Entity>