<?xml version = '1.0' encoding = 'UTF-8'?>
<Hierarchy class="oracle.dbtools.crest.model.design.multidimensional.Hierarchy" name="CAL_ROLLUP" directorySegmentName="seg_0" id="EAB21BA8-7F02-EE62-9541-A2C2786BA8F1">
<createdBy>pstoyano</createdBy>
<createdTime>2009-07-01 16:57:26 UTC</createdTime>
<ownerDesignName>all_schemas</ownerDesignName>
<nameInOracleAW>CAL_ROLLUP</nameInOracleAW>
<defaultHierarchy>false</defaultHierarchy>
<linkToDimension>B2117B00-20A6-FC7B-C1D8-3BB61D498526</linkToDimension>
<usedLevels>
<usedLevel>85E28C5C-D5C5-5826-97F3-73CF4F1C9920</usedLevel>
<usedLevel>7C310965-DB5F-4381-B4FE-4A7C21093055</usedLevel>
<usedLevel>04637583-01DD-657A-CF84-F089DA898633</usedLevel>
<usedLevel>C240EDFC-619A-3C19-257D-C8FDB5F20711</usedLevel>
</usedLevels>
</Hierarchy>