<?xml version = '1.0' encoding = 'UTF-8'?>
<Hierarchy class="oracle.dbtools.crest.model.design.multidimensional.Hierarchy" name="FIS_ROLLUP" directorySegmentName="seg_0" id="F860A2D3-5A52-0FEC-0080-B829B8931F68">
<createdBy>pstoyano</createdBy>
<createdTime>2009-07-01 16:57:26 UTC</createdTime>
<ownerDesignName>all_schemas</ownerDesignName>
<nameInOracleAW>FIS_ROLLUP</nameInOracleAW>
<defaultHierarchy>false</defaultHierarchy>
<linkToDimension>B2117B00-20A6-FC7B-C1D8-3BB61D498526</linkToDimension>
<usedLevels>
<usedLevel>85E28C5C-D5C5-5826-97F3-73CF4F1C9920</usedLevel>
<usedLevel>5D389105-AB52-19C5-22D2-EFB0FF030D1E</usedLevel>
<usedLevel>42CA8DC0-2A8B-D819-1403-8C991BBAC87C</usedLevel>
<usedLevel>1DF56A2F-5FEB-27C8-8C82-90E55615986B</usedLevel>
<usedLevel>DC816819-8909-DFB0-63DD-E6C6A5BBC52D</usedLevel>
</usedLevels>
</Hierarchy>