<?xml version = '1.0' encoding = 'UTF-8'?>
<Hierarchy class="oracle.dbtools.crest.model.design.multidimensional.Hierarchy" name="CHANNEL_ROLLUP" directorySegmentName="seg_0" id="FAEA3556-6219-602F-6435-0D4B8710B4D5">
<createdBy>pstoyano</createdBy>
<createdTime>2009-07-01 16:57:26 UTC</createdTime>
<ownerDesignName>all_schemas</ownerDesignName>
<nameInOracleAW>CHANNEL_ROLLUP</nameInOracleAW>
<defaultHierarchy>true</defaultHierarchy>
<linkToDimension>9CCC5354-2743-7CDE-316E-AF40F3A742AC</linkToDimension>
<usedLevels>
<usedLevel>E021941E-36BE-D41E-6D11-A5A5E3110432</usedLevel>
<usedLevel>4367EBFC-5AFF-0D29-D038-797BE5FD62AD</usedLevel>
<usedLevel>DC5EE8C3-49B0-D5FD-F213-2A7266B79999</usedLevel>
</usedLevels>
</Hierarchy>