<?xml version = '1.0' encoding = 'UTF-8'?>
<Note class="oracle.dbtools.crest.model.design.Note" name="Note_1" id="29C7E531-C7F0-1739-3020-CDEC0441B85B" directorySegmentName="seg_0">
   <createdBy>smharper</createdBy>
   <createdTime>2011-01-07 09:15:05 UTC</createdTime>
   <changedBy>smharper</changedBy>
   <changedTime>2011-01-07 09:23:39 UTC</changedTime>
   <comment>      SQL Developer Data Modeler 3.0 &amp;lt;br&amp;gt; Human Resources (HR) Relational Model&amp;lt;br&amp;gt;===================================&amp;lt;br&amp;gt;This relational model is based on the import of the HR Sample Schema.</comment>
   <ownerDesignName>HR</ownerDesignName>
   <fonts>
      <FontObject class="oracle.dbtools.crest.model.design.FontObjectWr">
         <foType>Title</foType>
         <fontStyle>1</fontStyle>
         <colorRGB>-16777216</colorRGB>
      </FontObject>
   </fonts>
</Note>