<?xml version = '1.0' encoding = 'UTF-8'?>
<LogicalDesign class="oracle.dbtools.crest.model.design.logical.LogicalDesign" name="Logical" id="52F88E4B-9DE8-FA6C-CC18-2EE0320B03C1" mainViewID="8459EECB-47CA-CF50-AF8F-60DBDB60C154">
   <createdBy>smharper</createdBy>
   <createdTime>2011-01-06 19:13:34 UTC</createdTime>
   <changedBy>smharper</changedBy>
   <changedTime>2011-01-06 19:13:34 UTC</changedTime>
   <ownerDesignName>HR</ownerDesignName>
   <shouldBeOpen>false</shouldBeOpen>
</LogicalDesign>