<?xml version = '1.0' encoding = 'UTF-8'?>
<DataTypesDesign class="oracle.dbtools.crest.model.design.datatypes.DataTypesDesign" name="DataTypes" id="0FAAA7CC-5DC5-73A9-AC21-0170C59E9D30" mainViewID="6AF01EF1-C195-4CF4-955B-0E3096ECAAF1">
   <createdBy>smharper</createdBy>
   <createdTime>2011-01-06 19:13:34 UTC</createdTime>
   <changedBy>smharper</changedBy>
   <changedTime>2011-01-06 19:13:34 UTC</changedTime>
   <ownerDesignName>HR</ownerDesignName>
   <shouldBeOpen>false</shouldBeOpen>
</DataTypesDesign>