<?xml version = '1.0' encoding = 'UTF-8'?>
<CollectionType class="oracle.dbtools.crest.model.design.datatypes.CollectionType" name="PHONE_LIST_TYP" directorySegmentName="seg_0" id="6A84652E-E6BC-EB77-E843-C67570AFEE6F">
<createdBy>Administrator</createdBy>
<createdTime>2008-11-17 12:25:26 UTC</createdTime>
<ownerDesignName>all_schemas</ownerDesignName>
<predefined>false</predefined>
<dataTypeDescr class="oracle.dbtools.crest.model.design.datatypes.CollectionType$DataTypeWrapper">
<type>DOM3000004</type>
<isreference>false</isreference>
</dataTypeDescr>
<maxElement>5</maxElement>
<type>ARRAY</type>
</CollectionType>