<?xml version = '1.0' encoding = 'UTF-8'?>
<CollectionType class="oracle.dbtools.crest.model.design.datatypes.CollectionType" name="TEXTDOC_TAB" directorySegmentName="seg_0" id="736E7E22-2B06-3651-DC8B-E6684EC4BF91">
<createdBy>Administrator</createdBy>
<createdTime>2008-11-17 12:25:26 UTC</createdTime>
<ownerDesignName>all_schemas</ownerDesignName>
<predefined>false</predefined>
<dataTypeDescr class="oracle.dbtools.crest.model.design.datatypes.CollectionType$DataTypeWrapper">
<type>DOM3000004</type>
<isreference>false</isreference>
</dataTypeDescr>
<maxElement>1</maxElement>
<type>COLLECTION</type>
</CollectionType>