<?xml version = '1.0' encoding = 'UTF-8'?>
<FKIndexAssociation class="oracle.dbtools.crest.model.design.relational.FKIndexAssociation" directorySegmentName="seg_0" id="06127E52-A5E6-923E-D4CE-D125FD46C8E2" containerWithKeyObject="2D2A970C-E24F-D3DC-FDDD-77CC57F77AD7" localFKIndex="F77CB7FF-404A-C90A-500A-AB2F0F81E0A5" name="ORDERS_CUSTOMER_ID_FK">
<createdBy>Administrator</createdBy>
<createdTime>2009-01-30 17:10:27 UTC</createdTime>
<generatorID>F8599A69-16E7-58F2-B0AF-C9334071B38D</generatorID>
<ownerDesignName>all_schemas</ownerDesignName>
<referredTableLongName>CUSTOMERS</referredTableLongName>
<deleteRule>RESTRICT</deleteRule>
<referredTableID>B8A635C3-4F12-F460-30F5-AD5A41026BA7</referredTableID>
<keyObject>D4A9B46F-E71D-47B5-4CF9-E8A4C2CE9D72</keyObject>
<referredKeyID>D4A9B46F-E71D-47B5-4CF9-E8A4C2CE9D72</referredKeyID>
<mandatory>true</mandatory>
<refColNames>CUSTOMER_ID</refColNames>
<transferable>true</transferable>
<rely>false</rely>
<columnDependencyConstraintGenerateInDDL>false</columnDependencyConstraintGenerateInDDL>
</FKIndexAssociation>