<?xml version = '1.0' encoding = 'UTF-8'?>
<FKIndexAssociation class="oracle.dbtools.crest.model.design.relational.FKIndexAssociation" directorySegmentName="seg_0" id="69EEB305-8DA4-EFB5-2A5F-82FF2AC8C9FD" containerWithKeyObject="CE5545AD-E33E-31D9-D6D4-B9E67A73B788" localFKIndex="F9CE9CEB-E093-8242-5FF0-2E194874FECC" name="SALES_CHANNEL_FK">
<createdBy>Administrator</createdBy>
<createdTime>2009-01-30 17:10:27 UTC</createdTime>
<generatorID>B5E817E3-CC67-3A5D-F079-77127E95E1E1</generatorID>
<ownerDesignName>all_schemas</ownerDesignName>
<referredTableLongName>CHANNELS</referredTableLongName>
<deleteRule>RESTRICT</deleteRule>
<referredTableID>EC397D36-044B-1DF9-6914-52B2B22B602D</referredTableID>
<keyObject>797DE237-626C-5EB2-EF5C-81B33AE493FB</keyObject>
<referredKeyID>797DE237-626C-5EB2-EF5C-81B33AE493FB</referredKeyID>
<mandatory>true</mandatory>
<refColNames>CHANNEL_ID</refColNames>
<transferable>true</transferable>
<rely>false</rely>
<columnDependencyConstraintGenerateInDDL>false</columnDependencyConstraintGenerateInDDL>
</FKIndexAssociation>