<?xml version = '1.0' encoding = 'UTF-8'?>
<FKIndexAssociation class="oracle.dbtools.crest.model.design.relational.FKIndexAssociation" directorySegmentName="seg_0" id="91ECECD8-CC4C-A174-C2C7-385F7E9AC91B" containerWithKeyObject="C744D77D-980B-3AD1-7DA4-37439E7C0066" localFKIndex="897324AA-3A81-16AC-83A9-AA2710C02C23" name="LOC_C_ID_FK">
<createdBy>Administrator</createdBy>
<createdTime>2009-01-30 17:10:27 UTC</createdTime>
<generatorID>528FB046-089E-A925-85B1-27BC9A6DC425</generatorID>
<ownerDesignName>all_schemas</ownerDesignName>
<referredTableLongName>COUNTRIES</referredTableLongName>
<deleteRule>SET NULL</deleteRule>
<referredTableID>820EC6EC-2B6A-2D10-CE26-B49188E06188</referredTableID>
<keyObject>BBB418D8-1E9A-DEC5-CAD4-222B4A6D73B2</keyObject>
<referredKeyID>BBB418D8-1E9A-DEC5-CAD4-222B4A6D73B2</referredKeyID>
<mandatory>false</mandatory>
<refColNames>COUNTRY_ID</refColNames>
<transferable>true</transferable>
<rely>false</rely>
<columnDependencyConstraintGenerateInDDL>false</columnDependencyConstraintGenerateInDDL>
</FKIndexAssociation>