<?xml version = '1.0' encoding = 'UTF-8'?>
<FKIndexAssociation class="oracle.dbtools.crest.model.design.relational.FKIndexAssociation" directorySegmentName="seg_0" id="9CBFDF34-2915-0C93-E383-5CB540E5178C" containerWithKeyObject="CE5545AD-E33E-31D9-D6D4-B9E67A73B788" localFKIndex="879F8273-4AC5-AD3A-012F-AE3369B48D53" name="SALES_TIME_FK">
<createdBy>Administrator</createdBy>
<createdTime>2009-01-30 17:10:27 UTC</createdTime>
<generatorID>BD570803-22AE-30E6-2410-906D19F8784C</generatorID>
<ownerDesignName>all_schemas</ownerDesignName>
<referredTableLongName>TIMES</referredTableLongName>
<deleteRule>RESTRICT</deleteRule>
<referredTableID>F6C1663B-ABA5-DD04-95F7-B6FD1E0D56F3</referredTableID>
<keyObject>105476B8-1BB0-B134-206F-A86BB913BF60</keyObject>
<referredKeyID>105476B8-1BB0-B134-206F-A86BB913BF60</referredKeyID>
<mandatory>true</mandatory>
<refColNames>TIME_ID</refColNames>
<transferable>true</transferable>
<rely>false</rely>
<columnDependencyConstraintGenerateInDDL>false</columnDependencyConstraintGenerateInDDL>
</FKIndexAssociation>