<?xml version = '1.0' encoding = 'UTF-8'?>
<FKIndexAssociation class="oracle.dbtools.crest.model.design.relational.FKIndexAssociation" directorySegmentName="seg_0" id="0D9ACB7F-D2D8-62CD-412F-299BBC2E90C2" containerWithKeyObject="DEE6E5DB-5E35-C098-CD09-31C36103F4B2" localFKIndex="74765575-EE8C-1128-DB82-97A58BB2E058" name="JOB_HISTORY_DEPARTMENTS_FK">
<createdBy>Administrator</createdBy>
<createdTime>2009-01-30 17:10:27 UTC</createdTime>
<ownerDesignName>all_schemas</ownerDesignName>
<referredTableLongName>DEPARTMENTS</referredTableLongName>
<deleteRule>NO ACTION</deleteRule>
<referredTableID>AA6C08A2-7450-59FC-82F8-8C1F8B27F36F</referredTableID>
<keyObject>2D5311C6-980D-87B6-D0FE-05DE96822D4C</keyObject>
<referredKeyID>2D5311C6-980D-87B6-D0FE-05DE96822D4C</referredKeyID>
<mandatory>true</mandatory>
<refColNames>DEPARTMENT_ID</refColNames>
<transferable>true</transferable>
<rely>false</rely>
<columnDependencyConstraintGenerateInDDL>false</columnDependencyConstraintGenerateInDDL>
</FKIndexAssociation>