<?xml version = '1.0' encoding = 'UTF-8'?>
<FKIndexAssociation class="oracle.dbtools.crest.model.design.relational.FKIndexAssociation" directorySegmentName="seg_0" id="1D6FA123-8FB6-0664-ECC0-CF0CD72B761B" containerWithKeyObject="90C10246-64F9-E0EB-F309-7458975345B1" localFKIndex="A9D75F3A-B38A-DD07-8161-AF9E59F3C315" name="COUNTRIES_REGIONS_FK">
<createdBy>Administrator</createdBy>
<createdTime>2009-01-30 17:10:27 UTC</createdTime>
<ownerDesignName>all_schemas</ownerDesignName>
<referredTableLongName>REGIONS</referredTableLongName>
<deleteRule>NO ACTION</deleteRule>
<referredTableID>1662C568-217F-2A8F-375F-977BA9E49D08</referredTableID>
<keyObject>51BD973B-5D6E-7061-2C54-2A6595F7282D</keyObject>
<referredKeyID>51BD973B-5D6E-7061-2C54-2A6595F7282D</referredKeyID>
<mandatory>true</mandatory>
<refColNames>REGION_ID</refColNames>
<transferable>true</transferable>
<rely>false</rely>
<columnDependencyConstraintGenerateInDDL>false</columnDependencyConstraintGenerateInDDL>
</FKIndexAssociation>