<?xml version = '1.0' encoding = 'UTF-8'?>
<FKIndexAssociation class="oracle.dbtools.crest.model.design.relational.FKIndexAssociation" directorySegmentName="seg_0" id="2B6EA016-7DBF-A151-2B21-9AFAADADC768" containerWithKeyObject="AF81CABC-2071-B987-C66E-99E426DB6F8D" localFKIndex="07B431A9-7086-A623-DE9F-9E69B8145FA8" name="LOCATIONS_COUNTRIES_FK">
<createdBy>Administrator</createdBy>
<createdTime>2009-01-30 17:10:27 UTC</createdTime>
<ownerDesignName>all_schemas</ownerDesignName>
<referredTableLongName>COUNTRIES</referredTableLongName>
<deleteRule>NO ACTION</deleteRule>
<referredTableID>90C10246-64F9-E0EB-F309-7458975345B1</referredTableID>
<keyObject>F56BE0AA-2699-235B-E6CF-19B2EA3C4719</keyObject>
<referredKeyID>F56BE0AA-2699-235B-E6CF-19B2EA3C4719</referredKeyID>
<mandatory>true</mandatory>
<refColNames>COUNTRY_ID</refColNames>
<transferable>true</transferable>
<rely>false</rely>
<columnDependencyConstraintGenerateInDDL>false</columnDependencyConstraintGenerateInDDL>
</FKIndexAssociation>