<?xml version = '1.0' encoding = 'UTF-8'?>
<FKIndexAssociation class="oracle.dbtools.crest.model.design.relational.FKIndexAssociation" directorySegmentName="seg_0" id="2D3ADA18-52EE-9A40-172B-EB372827939F" containerWithKeyObject="5106E8EF-D700-FE2B-2B8E-F6F83380D00E" localFKIndex="40C02BA3-E800-D1AA-0D44-5AA2F44124AB" name="EMPLOYEES_JOBS_FK">
<createdBy>Administrator</createdBy>
<createdTime>2009-01-30 17:10:27 UTC</createdTime>
<ownerDesignName>all_schemas</ownerDesignName>
<referredTableLongName>JOBS</referredTableLongName>
<deleteRule>NO ACTION</deleteRule>
<referredTableID>EF9A3EB5-2AA0-5FD0-7325-126AB44DE486</referredTableID>
<keyObject>792565A4-2FEB-F537-2AD8-FCCEAFDE2EA1</keyObject>
<referredKeyID>792565A4-2FEB-F537-2AD8-FCCEAFDE2EA1</referredKeyID>
<mandatory>true</mandatory>
<refColNames>JOB_ID</refColNames>
<transferable>true</transferable>
<rely>false</rely>
<columnDependencyConstraintGenerateInDDL>false</columnDependencyConstraintGenerateInDDL>
</FKIndexAssociation>