<?xml version = '1.0' encoding = 'UTF-8'?>
<FKIndexAssociation class="oracle.dbtools.crest.model.design.relational.FKIndexAssociation" directorySegmentName="seg_0" id="82D94D08-7B27-994B-0EB0-5EEA980983CC" containerWithKeyObject="DEE6E5DB-5E35-C098-CD09-31C36103F4B2" localFKIndex="B36420BA-C167-644B-2C39-EDD7AF67753E" name="JOB_HISTORY_EMPLOYEES_FK">
<createdBy>Administrator</createdBy>
<createdTime>2009-01-30 17:10:27 UTC</createdTime>
<ownerDesignName>all_schemas</ownerDesignName>
<referredTableLongName>EMPLOYEES</referredTableLongName>
<deleteRule>NO ACTION</deleteRule>
<referredTableID>5106E8EF-D700-FE2B-2B8E-F6F83380D00E</referredTableID>
<keyObject>FD7AE972-C438-9722-6A6A-EE7F672FB51E</keyObject>
<referredKeyID>FD7AE972-C438-9722-6A6A-EE7F672FB51E</referredKeyID>
<mandatory>true</mandatory>
<refColNames>EMPLOYEE_ID</refColNames>
<transferable>true</transferable>
<rely>false</rely>
<columnDependencyConstraintGenerateInDDL>false</columnDependencyConstraintGenerateInDDL>
</FKIndexAssociation>