<?xml version = '1.0' encoding = 'UTF-8'?>
<FKIndexAssociation class="oracle.dbtools.crest.model.design.relational.FKIndexAssociation" directorySegmentName="seg_0" id="8B9150A5-02DB-7DD2-A7ED-238550340A1F" containerWithKeyObject="DEE6E5DB-5E35-C098-CD09-31C36103F4B2" localFKIndex="D84A949A-486C-4E15-E352-FCC55C01316A" name="JOB_HISTORY_JOBS_FK">
<createdBy>Administrator</createdBy>
<createdTime>2009-01-30 17:10:27 UTC</createdTime>
<ownerDesignName>all_schemas</ownerDesignName>
<referredTableLongName>JOBS</referredTableLongName>
<deleteRule>NO ACTION</deleteRule>
<referredTableID>EF9A3EB5-2AA0-5FD0-7325-126AB44DE486</referredTableID>
<keyObject>792565A4-2FEB-F537-2AD8-FCCEAFDE2EA1</keyObject>
<referredKeyID>792565A4-2FEB-F537-2AD8-FCCEAFDE2EA1</referredKeyID>
<mandatory>true</mandatory>
<refColNames>JOB_ID</refColNames>
<transferable>true</transferable>
<rely>false</rely>
<columnDependencyConstraintGenerateInDDL>false</columnDependencyConstraintGenerateInDDL>
</FKIndexAssociation>