<?xml version = '1.0' encoding = 'UTF-8'?>
<FKIndexAssociation class="oracle.dbtools.crest.model.design.relational.FKIndexAssociation" directorySegmentName="seg_0" id="99860053-B15B-7031-770D-9FCB9B7C531B" containerWithKeyObject="5106E8EF-D700-FE2B-2B8E-F6F83380D00E" localFKIndex="97202E7F-5ACD-5557-3116-484F1F572EF8" name="EMPLOYEES_EMPLOYEES_FK">
<createdBy>Administrator</createdBy>
<createdTime>2009-01-30 17:10:27 UTC</createdTime>
<ownerDesignName>all_schemas</ownerDesignName>
<referredTableLongName>EMPLOYEES</referredTableLongName>
<deleteRule>NO ACTION</deleteRule>
<referredTableID>5106E8EF-D700-FE2B-2B8E-F6F83380D00E</referredTableID>
<keyObject>FD7AE972-C438-9722-6A6A-EE7F672FB51E</keyObject>
<referredKeyID>FD7AE972-C438-9722-6A6A-EE7F672FB51E</referredKeyID>
<mandatory>true</mandatory>
<refColNames>EMPLOYEE_ID</refColNames>
<transferable>true</transferable>
<rely>false</rely>
<columnDependencyConstraintGenerateInDDL>false</columnDependencyConstraintGenerateInDDL>
</FKIndexAssociation>