<?xml version = '1.0' encoding = 'UTF-8'?>
<FKIndexAssociation class="oracle.dbtools.crest.model.design.relational.FKIndexAssociation" directorySegmentName="seg_0" id="A56DFE37-AF7B-6A38-CA9B-A0FDEA024318" containerWithKeyObject="5106E8EF-D700-FE2B-2B8E-F6F83380D00E" localFKIndex="E54C4DD5-90F7-D593-51FC-5086DA1E2D9D" name="EMPLOYEES_DEPARTMENTS_FK">
<createdBy>Administrator</createdBy>
<createdTime>2009-01-30 17:10:27 UTC</createdTime>
<ownerDesignName>all_schemas</ownerDesignName>
<referredTableLongName>DEPARTMENTS</referredTableLongName>
<deleteRule>NO ACTION</deleteRule>
<referredTableID>AA6C08A2-7450-59FC-82F8-8C1F8B27F36F</referredTableID>
<keyObject>2D5311C6-980D-87B6-D0FE-05DE96822D4C</keyObject>
<referredKeyID>2D5311C6-980D-87B6-D0FE-05DE96822D4C</referredKeyID>
<mandatory>true</mandatory>
<refColNames>DEPARTMENT_ID</refColNames>
<transferable>true</transferable>
<rely>false</rely>
<columnDependencyConstraintGenerateInDDL>false</columnDependencyConstraintGenerateInDDL>
</FKIndexAssociation>