<?xml version = '1.0' encoding = 'UTF-8'?>
<FKIndexAssociation class="oracle.dbtools.crest.model.design.relational.FKIndexAssociation" directorySegmentName="seg_0" id="C8E4ECF9-CA64-E816-9B0A-28742C73BB5E" containerWithKeyObject="AA6C08A2-7450-59FC-82F8-8C1F8B27F36F" localFKIndex="6C75DD1D-32C5-3987-A88A-C0C4C4C6A10B" name="DEPARTMENTS_EMPLOYEES_FK">
<createdBy>Administrator</createdBy>
<createdTime>2009-01-30 17:10:27 UTC</createdTime>
<ownerDesignName>all_schemas</ownerDesignName>
<referredTableLongName>EMPLOYEES</referredTableLongName>
<deleteRule>NO ACTION</deleteRule>
<referredTableID>5106E8EF-D700-FE2B-2B8E-F6F83380D00E</referredTableID>
<keyObject>FD7AE972-C438-9722-6A6A-EE7F672FB51E</keyObject>
<referredKeyID>FD7AE972-C438-9722-6A6A-EE7F672FB51E</referredKeyID>
<mandatory>true</mandatory>
<refColNames>EMPLOYEE_ID</refColNames>
<transferable>true</transferable>
<rely>false</rely>
<columnDependencyConstraintGenerateInDDL>false</columnDependencyConstraintGenerateInDDL>
</FKIndexAssociation>