<?xml version = '1.0' encoding = 'UTF-8'?>
<FKIndexAssociation class="oracle.dbtools.crest.model.design.relational.FKIndexAssociation" directorySegmentName="seg_0" id="D5C05EF5-33D1-B7ED-74E5-6D6A81B7CE28" containerWithKeyObject="AA6C08A2-7450-59FC-82F8-8C1F8B27F36F" localFKIndex="5BA058A7-D6E2-D407-1EEE-F6460B494BA4" name="DEPARTMENTS_LOCATIONS_FK">
<createdBy>Administrator</createdBy>
<createdTime>2009-01-30 17:10:27 UTC</createdTime>
<ownerDesignName>all_schemas</ownerDesignName>
<referredTableLongName>LOCATIONS</referredTableLongName>
<deleteRule>NO ACTION</deleteRule>
<referredTableID>AF81CABC-2071-B987-C66E-99E426DB6F8D</referredTableID>
<keyObject>BAB908D6-5673-408D-ED56-E96D30381A43</keyObject>
<referredKeyID>BAB908D6-5673-408D-ED56-E96D30381A43</referredKeyID>
<mandatory>true</mandatory>
<refColNames>LOCATION_ID</refColNames>
<transferable>true</transferable>
<rely>false</rely>
<columnDependencyConstraintGenerateInDDL>false</columnDependencyConstraintGenerateInDDL>
</FKIndexAssociation>