<?xml version = '1.0' encoding = 'UTF-8'?>
<CollectionTypeProxyOraclev10g class="oracle.dbtools.crest.model.design.storage.oracle.v10g.CollectionTypeProxyOraclev10g" name="XDB$RAW_LIST_T" id="0878E25C-6CFE-854E-A3E5-414CCECFC38F" directorySegmentName="seg_0">
   <createdBy>smharper</createdBy>
   <createdTime>2011-01-07 13:02:56 UTC</createdTime>
   <changedBy>smharper</changedBy>
   <changedTime>2011-01-07 13:02:56 UTC</changedTime>
   <ownerDesignName>OE</ownerDesignName>
</CollectionTypeProxyOraclev10g>