<?xml version = '1.0' encoding = 'UTF-8'?>
<CollectionTypeProxyOraclev10g class="oracle.dbtools.crest.model.design.storage.oracle.v10g.CollectionTypeProxyOraclev10g" name="SDO_ELEM_INFO_ARRAY" id="3B4D0CB4-2460-44D8-058C-E6D177C60F1A" directorySegmentName="seg_0">
   <createdBy>smharper</createdBy>
   <createdTime>2011-01-07 13:02:56 UTC</createdTime>
   <changedBy>smharper</changedBy>
   <changedTime>2011-01-07 13:02:56 UTC</changedTime>
   <ownerDesignName>OE</ownerDesignName>
</CollectionTypeProxyOraclev10g>