<?xml version = '1.0' encoding = 'UTF-8'?>
<CollectionTypeProxyOraclev10g class="oracle.dbtools.crest.model.design.storage.oracle.v10g.CollectionTypeProxyOraclev10g" name="PRODUCT_REF_LIST_TYP" id="5A345F43-835B-C877-03FF-E00A42F44140" directorySegmentName="seg_0">
   <createdBy>smharper</createdBy>
   <createdTime>2011-01-07 13:02:56 UTC</createdTime>
   <changedBy>smharper</changedBy>
   <changedTime>2011-01-07 13:02:56 UTC</changedTime>
   <ownerDesignName>OE</ownerDesignName>
</CollectionTypeProxyOraclev10g>