<?xml version = '1.0' encoding = 'UTF-8'?>
<CollectionTypeProxyOraclev10g class="oracle.dbtools.crest.model.design.storage.oracle.v10g.CollectionTypeProxyOraclev10g" name="ORDER_ITEM_LIST_TYP" id="B9EE7CD5-4752-FB22-EC60-3FB68FE23B2F" directorySegmentName="seg_0">
   <createdBy>smharper</createdBy>
   <createdTime>2011-01-07 13:02:56 UTC</createdTime>
   <changedBy>smharper</changedBy>
   <changedTime>2011-01-07 13:02:56 UTC</changedTime>
   <ownerDesignName>OE</ownerDesignName>
</CollectionTypeProxyOraclev10g>